#ifdef __has_include
    #if __has_include("lvgl.h")
        #ifndef LV_LVGL_H_INCLUDE_SIMPLE
            #define LV_LVGL_H_INCLUDE_SIMPLE
        #endif
    #endif
#endif

#if defined(LV_LVGL_H_INCLUDE_SIMPLE)
    #include "lvgl.h"
#else
    #include "lvgl/lvgl.h"
#endif

#ifndef LV_ATTRIBUTE_MEM_ALIGN
#define LV_ATTRIBUTE_MEM_ALIGN
#endif

#ifndef LV_ATTRIBUTE_LARGE_CONST
#define LV_ATTRIBUTE_LARGE_CONST
#endif

#ifndef LV_ATTRIBUTE_IMG_LORAMESH_PNG
#define LV_ATTRIBUTE_IMG_LORAMESH_PNG
#endif

const LV_ATTRIBUTE_MEM_ALIGN LV_ATTRIBUTE_LARGE_CONST LV_ATTRIBUTE_IMG_LORAMESH_PNG uint8_t loramesh_png_map[] = {
#if LV_COLOR_DEPTH == 16 && LV_COLOR_16_SWAP == 0
  /* Pixel format: RGB565 with alpha byte */
    0x00, 0x00, 0x00, 0x00, 0x00, 0x00, 0x00, 0x00, 0x00, 0x00, 0x00, 0x00,
    0x00, 0x00, 0x00, 0x00, 0x00, 0x00, 0x00, 0x00, 0x00, 0x00, 0x00, 0x00,
    0x00, 0x00, 0x00, 0x00, 0x00, 0x00, 0x00, 0x00, 0x00, 0x00, 0x00, 0x00,
    0x00, 0x00, 0x00, 0x00, 0x00, 0x00, 0x00, 0x00, 0x00, 0x00, 0x00, 0x00,
    0x00, 0x00, 0x00, 0x00, 0x00, 0x00, 0x00, 0x00, 0x00, 0x00, 0x00, 0x00,
    0x00, 0x00, 0x00, 0x00, 0x00, 0x00, 0x00, 0x00, 0x00, 0x00, 0x00, 0x00,
    0x00, 0x00, 0x00, 0x00, 0x00, 0x00, 0x00, 0x00, 0x00, 0x00, 0x00, 0x00,
    0x00, 0x00, 0x00, 0x00, 0x00, 0x00, 0x00, 0x00, 0x00, 0x00, 0x00, 0x00,
    0x00, 0x00, 0x00, 0x00, 0x00, 0x00, 0x00, 0x00, 0x00, 0x00, 0x00, 0x00,
    0x00, 0x00, 0x00, 0x00, 0x00, 0x00, 0x00, 0x00, 0x00, 0x00, 0x00, 0x00,
    0x00, 0x00, 0x00, 0x00, 0x00, 0x00, 0x00, 0x00, 0x00, 0x00, 0x00, 0x00,
    0x00, 0x00, 0x00, 0x00, 0x00, 0x00, 0x00, 0x00, 0x00, 0x00, 0x00, 0x00,
    0x00, 0x00, 0x00, 0x00, 0x00, 0x00, 0x00, 0x00, 0x00, 0x00, 0x00, 0x00,
    0x00, 0x00, 0x00, 0x00, 0x00, 0x00, 0x00, 0x00, 0x00, 0x00, 0x00, 0x00,
    0x00, 0x00, 0x00, 0x00, 0x00, 0x00, 0x00, 0x00, 0x00, 0x00, 0x00, 0x00,
    0x00, 0x00, 0x00, 0x00, 0x00, 0x00, 0x00, 0x00, 0x00, 0x00, 0x00, 0x00,
    0x00, 0x00, 0x00, 0x00, 0x00, 0x00, 0x00, 0x00, 0x00, 0x00, 0x00, 0x00,
    0x00, 0x00, 0x00, 0x00, 0x00, 0x00, 0x00, 0x00, 0x00, 0x00, 0x00, 0x00,
    0x00, 0x00, 0x00, 0x00, 0x00, 0x00, 0x00, 0x00, 0x00, 0x00, 0x00, 0x00,
    0x00, 0x00, 0x00, 0x00, 0x00, 0x00, 0x00, 0x00, 0x00, 0x00, 0x00, 0x00,
    0x00, 0x00, 0x00, 0x00, 0x00, 0x00, 0x00, 0x00, 0x00, 0x00, 0x00, 0x00,
    0x00, 0x00, 0x00, 0x00, 0x00, 0x00, 0x00, 0x00, 0x00, 0x00, 0x00, 0x00,
    0x00, 0x00, 0x00, 0x00, 0x00, 0x00, 0x00, 0x00, 0x00, 0x00, 0x00, 0x00,
    0x00, 0x00, 0x00, 0x00, 0x00, 0x00, 0x00, 0x00, 0x00, 0x00, 0x00, 0x00,
    0x00, 0x00, 0x00, 0x00, 0x00, 0x00, 0x00, 0x00, 0x00, 0x00, 0x00, 0x00,
    0x00, 0x00, 0x00, 0x00, 0x00, 0x00, 0x00, 0x00, 0x00, 0x00, 0x00, 0x00,
    0x00, 0x00, 0x00, 0x00, 0x00, 0x00, 0x00, 0x00, 0x00, 0x00, 0x00, 0x00,
    0x00, 0x00, 0x00, 0x00, 0x00, 0x00, 0x00, 0x00, 0x00, 0x00, 0x00, 0x00,
    0x00, 0x00, 0x00, 0x00, 0x00, 0x00, 0x00, 0x00, 0x00, 0x00, 0x00, 0x00,
    0x00, 0x00, 0x00, 0x00, 0x00, 0x00, 0x00, 0x00, 0x00, 0x00, 0x00, 0x00,
    0x00, 0x00, 0x00, 0x00, 0x00, 0x00, 0x00, 0x00, 0x00, 0x00, 0x00, 0x00,
    0x00, 0x00, 0x00, 0x00, 0x00, 0x00, 0x00, 0x00, 0x00, 0x00, 0x00, 0x00,
    0x00, 0x00, 0x00, 0x00, 0x00, 0x00, 0x00, 0x00, 0x00, 0x00, 0x00, 0x00,
    0x00, 0x00, 0x00, 0x00, 0x00, 0x00, 0x00, 0x00, 0x00, 0x00, 0x00, 0x00,
    0x00, 0x00, 0x00, 0x00, 0x00, 0x00, 0x00, 0x00, 0x00, 0xe9, 0x08, 0x28,
    0xe9, 0x00, 0x60, 0xea, 0x00, 0x89, 0xea, 0x00, 0x9f, 0xca, 0x00, 0xa5,
    0xea, 0x00, 0xa4, 0xea, 0x00, 0xa4, 0xca, 0x00, 0xa4, 0xca, 0x00, 0xa4,
    0xea, 0x00, 0xa4, 0xea, 0x00, 0xa4, 0xea, 0x00, 0xa4, 0xea, 0x00, 0xa4,
    0xea, 0x00, 0xa4, 0xea, 0x00, 0xa4, 0xea, 0x00, 0xa4, 0xea, 0x00, 0xa4,
    0xea, 0x00, 0xa4, 0xea, 0x00, 0xa4, 0xea, 0x00, 0xa5, 0xea, 0x00, 0xa5,
    0xea, 0x00, 0xa4, 0xea, 0x00, 0xa4, 0xea, 0x00, 0xa4, 0xea, 0x00, 0xa4,
    0xea, 0x00, 0xa4, 0xea, 0x00, 0xa4, 0xea, 0x00, 0xa4, 0xea, 0x00, 0xa4,
    0xea, 0x00, 0xa4, 0xea, 0x00, 0xa4, 0xea, 0x00, 0xa4, 0xea, 0x00, 0xa4,
    0xea, 0x00, 0xa4, 0xea, 0x00, 0xa4, 0xea, 0x00, 0xa4, 0xea, 0x00, 0xa4,
    0xea, 0x00, 0xa5, 0xea, 0x00, 0x9f, 0xea, 0x00, 0x8b, 0xe9, 0x00, 0x63,
    0xe9, 0x08, 0x2b, 0x00, 0x00, 0x00, 0x00, 0x00, 0x00, 0x00, 0x00, 0x00,
    0x00, 0x00, 0x00, 0x00, 0x00, 0x00, 0x00, 0x00, 0x00, 0x00, 0x00, 0x00,
    0x00, 0x00, 0x00, 0x00, 0x00, 0x00, 0x00, 0x00, 0x00, 0x00, 0x00, 0x00,
    0x00, 0x00, 0x00, 0x00, 0x00, 0x00, 0x00, 0x00, 0x00, 0x00, 0x00, 0x00,
    0x00, 0x00, 0x00, 0x00, 0x00, 0x00, 0x00, 0x00, 0x00, 0x00, 0x00, 0x00,
    0x00, 0x00, 0x00, 0xe9, 0x08, 0x5a, 0xe9, 0x00, 0xc2, 0xe9, 0x00, 0xfd,
    0xea, 0x00, 0xff, 0xea, 0x00, 0xff, 0xea, 0x00, 0xff, 0xea, 0x00, 0xff,
    0xea, 0x00, 0xff, 0xea, 0x00, 0xff, 0xea, 0x00, 0xff, 0xea, 0x00, 0xff,
    0xeb, 0x00, 0xff, 0xeb, 0x00, 0xff, 0xeb, 0x00, 0xff, 0xeb, 0x00, 0xff,
    0xeb, 0x00, 0xff, 0xeb, 0x00, 0xff, 0x0b, 0x01, 0xff, 0x0b, 0x01, 0xff,
    0x0b, 0x01, 0xff, 0x0b, 0x01, 0xff, 0x0b, 0x01, 0xff, 0x0b, 0x01, 0xff,
    0x0b, 0x01, 0xff, 0x0b, 0x01, 0xff, 0x0b, 0x01, 0xff, 0x0b, 0x01, 0xff,
    0x0b, 0x01, 0xff, 0x0b, 0x01, 0xff, 0x0b, 0x01, 0xff, 0x0b, 0x01, 0xff,
    0x0b, 0x01, 0xff, 0x0b, 0x01, 0xff, 0x0b, 0x01, 0xff, 0x0b, 0x01, 0xff,
    0x0b, 0x01, 0xff, 0xeb, 0x00, 0xff, 0xeb, 0x00, 0xff, 0xeb, 0x00, 0xff,
    0xeb, 0x00, 0xff, 0xeb, 0x00, 0xff, 0xeb, 0x00, 0xff, 0xeb, 0x00, 0xff,
    0xea, 0x00, 0xff, 0xea, 0x00, 0xc6, 0xe9, 0x08, 0x5f, 0x00, 0x00, 0x00,
    0x00, 0x00, 0x00, 0x00, 0x00, 0x00, 0x00, 0x00, 0x00, 0x00, 0x00, 0x00,
    0x00, 0x00, 0x00, 0x00, 0x00, 0x00, 0x00, 0x00, 0x00, 0x00, 0x00, 0x00,
    0x00, 0x00, 0x00, 0x00, 0x00, 0x00, 0x00, 0x00, 0x00, 0x00, 0x00, 0x00,
    0x00, 0x00, 0x00, 0x00, 0x00, 0x00, 0x00, 0x00, 0x00, 0xe7, 0x08, 0x2c,
    0xc9, 0x00, 0xc1, 0xea, 0x00, 0xff, 0xea, 0x00, 0xff, 0xea, 0x00, 0xff,
    0xea, 0x00, 0xff, 0xea, 0x00, 0xff, 0xea, 0x00, 0xff, 0xea, 0x00, 0xff,
    0xea, 0x00, 0xff, 0xea, 0x00, 0xff, 0xea, 0x00, 0xff, 0xea, 0x00, 0xff,
    0xea, 0x00, 0xff, 0xea, 0x00, 0xff, 0xea, 0x00, 0xff, 0xea, 0x00, 0xff,
    0xea, 0x00, 0xff, 0xea, 0x00, 0xff, 0xea, 0x00, 0xff, 0xea, 0x00, 0xff,
    0xea, 0x00, 0xff, 0x0b, 0x01, 0xff, 0x0b, 0x01, 0xff, 0xeb, 0x00, 0xff,
    0xeb, 0x00, 0xff, 0x0b, 0x01, 0xff, 0x0b, 0x01, 0xff, 0x0b, 0x01, 0xff,
    0xea, 0x00, 0xff, 0xea, 0x00, 0xff, 0xea, 0x00, 0xff, 0xea, 0x00, 0xff,
    0xea, 0x00, 0xff, 0xea, 0x00, 0xff, 0xea, 0x00, 0xff, 0xea, 0x00, 0xff,
    0xea, 0x00, 0xff, 0xea, 0x00, 0xff, 0xea, 0x00, 0xff, 0xea, 0x00, 0xff,
    0xea, 0x00, 0xff, 0xea, 0x00, 0xff, 0xea, 0x00, 0xff, 0xea, 0x00, 0xff,
    0xea, 0x00, 0xff, 0xea, 0x00, 0xff, 0xea, 0x00, 0xff, 0xe9, 0x00, 0xc6,
    0xe8, 0x08, 0x32, 0x00, 0x00, 0x00, 0x00, 0x00, 0x00, 0x00, 0x00, 0x00,
    0x00, 0x00, 0x00, 0x00, 0x00, 0x00, 0x00, 0x00, 0x00, 0x00, 0x00, 0x00,
    0x00, 0x00, 0x00, 0x00, 0x00, 0x00, 0x00, 0x00, 0x00, 0x00, 0x00, 0x00,
    0x00, 0x00, 0x00, 0x00, 0x00, 0x00, 0xe8, 0x08, 0x4f, 0xc9, 0x00, 0xf3,
    0xea, 0x00, 0xff, 0xc9, 0x00, 0xff, 0xc9, 0x00, 0xff, 0xc9, 0x00, 0xff,
    0xc9, 0x00, 0xff, 0xea, 0x00, 0xff, 0xea, 0x00, 0xff, 0xc9, 0x00, 0xff,
    0xea, 0x00, 0xff, 0xea, 0x00, 0xff, 0xea, 0x00, 0xff, 0xea, 0x00, 0xff,
    0xea, 0x00, 0xff, 0xea, 0x00, 0xff, 0xea, 0x00, 0xff, 0xea, 0x00, 0xff,
    0xea, 0x00, 0xff, 0xea, 0x00, 0xff, 0xea, 0x00, 0xff, 0xea, 0x00, 0xff,
    0x0a, 0x01, 0xff, 0x0b, 0x01, 0xff, 0xaf, 0x01, 0xff, 0x14, 0x13, 0xff,
    0x14, 0x13, 0xff, 0xaf, 0x01, 0xff, 0x0c, 0x01, 0xff, 0x0b, 0x01, 0xff,
    0xea, 0x00, 0xff, 0xea, 0x00, 0xff, 0xea, 0x00, 0xff, 0xea, 0x00, 0xff,
    0xea, 0x00, 0xff, 0xea, 0x00, 0xff, 0xea, 0x00, 0xff, 0xea, 0x00, 0xff,
    0xea, 0x00, 0xff, 0xea, 0x00, 0xff, 0xea, 0x00, 0xff, 0xea, 0x00, 0xff,
    0xea, 0x00, 0xff, 0xea, 0x00, 0xff, 0xea, 0x00, 0xff, 0xea, 0x00, 0xff,
    0xea, 0x00, 0xff, 0xea, 0x00, 0xff, 0xea, 0x00, 0xff, 0xea, 0x00, 0xff,
    0xea, 0x00, 0xf7, 0xc9, 0x08, 0x58, 0x00, 0x00, 0x00, 0x00, 0x00, 0x00,
    0x00, 0x00, 0x00, 0x00, 0x00, 0x00, 0x00, 0x00, 0x00, 0x00, 0x00, 0x00,
    0x00, 0x00, 0x00, 0x00, 0x00, 0x00, 0x00, 0x00, 0x00, 0x00, 0x00, 0x00,
    0x00, 0x00, 0x00, 0xc8, 0x08, 0x4c, 0xe9, 0x00, 0xff, 0xea, 0x00, 0xff,
    0xc9, 0x00, 0xff, 0xc9, 0x00, 0xff, 0xc9, 0x00, 0xff, 0xc9, 0x00, 0xff,
    0xc9, 0x00, 0xff, 0xe9, 0x00, 0xff, 0xea, 0x00, 0xff, 0xe9, 0x00, 0xff,
    0xea, 0x00, 0xff, 0xea, 0x00, 0xff, 0xea, 0x00, 0xff, 0xea, 0x00, 0xff,
    0xea, 0x00, 0xff, 0xea, 0x00, 0xff, 0xea, 0x00, 0xff, 0xea, 0x00, 0xff,
    0xea, 0x00, 0xff, 0xea, 0x00, 0xff, 0xea, 0x00, 0xff, 0xea, 0x00, 0xff,
    0x0b, 0x01, 0xff, 0x31, 0x02, 0xff, 0x3c, 0x2e, 0xff, 0xff, 0x37, 0xff,
    0xff, 0x2f, 0xff, 0x3c, 0x26, 0xff, 0x11, 0x02, 0xff, 0x0b, 0x01, 0xff,
    0xea, 0x00, 0xff, 0xea, 0x00, 0xff, 0xea, 0x00, 0xff, 0xea, 0x00, 0xff,
    0xea, 0x00, 0xff, 0xea, 0x00, 0xff, 0xea, 0x00, 0xff, 0xea, 0x00, 0xff,
    0xea, 0x00, 0xff, 0xea, 0x00, 0xff, 0xea, 0x00, 0xff, 0xea, 0x00, 0xff,
    0xea, 0x00, 0xff, 0xea, 0x00, 0xff, 0xea, 0x00, 0xff, 0xea, 0x00, 0xff,
    0xea, 0x00, 0xff, 0xea, 0x00, 0xff, 0xca, 0x00, 0xff, 0xca, 0x00, 0xff,
    0xea, 0x00, 0xff, 0xea, 0x00, 0xff, 0xe9, 0x08, 0x58, 0x00, 0x00, 0x00,
    0x00, 0x00, 0x00, 0x00, 0x00, 0x00, 0x00, 0x00, 0x00, 0x00, 0x00, 0x00,
    0x00, 0x00, 0x00, 0x00, 0x00, 0x00, 0x00, 0x00, 0x00, 0x00, 0x00, 0x00,
    0xc8, 0x08, 0x25, 0xc9, 0x00, 0xf4, 0xea, 0x00, 0xff, 0xc9, 0x00, 0xff,
    0xc9, 0x00, 0xff, 0xc9, 0x00, 0xff, 0xe9, 0x00, 0xff, 0xe9, 0x00, 0xff,
    0xc9, 0x00, 0xff, 0xc9, 0x00, 0xff, 0xe9, 0x00, 0xff, 0xe9, 0x00, 0xff,
    0xe9, 0x00, 0xff, 0xe9, 0x00, 0xff, 0xea, 0x00, 0xff, 0xea, 0x00, 0xff,
    0xea, 0x00, 0xff, 0xea, 0x00, 0xff, 0xea, 0x00, 0xff, 0xea, 0x00, 0xff,
    0xea, 0x00, 0xff, 0xea, 0x00, 0xff, 0xea, 0x00, 0xff, 0xea, 0x00, 0xff,
    0x0c, 0x01, 0xff, 0xd8, 0x0c, 0xff, 0xff, 0x17, 0xff, 0xff, 0x37, 0xff,
    0xff, 0x2f, 0xff, 0xff, 0x0f, 0xff, 0xb9, 0x0c, 0xff, 0x0c, 0x01, 0xff,
    0xea, 0x00, 0xff, 0xea, 0x00, 0xff, 0xea, 0x00, 0xff, 0xea, 0x00, 0xff,
    0xea, 0x00, 0xff, 0xea, 0x00, 0xff, 0xea, 0x00, 0xff, 0xea, 0x00, 0xff,
    0xea, 0x00, 0xff, 0xea, 0x00, 0xff, 0xea, 0x00, 0xff, 0xea, 0x00, 0xff,
    0xea, 0x00, 0xff, 0xea, 0x00, 0xff, 0xea, 0x00, 0xff, 0xea, 0x00, 0xff,
    0xea, 0x00, 0xff, 0xea, 0x00, 0xff, 0xea, 0x00, 0xff, 0xea, 0x00, 0xff,
    0xea, 0x00, 0xff, 0xea, 0x00, 0xff, 0xca, 0x00, 0xfa, 0xc9, 0x08, 0x2e,
    0x00, 0x00, 0x00, 0x00, 0x00, 0x00, 0x00, 0x00, 0x00, 0x00, 0x00, 0x00,
    0x00, 0x00, 0x00, 0x00, 0x00, 0x00, 0x00, 0x00, 0x00, 0x00, 0x00, 0x00,
    0xc9, 0x00, 0xc2, 0xea, 0x00, 0xff, 0xc9, 0x00, 0xff, 0xc9, 0x00, 0xff,
    0xc9, 0x00, 0xff, 0xc9, 0x00, 0xff, 0xe9, 0x00, 0xff, 0xc9, 0x00, 0xff,
    0xc9, 0x00, 0xff, 0xc9, 0x00, 0xff, 0xc9, 0x00, 0xff, 0xc9, 0x00, 0xff,
    0xe9, 0x00, 0xff, 0xe9, 0x00, 0xff, 0xea, 0x00, 0xff, 0xea, 0x00, 0xff,
    0xea, 0x00, 0xff, 0xea, 0x00, 0xff, 0xea, 0x00, 0xff, 0xea, 0x00, 0xff,
    0xea, 0x00, 0xff, 0xea, 0x00, 0xff, 0xea, 0x00, 0xff, 0xc9, 0x00, 0xff,
    0x2d, 0x01, 0xff, 0xfc, 0x05, 0xff, 0xff, 0x06, 0xff, 0xbf, 0x0f, 0xff,
    0x5f, 0x07, 0xff, 0x9f, 0x06, 0xff, 0xbc, 0x0d, 0xff, 0x2d, 0x01, 0xff,
    0xca, 0x00, 0xff, 0xea, 0x00, 0xff, 0xea, 0x00, 0xff, 0xea, 0x00, 0xff,
    0xea, 0x00, 0xff, 0xea, 0x00, 0xff, 0xea, 0x00, 0xff, 0xea, 0x00, 0xff,
    0xea, 0x00, 0xff, 0xea, 0x00, 0xff, 0xea, 0x00, 0xff, 0xea, 0x00, 0xff,
    0xea, 0x00, 0xff, 0xea, 0x00, 0xff, 0xea, 0x00, 0xff, 0xea, 0x00, 0xff,
    0xea, 0x00, 0xff, 0xea, 0x00, 0xff, 0xea, 0x00, 0xff, 0xea, 0x00, 0xff,
    0xea, 0x00, 0xff, 0xc9, 0x00, 0xff, 0xea, 0x00, 0xff, 0xc9, 0x00, 0xcc,
    0x00, 0xf8, 0x01, 0x00, 0x00, 0x00, 0x00, 0x00, 0x00, 0x00, 0x00, 0x00,
    0x00, 0x00, 0x00, 0x00, 0x00, 0x00, 0x00, 0x00, 0x00, 0xe8, 0x08, 0x4e,
    0xea, 0x00, 0xff, 0xc9, 0x00, 0xff, 0xc9, 0x00, 0xff, 0xc9, 0x00, 0xff,
    0xc9, 0x00, 0xff, 0xc9, 0x00, 0xff, 0xe9, 0x00, 0xff, 0xe9, 0x00, 0xff,
    0xc9, 0x00, 0xff, 0xc9, 0x00, 0xff, 0xc9, 0x00, 0xff, 0xc9, 0x00, 0xff,
    0xe9, 0x00, 0xff, 0xe9, 0x00, 0xff, 0xe9, 0x00, 0xff, 0xe9, 0x00, 0xff,
    0xea, 0x00, 0xff, 0xea, 0x00, 0xff, 0xea, 0x00, 0xff, 0xea, 0x00, 0xff,
    0xc9, 0x00, 0xff, 0xa9, 0x00, 0xff, 0x0a, 0x01, 0xff, 0x0e, 0x02, 0xff,
    0x13, 0x03, 0xff, 0x1a, 0x05, 0xff, 0x7f, 0x06, 0xff, 0x5f, 0x05, 0xff,
    0xfe, 0x04, 0xff, 0x1f, 0x0e, 0xff, 0xda, 0x04, 0xff, 0xf2, 0x02, 0xff,
    0x0f, 0x02, 0xff, 0x0b, 0x01, 0xff, 0xaa, 0x00, 0xff, 0xea, 0x00, 0xff,
    0xea, 0x00, 0xff, 0xea, 0x00, 0xff, 0xea, 0x00, 0xff, 0xea, 0x00, 0xff,
    0xea, 0x00, 0xff, 0xea, 0x00, 0xff, 0xea, 0x00, 0xff, 0xea, 0x00, 0xff,
    0xea, 0x00, 0xff, 0xea, 0x00, 0xff, 0xea, 0x00, 0xff, 0xea, 0x00, 0xff,
    0xea, 0x00, 0xff, 0xea, 0x00, 0xff, 0xea, 0x00, 0xff, 0xea, 0x00, 0xff,
    0xea, 0x00, 0xff, 0xc9, 0x00, 0xff, 0xc9, 0x00, 0xff, 0xea, 0x00, 0xff,
    0xe9, 0x08, 0x58, 0x00, 0x00, 0x00, 0x00, 0x00, 0x00, 0x00, 0x00, 0x00,
    0x00, 0x00, 0x00, 0x00, 0x00, 0x00, 0x00, 0x00, 0x00, 0xc9, 0x00, 0xbf,
    0xca, 0x00, 0xff, 0xc9, 0x00, 0xff, 0xc9, 0x00, 0xff, 0xc9, 0x00, 0xff,
    0xc9, 0x00, 0xff, 0xc9, 0x00, 0xff, 0xc9, 0x00, 0xff, 0xc9, 0x00, 0xff,
    0xc9, 0x00, 0xff, 0xc9, 0x00, 0xff, 0xc9, 0x00, 0xff, 0xc9, 0x00, 0xff,
    0xc9, 0x00, 0xff, 0xc9, 0x00, 0xff, 0xe9, 0x00, 0xff, 0xe9, 0x00, 0xff,
    0xe9, 0x00, 0xff, 0xea, 0x00, 0xff, 0xc9, 0x00, 0xff, 0x89, 0x00, 0xff,
    0x0b, 0x01, 0xff, 0x50, 0x02, 0xff, 0x33, 0x03, 0xff, 0x91, 0x02, 0xff,
    0x4c, 0x01, 0xff, 0xaf, 0x01, 0xff, 0xda, 0x0c, 0xff, 0xbd, 0x0d, 0xff,
    0x9e, 0x0d, 0xff, 0x7a, 0x04, 0xff, 0x8e, 0x01, 0xff, 0x6c, 0x01, 0xff,
    0x70, 0x02, 0xff, 0xf2, 0x02, 0xff, 0x70, 0x02, 0xff, 0x4c, 0x01, 0xff,
    0xaa, 0x00, 0xff, 0xca, 0x00, 0xff, 0xea, 0x00, 0xff, 0xea, 0x00, 0xff,
    0xea, 0x00, 0xff, 0xea, 0x00, 0xff, 0xea, 0x00, 0xff, 0xea, 0x00, 0xff,
    0xea, 0x00, 0xff, 0xea, 0x00, 0xff, 0xea, 0x00, 0xff, 0xea, 0x00, 0xff,
    0xea, 0x00, 0xff, 0xea, 0x00, 0xff, 0xea, 0x00, 0xff, 0xca, 0x00, 0xff,
    0xc9, 0x00, 0xff, 0xc9, 0x00, 0xff, 0xc9, 0x00, 0xff, 0xca, 0x00, 0xff,
    0xc9, 0x00, 0xc8, 0x00, 0x00, 0x00, 0x00, 0x00, 0x00, 0x00, 0x00, 0x00,
    0x00, 0x00, 0x00, 0x00, 0x00, 0x00, 0xc7, 0x10, 0x1e, 0xc8, 0x00, 0xfb,
    0xc9, 0x00, 0xff, 0xc9, 0x00, 0xff, 0xc9, 0x00, 0xff, 0xc9, 0x00, 0xff,
    0xc9, 0x00, 0xff, 0xc9, 0x00, 0xff, 0xc9, 0x00, 0xff, 0xc9, 0x00, 0xff,
    0xc9, 0x00, 0xff, 0xc9, 0x00, 0xff, 0xc9, 0x00, 0xff, 0xc9, 0x00, 0xff,
    0xc9, 0x00, 0xff, 0xc9, 0x00, 0xff, 0xc9, 0x00, 0xff, 0xe9, 0x00, 0xff,
    0xc9, 0x00, 0xff, 0xa9, 0x00, 0xff, 0x0b, 0x01, 0xff, 0x91, 0x02, 0xff,
    0x13, 0x03, 0xff, 0x4f, 0x02, 0xff, 0x2b, 0x01, 0xff, 0xa9, 0x00, 0xff,
    0xea, 0x00, 0xff, 0x0b, 0x01, 0xff, 0x2d, 0x01, 0xff, 0x55, 0x03, 0xff,
    0x55, 0x03, 0xff, 0x2d, 0x01, 0xff, 0x0b, 0x01, 0xff, 0xea, 0x00, 0xff,
    0xaa, 0x00, 0xff, 0x0b, 0x01, 0xff, 0x2f, 0x02, 0xff, 0xf2, 0x02, 0xff,
    0xb1, 0x02, 0xff, 0xad, 0x01, 0xff, 0xca, 0x00, 0xff, 0xca, 0x00, 0xff,
    0xea, 0x00, 0xff, 0xea, 0x00, 0xff, 0xea, 0x00, 0xff, 0xea, 0x00, 0xff,
    0xea, 0x00, 0xff, 0xea, 0x00, 0xff, 0xea, 0x00, 0xff, 0xea, 0x00, 0xff,
    0xea, 0x00, 0xff, 0xea, 0x00, 0xff, 0xea, 0x00, 0xff, 0xca, 0x00, 0xff,
    0xc9, 0x00, 0xff, 0xc9, 0x00, 0xff, 0xc9, 0x00, 0xff, 0xc9, 0x00, 0xff,
    0xc9, 0x00, 0xfe, 0xc8, 0x08, 0x25, 0x00, 0x00, 0x00, 0x00, 0x00, 0x00,
    0x00, 0x00, 0x00, 0x00, 0x00, 0x00, 0xa8, 0x08, 0x57, 0xc9, 0x00, 0xff,
    0xc9, 0x00, 0xff, 0xc9, 0x00, 0xff, 0xc9, 0x00, 0xff, 0xc9, 0x00, 0xff,
    0xc9, 0x00, 0xff, 0xc9, 0x00, 0xff, 0xc9, 0x00, 0xff, 0xc9, 0x00, 0xff,
    0xc9, 0x00, 0xff, 0xc9, 0x00, 0xff, 0xc9, 0x00, 0xff, 0xc9, 0x00, 0xff,
    0xc9, 0x00, 0xff, 0xe9, 0x00, 0xff, 0xa9, 0x00, 0xff, 0xa9, 0x00, 0xff,
    0x6c, 0x01, 0xff, 0x70, 0x02, 0xff, 0x12, 0x03, 0xff, 0x2f, 0x02, 0xff,
    0xea, 0x00, 0xff, 0xa9, 0x00, 0xff, 0xca, 0x00, 0xff, 0xea, 0x00, 0xff,
    0xea, 0x00, 0xff, 0xea, 0x00, 0xff, 0xa9, 0x00, 0xff, 0x50, 0x02, 0xff,
    0x50, 0x02, 0xff, 0xa9, 0x00, 0xff, 0x0b, 0x01, 0xff, 0xea, 0x00, 0xff,
    0xea, 0x00, 0xff, 0xea, 0x00, 0xff, 0xca, 0x00, 0xff, 0xca, 0x00, 0xff,
    0xad, 0x01, 0xff, 0xf2, 0x02, 0xff, 0xf2, 0x02, 0xff, 0xce, 0x01, 0xff,
    0xca, 0x00, 0xff, 0xa9, 0x00, 0xff, 0xea, 0x00, 0xff, 0xea, 0x00, 0xff,
    0xea, 0x00, 0xff, 0xea, 0x00, 0xff, 0xea, 0x00, 0xff, 0xea, 0x00, 0xff,
    0xea, 0x00, 0xff, 0xea, 0x00, 0xff, 0xea, 0x00, 0xff, 0xca, 0x00, 0xff,
    0xca, 0x00, 0xff, 0xc9, 0x00, 0xff, 0xc9, 0x00, 0xff, 0xc9, 0x00, 0xff,
    0xca, 0x00, 0xff, 0xc8, 0x08, 0x5e, 0x00, 0x00, 0x00, 0x00, 0x00, 0x00,
    0x00, 0x00, 0x00, 0x00, 0x00, 0x00, 0xc8, 0x00, 0x7f, 0xc9, 0x00, 0xff,
    0xc9, 0x00, 0xff, 0xc9, 0x00, 0xff, 0xc9, 0x00, 0xff, 0xc9, 0x00, 0xff,
    0xc9, 0x00, 0xff, 0xea, 0x00, 0xff, 0xeb, 0x00, 0xff, 0xeb, 0x00, 0xff,
    0xeb, 0x00, 0xff, 0x0b, 0x01, 0xff, 0xea, 0x00, 0xff, 0xea, 0x00, 0xff,
    0xa9, 0x00, 0xff, 0x89, 0x00, 0xff, 0x8c, 0x01, 0xff, 0xb1, 0x02, 0xff,
    0x33, 0x03, 0xff, 0xee, 0x01, 0xff, 0xca, 0x00, 0xff, 0xa9, 0x00, 0xff,
    0xea, 0x00, 0xff, 0xea, 0x00, 0xff, 0xea, 0x00, 0xff, 0xea, 0x00, 0xff,
    0xea, 0x00, 0xff, 0xea, 0x00, 0xff, 0xa9, 0x00, 0xff, 0x50, 0x02, 0xff,
    0x50, 0x02, 0xff, 0xaa, 0x00, 0xff, 0xeb, 0x00, 0xff, 0xeb, 0x00, 0xff,
    0x0b, 0x01, 0xff, 0x0b, 0x01, 0xff, 0x0b, 0x01, 0xff, 0xea, 0x00, 0xff,
    0xca, 0x00, 0xff, 0xa9, 0x00, 0xff, 0x8d, 0x01, 0xff, 0xd2, 0x02, 0xff,
    0x12, 0x03, 0xff, 0x0f, 0x02, 0xff, 0xca, 0x00, 0xff, 0xa9, 0x00, 0xff,
    0xea, 0x00, 0xff, 0x0b, 0x01, 0xff, 0x0b, 0x01, 0xff, 0x0c, 0x01, 0xff,
    0xec, 0x00, 0xff, 0xec, 0x00, 0xff, 0x0b, 0x01, 0xff, 0xea, 0x00, 0xff,
    0xea, 0x00, 0xff, 0xc9, 0x00, 0xff, 0xc9, 0x00, 0xff, 0xc9, 0x00, 0xff,
    0xca, 0x00, 0xff, 0xc8, 0x00, 0x84, 0x00, 0x00, 0x00, 0x00, 0x00, 0x00,
    0x00, 0x00, 0x00, 0x00, 0x00, 0x00, 0xc8, 0x00, 0x90, 0xc9, 0x00, 0xff,
    0xc9, 0x00, 0xff, 0xc9, 0x00, 0xff, 0xc9, 0x00, 0xff, 0xc9, 0x00, 0xff,
    0x0a, 0x01, 0xff, 0x4d, 0x01, 0xff, 0xf4, 0x12, 0xff, 0xf6, 0x1b, 0xff,
    0x14, 0x13, 0xff, 0x4e, 0x01, 0xff, 0xeb, 0x00, 0xff, 0xa9, 0x00, 0xff,
    0x8c, 0x01, 0xff, 0xd1, 0x02, 0xff, 0xf1, 0x02, 0xff, 0xce, 0x01, 0xff,
    0xa9, 0x00, 0xff, 0xa9, 0x00, 0xff, 0xea, 0x00, 0xff, 0xea, 0x00, 0xff,
    0xea, 0x00, 0xff, 0xea, 0x00, 0xff, 0xea, 0x00, 0xff, 0xea, 0x00, 0xff,
    0xea, 0x00, 0xff, 0xeb, 0x00, 0xff, 0xca, 0x00, 0xff, 0x30, 0x02, 0xff,
    0x50, 0x02, 0xff, 0xca, 0x00, 0xff, 0x0b, 0x01, 0xff, 0x0b, 0x01, 0xff,
    0x0b, 0x01, 0xff, 0x0b, 0x01, 0xff, 0x0b, 0x01, 0xff, 0xeb, 0x00, 0xff,
    0xeb, 0x00, 0xff, 0xea, 0x00, 0xff, 0xca, 0x00, 0xff, 0xa9, 0x00, 0xff,
    0x6c, 0x01, 0xff, 0xb1, 0x02, 0xff, 0xf2, 0x02, 0xff, 0x0e, 0x02, 0xff,
    0xeb, 0x00, 0xff, 0xeb, 0x00, 0xff, 0x6f, 0x01, 0xff, 0x35, 0x13, 0xff,
    0x17, 0x1c, 0xff, 0xf4, 0x0a, 0xff, 0x4e, 0x01, 0xff, 0x0b, 0x01, 0xff,
    0xea, 0x00, 0xff, 0xca, 0x00, 0xff, 0xc9, 0x00, 0xff, 0xc9, 0x00, 0xff,
    0xca, 0x00, 0xff, 0xc8, 0x00, 0x96, 0x00, 0x00, 0x00, 0x00, 0x00, 0x00,
    0x00, 0x00, 0x00, 0x00, 0x00, 0x00, 0xc8, 0x00, 0x93, 0xc9, 0x00, 0xff,
    0xc9, 0x00, 0xff, 0xc9, 0x00, 0xff, 0xc9, 0x00, 0xff, 0xea, 0x00, 0xff,
    0x2c, 0x01, 0xff, 0x57, 0x14, 0xff, 0xdf, 0x2f, 0xff, 0xff, 0x37, 0xff,
    0xff, 0x27, 0xff, 0x98, 0x14, 0xff, 0xf0, 0x01, 0xff, 0xf1, 0x02, 0xff,
    0xd1, 0x02, 0xff, 0xad, 0x01, 0xff, 0xa9, 0x00, 0xff, 0xa9, 0x00, 0xff,
    0xea, 0x00, 0xff, 0xea, 0x00, 0xff, 0xea, 0x00, 0xff, 0xea, 0x00, 0xff,
    0xca, 0x00, 0xff, 0xea, 0x00, 0xff, 0x0b, 0x01, 0xff, 0xeb, 0x00, 0xff,
    0x0b, 0x01, 0xff, 0x0b, 0x01, 0xff, 0xca, 0x00, 0xff, 0x50, 0x02, 0xff,
    0x50, 0x02, 0xff, 0xca, 0x00, 0xff, 0x0b, 0x01, 0xff, 0x0b, 0x01, 0xff,
    0x0b, 0x01, 0xff, 0x0b, 0x01, 0xff, 0xeb, 0x00, 0xff, 0xca, 0x00, 0xff,
    0x0b, 0x01, 0xff, 0xeb, 0x00, 0xff, 0xea, 0x00, 0xff, 0xea, 0x00, 0xff,
    0xca, 0x00, 0xff, 0x89, 0x00, 0xff, 0x2c, 0x01, 0xff, 0xb1, 0x02, 0xff,
    0xf2, 0x02, 0xff, 0x72, 0x02, 0xff, 0xd9, 0x1c, 0xff, 0xff, 0x2f, 0xff,
    0xff, 0x2f, 0xff, 0xdf, 0x27, 0xff, 0x37, 0x0c, 0xff, 0x2d, 0x01, 0xff,
    0xea, 0x00, 0xff, 0xc9, 0x00, 0xff, 0xc9, 0x00, 0xff, 0xc9, 0x00, 0xff,
    0xca, 0x00, 0xff, 0xc8, 0x00, 0x99, 0x00, 0x00, 0x00, 0x00, 0x00, 0x00,
    0x00, 0x00, 0x00, 0x00, 0x00, 0x00, 0xc8, 0x00, 0x92, 0xc9, 0x00, 0xff,
    0xc9, 0x00, 0xff, 0xc9, 0x00, 0xff, 0xc9, 0x00, 0xff, 0xea, 0x00, 0xff,
    0x30, 0x02, 0xff, 0x3e, 0x0f, 0xff, 0xff, 0x1f, 0xff, 0xff, 0x3f, 0xff,
    0xff, 0x17, 0xff, 0x7f, 0x0f, 0xff, 0x37, 0x04, 0xff, 0x6d, 0x01, 0xff,
    0xa9, 0x00, 0xff, 0xa9, 0x00, 0xff, 0xe9, 0x00, 0xff, 0xea, 0x00, 0xff,
    0xea, 0x00, 0xff, 0xea, 0x00, 0xff, 0x0b, 0x01, 0xff, 0xaa, 0x00, 0xff,
    0x8d, 0x01, 0xff, 0x6c, 0x01, 0xff, 0x0b, 0x01, 0xff, 0x0b, 0x01, 0xff,
    0x0b, 0x01, 0xff, 0x0c, 0x01, 0xff, 0xeb, 0x00, 0xff, 0x30, 0x02, 0xff,
    0x31, 0x02, 0xff, 0xeb, 0x00, 0xff, 0x0c, 0x01, 0xff, 0x0b, 0x01, 0xff,
    0x0b, 0x01, 0xff, 0x0b, 0x01, 0xff, 0x6c, 0x01, 0xff, 0x8d, 0x01, 0xff,
    0xaa, 0x00, 0xff, 0x0b, 0x01, 0xff, 0xeb, 0x00, 0xff, 0xea, 0x00, 0xff,
    0xea, 0x00, 0xff, 0xea, 0x00, 0xff, 0xca, 0x00, 0xff, 0x89, 0x00, 0xff,
    0x4c, 0x01, 0xff, 0x37, 0x04, 0xff, 0xbf, 0x17, 0xff, 0xff, 0x1f, 0xff,
    0xff, 0x37, 0xff, 0xff, 0x0f, 0xff, 0xfe, 0x0e, 0xff, 0x10, 0x02, 0xff,
    0xeb, 0x00, 0xff, 0xca, 0x00, 0xff, 0xc9, 0x00, 0xff, 0xc9, 0x00, 0xff,
    0xca, 0x00, 0xff, 0xc8, 0x00, 0x98, 0x00, 0x00, 0x00, 0x00, 0x00, 0x00,
    0x00, 0x00, 0x00, 0x00, 0x00, 0x00, 0xc8, 0x00, 0x92, 0xc9, 0x00, 0xff,
    0xc9, 0x00, 0xff, 0xc8, 0x00, 0xff, 0xc9, 0x00, 0xff, 0xca, 0x00, 0xff,
    0xb1, 0x02, 0xff, 0xde, 0x06, 0xff, 0xff, 0x06, 0xff, 0x3f, 0x07, 0xff,
    0x5f, 0x06, 0xff, 0xbf, 0x0e, 0xff, 0xf3, 0x02, 0xff, 0xaa, 0x00, 0xff,
    0xc9, 0x00, 0xff, 0xc9, 0x00, 0xff, 0xc9, 0x00, 0xff, 0xea, 0x00, 0xff,
    0xea, 0x00, 0xff, 0x0a, 0x01, 0xff, 0x8a, 0x00, 0xff, 0xb0, 0x02, 0xff,
    0x9e, 0x17, 0xff, 0x96, 0x0c, 0xff, 0x8a, 0x00, 0xff, 0x2c, 0x01, 0xff,
    0x2c, 0x01, 0xff, 0x2c, 0x01, 0xff, 0x0c, 0x01, 0xff, 0x31, 0x02, 0xff,
    0x11, 0x02, 0xff, 0x0b, 0x01, 0xff, 0x2c, 0x01, 0xff, 0x2c, 0x01, 0xff,
    0x0c, 0x01, 0xff, 0x8a, 0x00, 0xff, 0x35, 0x0c, 0xff, 0xbf, 0x17, 0xff,
    0xb0, 0x02, 0xff, 0x8a, 0x00, 0xff, 0x0b, 0x01, 0xff, 0xea, 0x00, 0xff,
    0xea, 0x00, 0xff, 0xea, 0x00, 0xff, 0xea, 0x00, 0xff, 0xea, 0x00, 0xff,
    0xca, 0x00, 0xff, 0x53, 0x03, 0xff, 0xff, 0x06, 0xff, 0xff, 0x06, 0xff,
    0x1f, 0x07, 0xff, 0xff, 0x05, 0xff, 0x5e, 0x0e, 0xff, 0x71, 0x02, 0xff,
    0xea, 0x00, 0xff, 0xc9, 0x00, 0xff, 0xc9, 0x00, 0xff, 0xc9, 0x00, 0xff,
    0xc9, 0x00, 0xff, 0xc8, 0x00, 0x98, 0x00, 0x00, 0x00, 0x00, 0x00, 0x00,
    0x00, 0x00, 0x00, 0x00, 0x00, 0x00, 0xc8, 0x00, 0x91, 0xc9, 0x00, 0xff,
    0xc8, 0x00, 0xff, 0xc8, 0x00, 0xff, 0xc9, 0x00, 0xff, 0xc9, 0x00, 0xff,
    0x8d, 0x01, 0xff, 0x9b, 0x0d, 0xff, 0xff, 0x05, 0xff, 0xfe, 0x04, 0xff,
    0x5e, 0x05, 0xff, 0x3e, 0x06, 0xff, 0xf3, 0x02, 0xff, 0xca, 0x00, 0xff,
    0x88, 0x00, 0xff, 0xc9, 0x00, 0xff, 0xc9, 0x00, 0xff, 0xea, 0x00, 0xff,
    0xea, 0x00, 0xff, 0xaa, 0x00, 0xff, 0x4f, 0x02, 0xff, 0xff, 0x17, 0xff,
    0x7b, 0x0e, 0xff, 0xae, 0x01, 0xff, 0xcb, 0x00, 0xff, 0xab, 0x00, 0xff,
    0x2d, 0x01, 0xff, 0x4d, 0x01, 0xff, 0x2d, 0x01, 0xff, 0xf1, 0x01, 0xff,
    0xf1, 0x01, 0xff, 0x2d, 0x01, 0xff, 0x4d, 0x01, 0xff, 0x4d, 0x01, 0xff,
    0xab, 0x00, 0xff, 0xcb, 0x00, 0xff, 0x8d, 0x01, 0xff, 0x3b, 0x0e, 0xff,
    0xff, 0x17, 0xff, 0x70, 0x02, 0xff, 0x8a, 0x00, 0xff, 0xea, 0x00, 0xff,
    0xea, 0x00, 0xff, 0xea, 0x00, 0xff, 0xca, 0x00, 0xff, 0xa9, 0x00, 0xff,
    0xca, 0x00, 0xff, 0x32, 0x03, 0xff, 0xde, 0x06, 0xff, 0xbf, 0x05, 0xff,
    0xde, 0x04, 0xff, 0x7f, 0x05, 0xff, 0x1a, 0x0d, 0xff, 0x6d, 0x01, 0xff,
    0xea, 0x00, 0xff, 0xc9, 0x00, 0xff, 0xc9, 0x00, 0xff, 0xc9, 0x00, 0xff,
    0xc9, 0x00, 0xff, 0xc8, 0x00, 0x98, 0x00, 0x00, 0x00, 0x00, 0x00, 0x00,
    0x00, 0x00, 0x00, 0x00, 0x00, 0x00, 0xc8, 0x00, 0x92, 0xc9, 0x00, 0xff,
    0xa8, 0x00, 0xff, 0xc8, 0x00, 0xff, 0xc8, 0x00, 0xff, 0xc9, 0x00, 0xff,
    0xe9, 0x00, 0xff, 0x50, 0x02, 0xff, 0x5b, 0x0d, 0xff, 0x7d, 0x0d, 0xff,
    0xfb, 0x04, 0xff, 0xd3, 0x02, 0xff, 0x70, 0x02, 0xff, 0xf2, 0x02, 0xff,
    0x0e, 0x02, 0xff, 0xa9, 0x00, 0xff, 0xa9, 0x00, 0xff, 0xea, 0x00, 0xff,
    0xca, 0x00, 0xff, 0x2c, 0x01, 0xff, 0x3d, 0x17, 0xff, 0xbc, 0x16, 0xff,
    0x2d, 0x01, 0xff, 0x8b, 0x00, 0xff, 0x30, 0x02, 0xff, 0xd4, 0x0b, 0xff,
    0x6e, 0x01, 0xff, 0x4e, 0x01, 0xff, 0x6e, 0x01, 0xff, 0xb1, 0x01, 0xff,
    0xb1, 0x01, 0xff, 0x4e, 0x01, 0xff, 0x4e, 0x01, 0xff, 0x4e, 0x01, 0xff,
    0xd4, 0x0b, 0xff, 0x50, 0x02, 0xff, 0x6a, 0x00, 0xff, 0xeb, 0x00, 0xff,
    0x7b, 0x0e, 0xff, 0x7e, 0x17, 0xff, 0x2c, 0x01, 0xff, 0xca, 0x00, 0xff,
    0xea, 0x00, 0xff, 0xa9, 0x00, 0xff, 0xea, 0x00, 0xff, 0xee, 0x01, 0xff,
    0xb0, 0x02, 0xff, 0x4f, 0x02, 0xff, 0x74, 0x03, 0xff, 0x7b, 0x0d, 0xff,
    0x7c, 0x0d, 0xff, 0x1a, 0x05, 0xff, 0x30, 0x02, 0xff, 0xea, 0x00, 0xff,
    0xc9, 0x00, 0xff, 0xc9, 0x00, 0xff, 0xc9, 0x00, 0xff, 0xc9, 0x00, 0xff,
    0xc9, 0x00, 0xff, 0xa8, 0x00, 0x98, 0x00, 0x00, 0x00, 0x00, 0x00, 0x00,
    0x00, 0x00, 0x00, 0x00, 0x00, 0x00, 0xc8, 0x00, 0x92, 0xc9, 0x00, 0xff,
    0xa8, 0x00, 0xff, 0xa8, 0x00, 0xff, 0xa8, 0x00, 0xff, 0xc8, 0x00, 0xff,
    0xc8, 0x00, 0xff, 0xea, 0x00, 0xff, 0x53, 0x03, 0xff, 0xf0, 0x01, 0xff,
    0x6d, 0x01, 0xff, 0xea, 0x00, 0xff, 0xa9, 0x00, 0xff, 0x0a, 0x01, 0xff,
    0x6f, 0x02, 0xff, 0xf2, 0x02, 0xff, 0x0e, 0x02, 0xff, 0xea, 0x00, 0xff,
    0x69, 0x00, 0xff, 0xb6, 0x0c, 0xff, 0xff, 0x17, 0xff, 0x0f, 0x02, 0xff,
    0x6b, 0x00, 0xff, 0x91, 0x02, 0xff, 0xbf, 0x1f, 0xff, 0x3e, 0x17, 0xff,
    0x6f, 0x01, 0xff, 0x6f, 0x01, 0xff, 0x90, 0x01, 0xff, 0xb1, 0x01, 0xff,
    0xb1, 0x01, 0xff, 0x6f, 0x01, 0xff, 0x4f, 0x01, 0xff, 0x4e, 0x01, 0xff,
    0x1d, 0x17, 0xff, 0xdf, 0x17, 0xff, 0x91, 0x02, 0xff, 0x49, 0x00, 0xff,
    0xad, 0x01, 0xff, 0xff, 0x17, 0xff, 0x17, 0x0d, 0xff, 0x69, 0x00, 0xff,
    0x2b, 0x01, 0xff, 0x4f, 0x02, 0xff, 0xd1, 0x02, 0xff, 0x2e, 0x02, 0xff,
    0x0a, 0x01, 0xff, 0xa9, 0x00, 0xff, 0xea, 0x00, 0xff, 0x8d, 0x01, 0xff,
    0x70, 0x02, 0xff, 0x53, 0x03, 0xff, 0xa9, 0x00, 0xff, 0xc9, 0x00, 0xff,
    0xc9, 0x00, 0xff, 0xa9, 0x00, 0xff, 0xa9, 0x00, 0xff, 0xa9, 0x00, 0xff,
    0xc9, 0x00, 0xff, 0xa8, 0x00, 0x98, 0x00, 0x00, 0x00, 0x00, 0x00, 0x00,
    0x00, 0x00, 0x00, 0x00, 0x00, 0x00, 0xc8, 0x00, 0x92, 0xc9, 0x00, 0xff,
    0xa8, 0x00, 0xff, 0xa8, 0x00, 0xff, 0xa8, 0x00, 0xff, 0xa8, 0x00, 0xff,
    0x88, 0x00, 0xff, 0x6b, 0x01, 0xff, 0xf1, 0x02, 0xff, 0x88, 0x00, 0xff,
    0xc8, 0x00, 0xff, 0xc9, 0x00, 0xff, 0xc9, 0x00, 0xff, 0xa8, 0x00, 0xff,
    0x88, 0x00, 0xff, 0x0a, 0x01, 0xff, 0x70, 0x02, 0xff, 0x92, 0x02, 0xff,
    0xae, 0x01, 0xff, 0xdf, 0x17, 0xff, 0xb7, 0x0c, 0xff, 0x4a, 0x00, 0xff,
    0xaf, 0x01, 0xff, 0x9e, 0x17, 0xff, 0x9c, 0x16, 0xff, 0xb0, 0x01, 0xff,
    0xee, 0x00, 0xff, 0x30, 0x01, 0xff, 0xb1, 0x01, 0xff, 0xd2, 0x01, 0xff,
    0xd2, 0x01, 0xff, 0xb1, 0x01, 0xff, 0x2f, 0x01, 0xff, 0xee, 0x00, 0xff,
    0x6e, 0x01, 0xff, 0x7b, 0x0e, 0xff, 0xbf, 0x17, 0xff, 0xae, 0x01, 0xff,
    0x29, 0x00, 0xff, 0x75, 0x04, 0xff, 0xff, 0x0f, 0xff, 0xcf, 0x01, 0xff,
    0x52, 0x02, 0xff, 0x2f, 0x02, 0xff, 0xea, 0x00, 0xff, 0x88, 0x00, 0xff,
    0xc9, 0x00, 0xff, 0xc9, 0x00, 0xff, 0xc9, 0x00, 0xff, 0xa8, 0x00, 0xff,
    0xa8, 0x00, 0xff, 0xf1, 0x02, 0xff, 0x0a, 0x01, 0xff, 0xa8, 0x00, 0xff,
    0xc9, 0x00, 0xff, 0xa8, 0x00, 0xff, 0xa8, 0x00, 0xff, 0xa8, 0x00, 0xff,
    0xc9, 0x00, 0xff, 0xa8, 0x00, 0x98, 0x00, 0x00, 0x00, 0x00, 0x00, 0x00,
    0x00, 0x00, 0x00, 0x00, 0x00, 0x00, 0xa8, 0x00, 0x92, 0xc9, 0x00, 0xff,
    0xa8, 0x00, 0xff, 0xa8, 0x00, 0xff, 0xa8, 0x00, 0xff, 0xa8, 0x00, 0xff,
    0x67, 0x00, 0xff, 0x4f, 0x02, 0xff, 0x2e, 0x02, 0xff, 0x87, 0x00, 0xff,
    0xc8, 0x00, 0xff, 0xa8, 0x00, 0xff, 0xa8, 0x00, 0xff, 0xc9, 0x00, 0xff,
    0xc9, 0x00, 0xff, 0xc9, 0x00, 0xff, 0x88, 0x00, 0xff, 0x8a, 0x00, 0xff,
    0xd4, 0x03, 0xff, 0xff, 0x0f, 0xff, 0xce, 0x01, 0xff, 0x8b, 0x00, 0xff,
    0x99, 0x0d, 0xff, 0xbf, 0x17, 0xff, 0xb0, 0x01, 0xff, 0xae, 0x00, 0xff,
    0xd6, 0x0b, 0xff, 0x98, 0x0c, 0xff, 0xb3, 0x01, 0xff, 0xf3, 0x01, 0xff,
    0xd3, 0x01, 0xff, 0xb2, 0x01, 0xff, 0x98, 0x0c, 0xff, 0xd6, 0x0b, 0xff,
    0xad, 0x00, 0xff, 0x8e, 0x01, 0xff, 0x9e, 0x17, 0xff, 0xda, 0x0d, 0xff,
    0x6a, 0x00, 0xff, 0x8d, 0x01, 0xff, 0xdf, 0x0f, 0xff, 0xf4, 0x03, 0xff,
    0x69, 0x00, 0xff, 0xa9, 0x00, 0xff, 0xc9, 0x00, 0xff, 0xc9, 0x00, 0xff,
    0xc9, 0x00, 0xff, 0xc9, 0x00, 0xff, 0xc9, 0x00, 0xff, 0xc9, 0x00, 0xff,
    0x68, 0x00, 0xff, 0xb1, 0x02, 0xff, 0xee, 0x01, 0xff, 0x87, 0x00, 0xff,
    0xc8, 0x00, 0xff, 0xa8, 0x00, 0xff, 0xa8, 0x00, 0xff, 0xa8, 0x00, 0xff,
    0xc9, 0x00, 0xff, 0xa8, 0x00, 0x98, 0x00, 0x00, 0x00, 0x00, 0x00, 0x00,
    0x00, 0x00, 0x00, 0x00, 0x00, 0x00, 0xa8, 0x00, 0x92, 0xc9, 0x00, 0xff,
    0xa8, 0x00, 0xff, 0xa8, 0x00, 0xff, 0xa8, 0x00, 0xff, 0xa8, 0x00, 0xff,
    0x87, 0x00, 0xff, 0x11, 0x03, 0xff, 0x4b, 0x01, 0xff, 0xa8, 0x00, 0xff,
    0xa8, 0x00, 0xff, 0xa8, 0x00, 0xff, 0xa8, 0x00, 0xff, 0xc8, 0x00, 0xff,
    0xc9, 0x00, 0xff, 0xc9, 0x00, 0xff, 0xc9, 0x00, 0xff, 0x69, 0x00, 0xff,
    0xb9, 0x05, 0xff, 0x5b, 0x0e, 0xff, 0x8a, 0x00, 0xff, 0xef, 0x01, 0xff,
    0xff, 0x0f, 0xff, 0x36, 0x04, 0xff, 0x6c, 0x00, 0xff, 0x75, 0x03, 0xff,
    0xff, 0x17, 0xff, 0xdc, 0x0d, 0xff, 0x94, 0x01, 0xff, 0xf5, 0x01, 0xff,
    0xd5, 0x01, 0xff, 0x73, 0x01, 0xff, 0xbb, 0x0d, 0xff, 0xff, 0x17, 0xff,
    0x95, 0x03, 0xff, 0x4b, 0x00, 0xff, 0xd5, 0x03, 0xff, 0xff, 0x0f, 0xff,
    0x0f, 0x02, 0xff, 0x6a, 0x00, 0xff, 0xfb, 0x05, 0xff, 0xda, 0x05, 0xff,
    0x69, 0x00, 0xff, 0xca, 0x00, 0xff, 0xc9, 0x00, 0xff, 0xc9, 0x00, 0xff,
    0xc9, 0x00, 0xff, 0xc9, 0x00, 0xff, 0xc9, 0x00, 0xff, 0xa9, 0x00, 0xff,
    0x88, 0x00, 0xff, 0xcd, 0x01, 0xff, 0xb1, 0x02, 0xff, 0x67, 0x00, 0xff,
    0xa8, 0x00, 0xff, 0xa8, 0x00, 0xff, 0xa8, 0x00, 0xff, 0xa8, 0x00, 0xff,
    0xc9, 0x00, 0xff, 0xa8, 0x00, 0x98, 0x00, 0x00, 0x00, 0x00, 0x00, 0x00,
    0x00, 0x00, 0x00, 0x00, 0x00, 0x00, 0xc8, 0x00, 0x91, 0xc9, 0x00, 0xff,
    0xa8, 0x00, 0xff, 0xa8, 0x00, 0xff, 0xa8, 0x00, 0xff, 0xa8, 0x00, 0xff,
    0xe9, 0x00, 0xff, 0xf1, 0x02, 0xff, 0xa8, 0x00, 0xff, 0xa8, 0x00, 0xff,
    0xa8, 0x00, 0xff, 0xa8, 0x00, 0xff, 0xa8, 0x00, 0xff, 0xc8, 0x00, 0xff,
    0xc9, 0x00, 0xff, 0xc9, 0x00, 0xff, 0xc9, 0x00, 0xff, 0xea, 0x00, 0xff,
    0xbd, 0x06, 0xff, 0x76, 0x04, 0xff, 0x09, 0x00, 0xff, 0xb4, 0x03, 0xff,
    0x9f, 0x0f, 0xff, 0xaf, 0x01, 0xff, 0x4f, 0x01, 0xff, 0x7e, 0x0f, 0xff,
    0xdc, 0x0d, 0xff, 0x53, 0x01, 0xff, 0x58, 0x1b, 0xff, 0x1d, 0x5e, 0xff,
    0x1d, 0x56, 0xff, 0x38, 0x13, 0xff, 0x32, 0x01, 0xff, 0xbb, 0x0d, 0xff,
    0x9f, 0x0f, 0xff, 0x6f, 0x01, 0xff, 0x6e, 0x01, 0xff, 0x7f, 0x0f, 0xff,
    0xd4, 0x03, 0xff, 0x09, 0x00, 0xff, 0x35, 0x04, 0xff, 0xde, 0x06, 0xff,
    0xeb, 0x00, 0xff, 0xc9, 0x00, 0xff, 0xc9, 0x00, 0xff, 0xc9, 0x00, 0xff,
    0xc9, 0x00, 0xff, 0xc9, 0x00, 0xff, 0xc9, 0x00, 0xff, 0xc9, 0x00, 0xff,
    0xa8, 0x00, 0xff, 0xea, 0x00, 0xff, 0x13, 0x03, 0xff, 0xa8, 0x00, 0xff,
    0xa8, 0x00, 0xff, 0xa8, 0x00, 0xff, 0xa8, 0x00, 0xff, 0xa8, 0x00, 0xff,
    0xc9, 0x00, 0xff, 0xa8, 0x00, 0x98, 0x00, 0x00, 0x00, 0x00, 0x00, 0x00,
    0x00, 0x00, 0x00, 0x00, 0x00, 0x00, 0xc8, 0x00, 0x92, 0xa8, 0x00, 0xff,
    0xa8, 0x00, 0xff, 0xa8, 0x00, 0xff, 0xa8, 0x00, 0xff, 0x87, 0x00, 0xff,
    0x8c, 0x01, 0xff, 0x90, 0x02, 0xff, 0x67, 0x00, 0xff, 0xa8, 0x00, 0xff,
    0xa8, 0x00, 0xff, 0xa8, 0x00, 0xff, 0xa8, 0x00, 0xff, 0xa8, 0x00, 0xff,
    0xc9, 0x00, 0xff, 0xc9, 0x00, 0xff, 0xa9, 0x00, 0xff, 0x4c, 0x01, 0xff,
    0xdf, 0x06, 0xff, 0x73, 0x03, 0xff, 0x29, 0x00, 0xff, 0xd8, 0x04, 0xff,
    0x7d, 0x06, 0xff, 0xac, 0x00, 0xff, 0x13, 0x03, 0xff, 0xdf, 0x0f, 0xff,
    0x75, 0x02, 0xff, 0x15, 0x02, 0xff, 0x7f, 0x2f, 0xff, 0xff, 0x47, 0xff,
    0xff, 0x3f, 0xff, 0x9f, 0x1f, 0xff, 0x14, 0x02, 0xff, 0x53, 0x02, 0xff,
    0xbf, 0x0f, 0xff, 0x13, 0x03, 0xff, 0xac, 0x00, 0xff, 0x3c, 0x06, 0xff,
    0xf8, 0x04, 0xff, 0x29, 0x00, 0xff, 0x32, 0x03, 0xff, 0xff, 0x06, 0xff,
    0x6c, 0x01, 0xff, 0xa9, 0x00, 0xff, 0xc9, 0x00, 0xff, 0xc9, 0x00, 0xff,
    0xc9, 0x00, 0xff, 0xa8, 0x00, 0xff, 0xa8, 0x00, 0xff, 0xc8, 0x00, 0xff,
    0xa8, 0x00, 0xff, 0x68, 0x00, 0xff, 0xd1, 0x02, 0xff, 0x4b, 0x01, 0xff,
    0xa8, 0x00, 0xff, 0xa8, 0x00, 0xff, 0xa8, 0x00, 0xff, 0xa8, 0x00, 0xff,
    0xc9, 0x00, 0xff, 0xa8, 0x00, 0x98, 0x00, 0x00, 0x00, 0x00, 0x00, 0x00,
    0x00, 0x00, 0x00, 0x00, 0x00, 0x00, 0xc8, 0x00, 0x92, 0xa8, 0x00, 0xff,
    0xa8, 0x00, 0xff, 0xa8, 0x00, 0xff, 0xa8, 0x00, 0xff, 0x67, 0x00, 0xff,
    0x6f, 0x02, 0xff, 0xac, 0x01, 0xff, 0x87, 0x00, 0xff, 0xa8, 0x00, 0xff,
    0xa8, 0x00, 0xff, 0xa8, 0x00, 0xff, 0xa8, 0x00, 0xff, 0xa8, 0x00, 0xff,
    0xc9, 0x00, 0xff, 0xc9, 0x00, 0xff, 0xa9, 0x00, 0xff, 0x6c, 0x01, 0xff,
    0xbf, 0x06, 0xff, 0x13, 0x03, 0xff, 0x49, 0x00, 0xff, 0xf9, 0x04, 0xff,
    0xbc, 0x05, 0xff, 0x8c, 0x00, 0xff, 0x95, 0x03, 0xff, 0xff, 0x06, 0xff,
    0x93, 0x01, 0xff, 0x57, 0x03, 0xff, 0xff, 0x0f, 0xff, 0xdf, 0x07, 0xff,
    0xbf, 0x07, 0xff, 0x7f, 0x07, 0xff, 0x37, 0x03, 0xff, 0x91, 0x01, 0xff,
    0xdf, 0x06, 0xff, 0xb5, 0x03, 0xff, 0x8b, 0x00, 0xff, 0x9b, 0x05, 0xff,
    0x19, 0x05, 0xff, 0x49, 0x00, 0xff, 0xd2, 0x02, 0xff, 0xbf, 0x06, 0xff,
    0x8c, 0x01, 0xff, 0xa9, 0x00, 0xff, 0xc9, 0x00, 0xff, 0xc9, 0x00, 0xff,
    0xc8, 0x00, 0xff, 0xa8, 0x00, 0xff, 0xa8, 0x00, 0xff, 0xa8, 0x00, 0xff,
    0xa8, 0x00, 0xff, 0x67, 0x00, 0xff, 0x2e, 0x02, 0xff, 0x0e, 0x02, 0xff,
    0x67, 0x00, 0xff, 0xa8, 0x00, 0xff, 0xa8, 0x00, 0xff, 0xa8, 0x00, 0xff,
    0xc9, 0x00, 0xff, 0xa8, 0x00, 0x98, 0x00, 0x00, 0x00, 0x00, 0x00, 0x00,
    0x00, 0x00, 0x00, 0x00, 0x00, 0x00, 0xa7, 0x00, 0x91, 0xa8, 0x00, 0xff,
    0xa8, 0x00, 0xff, 0xa8, 0x00, 0xff, 0xa8, 0x00, 0xff, 0xa8, 0x00, 0xff,
    0xf1, 0x02, 0xff, 0xe9, 0x00, 0xff, 0xa8, 0x00, 0xff, 0xa8, 0x00, 0xff,
    0xa8, 0x00, 0xff, 0xa8, 0x00, 0xff, 0xa8, 0x00, 0xff, 0xa8, 0x00, 0xff,
    0xc9, 0x00, 0xff, 0xc9, 0x00, 0xff, 0xa9, 0x00, 0xff, 0x2b, 0x01, 0xff,
    0x5f, 0x06, 0xff, 0x54, 0x03, 0xff, 0x29, 0x00, 0xff, 0x57, 0x04, 0xff,
    0xdd, 0x05, 0xff, 0xac, 0x00, 0xff, 0xd3, 0x02, 0xff, 0xdf, 0x06, 0xff,
    0x33, 0x02, 0xff, 0x34, 0x02, 0xff, 0xff, 0x06, 0xff, 0xbf, 0x06, 0xff,
    0xff, 0x05, 0xff, 0x3f, 0x05, 0xff, 0xf3, 0x01, 0xff, 0x33, 0x02, 0xff,
    0xdf, 0x06, 0xff, 0xf4, 0x02, 0xff, 0xcc, 0x00, 0xff, 0xbd, 0x05, 0xff,
    0x78, 0x04, 0xff, 0x49, 0x00, 0xff, 0x13, 0x03, 0xff, 0x5f, 0x06, 0xff,
    0x4b, 0x01, 0xff, 0xa9, 0x00, 0xff, 0xc9, 0x00, 0xff, 0xc9, 0x00, 0xff,
    0xa8, 0x00, 0xff, 0xa8, 0x00, 0xff, 0xa8, 0x00, 0xff, 0xa8, 0x00, 0xff,
    0xa8, 0x00, 0xff, 0x88, 0x00, 0xff, 0x6b, 0x01, 0xff, 0xd1, 0x02, 0xff,
    0x67, 0x00, 0xff, 0xa8, 0x00, 0xff, 0xa8, 0x00, 0xff, 0xa8, 0x00, 0xff,
    0xa9, 0x00, 0xff, 0xa7, 0x00, 0x98, 0x00, 0x00, 0x00, 0x00, 0x00, 0x00,
    0x00, 0x00, 0x00, 0x00, 0x00, 0x00, 0xa7, 0x00, 0x92, 0xa8, 0x00, 0xff,
    0xa8, 0x00, 0xff, 0xa8, 0x00, 0xff, 0x87, 0x00, 0xff, 0x2a, 0x01, 0xff,
    0xf1, 0x02, 0xff, 0x87, 0x00, 0xff, 0xa8, 0x00, 0xff, 0xa8, 0x00, 0xff,
    0xa8, 0x00, 0xff, 0xa8, 0x00, 0xff, 0xa8, 0x00, 0xff, 0xa8, 0x00, 0xff,
    0xc9, 0x00, 0xff, 0xc9, 0x00, 0xff, 0xc9, 0x00, 0xff, 0xca, 0x00, 0xff,
    0x7d, 0x05, 0xff, 0xf7, 0x03, 0xff, 0x28, 0x00, 0xff, 0x13, 0x03, 0xff,
    0x3f, 0x06, 0xff, 0x8e, 0x01, 0xff, 0x6f, 0x01, 0xff, 0x1f, 0x06, 0xff,
    0x3a, 0x04, 0xff, 0x11, 0x01, 0xff, 0xf6, 0x02, 0xff, 0xdd, 0x04, 0xff,
    0x7d, 0x04, 0xff, 0x76, 0x02, 0xff, 0x30, 0x01, 0xff, 0x39, 0x04, 0xff,
    0x1f, 0x06, 0xff, 0x6f, 0x01, 0xff, 0x6e, 0x01, 0xff, 0x3f, 0x06, 0xff,
    0x34, 0x03, 0xff, 0x28, 0x00, 0xff, 0xd6, 0x03, 0xff, 0xbe, 0x05, 0xff,
    0xea, 0x00, 0xff, 0xa9, 0x00, 0xff, 0xc9, 0x00, 0xff, 0xa8, 0x00, 0xff,
    0xa8, 0x00, 0xff, 0xc8, 0x00, 0xff, 0xa8, 0x00, 0xff, 0xa8, 0x00, 0xff,
    0xa8, 0x00, 0xff, 0xa8, 0x00, 0xff, 0xa8, 0x00, 0xff, 0xf1, 0x02, 0xff,
    0xc9, 0x00, 0xff, 0xa8, 0x00, 0xff, 0xa8, 0x00, 0xff, 0xa8, 0x00, 0xff,
    0xa8, 0x00, 0xff, 0xa7, 0x00, 0x98, 0x00, 0x00, 0x00, 0x00, 0x00, 0x00,
    0x00, 0x00, 0x00, 0x00, 0x00, 0x00, 0xa7, 0x00, 0x92, 0xa8, 0x00, 0xff,
    0xa8, 0x00, 0xff, 0xa8, 0x00, 0xff, 0x67, 0x00, 0xff, 0xee, 0x01, 0xff,
    0x6f, 0x02, 0xff, 0x67, 0x00, 0xff, 0xa8, 0x00, 0xff, 0xa8, 0x00, 0xff,
    0xa8, 0x00, 0xff, 0xa8, 0x00, 0xff, 0xa8, 0x00, 0xff, 0xa8, 0x00, 0xff,
    0xa8, 0x00, 0xff, 0xa9, 0x00, 0xff, 0xa9, 0x00, 0xff, 0x68, 0x00, 0xff,
    0x38, 0x04, 0xff, 0xfc, 0x04, 0xff, 0xaa, 0x00, 0xff, 0x8e, 0x01, 0xff,
    0xff, 0x05, 0xff, 0x15, 0x03, 0xff, 0x8b, 0x00, 0xff, 0x36, 0x03, 0xff,
    0x3f, 0x06, 0xff, 0x17, 0x03, 0xff, 0xf0, 0x00, 0xff, 0x7b, 0x0d, 0xff,
    0x3b, 0x05, 0xff, 0xf0, 0x00, 0xff, 0x16, 0x03, 0xff, 0x5f, 0x06, 0xff,
    0x36, 0x03, 0xff, 0x6b, 0x00, 0xff, 0x14, 0x03, 0xff, 0x1f, 0x06, 0xff,
    0xae, 0x01, 0xff, 0xa9, 0x00, 0xff, 0xfc, 0x04, 0xff, 0x59, 0x04, 0xff,
    0x68, 0x00, 0xff, 0xa9, 0x00, 0xff, 0xa9, 0x00, 0xff, 0xa8, 0x00, 0xff,
    0xa8, 0x00, 0xff, 0xa8, 0x00, 0xff, 0xa8, 0x00, 0xff, 0xa8, 0x00, 0xff,
    0xa8, 0x00, 0xff, 0xa8, 0x00, 0xff, 0x67, 0x00, 0xff, 0x90, 0x02, 0xff,
    0x8c, 0x01, 0xff, 0x87, 0x00, 0xff, 0xa8, 0x00, 0xff, 0xa8, 0x00, 0xff,
    0xa8, 0x00, 0xff, 0xa7, 0x00, 0x98, 0x00, 0x00, 0x00, 0x00, 0x00, 0x00,
    0x00, 0x00, 0x00, 0x00, 0x00, 0x00, 0xa7, 0x00, 0x92, 0xa8, 0x00, 0xff,
    0xa8, 0x00, 0xff, 0xa8, 0x00, 0xff, 0x46, 0x00, 0xff, 0xd1, 0x02, 0xff,
    0x8c, 0x01, 0xff, 0x87, 0x00, 0xff, 0xa8, 0x00, 0xff, 0xa8, 0x00, 0xff,
    0xa8, 0x00, 0xff, 0xa8, 0x00, 0xff, 0xa8, 0x00, 0xff, 0xa8, 0x00, 0xff,
    0x88, 0x00, 0xff, 0xa8, 0x00, 0xff, 0x8c, 0x01, 0xff, 0x6d, 0x01, 0xff,
    0x72, 0x02, 0xff, 0xbf, 0x05, 0xff, 0xae, 0x01, 0xff, 0x69, 0x00, 0xff,
    0xd8, 0x03, 0xff, 0x3e, 0x05, 0xff, 0x4d, 0x01, 0xff, 0xec, 0x00, 0xff,
    0x16, 0x03, 0xff, 0x54, 0x02, 0xff, 0xd2, 0x01, 0xff, 0xff, 0x17, 0xff,
    0x9e, 0x0f, 0xff, 0x91, 0x01, 0xff, 0x74, 0x02, 0xff, 0x16, 0x03, 0xff,
    0xcc, 0x00, 0xff, 0x4d, 0x01, 0xff, 0x3e, 0x05, 0xff, 0xf9, 0x03, 0xff,
    0x69, 0x00, 0xff, 0x8e, 0x01, 0xff, 0xbf, 0x05, 0xff, 0x92, 0x02, 0xff,
    0x4d, 0x01, 0xff, 0x8d, 0x01, 0xff, 0xc9, 0x00, 0xff, 0x88, 0x00, 0xff,
    0xa8, 0x00, 0xff, 0xa8, 0x00, 0xff, 0xa8, 0x00, 0xff, 0xa8, 0x00, 0xff,
    0xa8, 0x00, 0xff, 0xa8, 0x00, 0xff, 0x67, 0x00, 0xff, 0xcd, 0x01, 0xff,
    0x4f, 0x02, 0xff, 0x67, 0x00, 0xff, 0xa8, 0x00, 0xff, 0xa8, 0x00, 0xff,
    0xa8, 0x00, 0xff, 0xa7, 0x00, 0x98, 0x00, 0x00, 0x00, 0x00, 0x00, 0x00,
    0x00, 0x00, 0x00, 0x00, 0x00, 0x00, 0xa7, 0x00, 0x92, 0xa8, 0x00, 0xff,
    0xa8, 0x00, 0xff, 0xa7, 0x00, 0xff, 0xc8, 0x00, 0xff, 0xf2, 0x02, 0xff,
    0xc9, 0x00, 0xff, 0xa7, 0x00, 0xff, 0xa8, 0x00, 0xff, 0xa8, 0x00, 0xff,
    0xa8, 0x00, 0xff, 0x87, 0x00, 0xff, 0x67, 0x00, 0xff, 0xc9, 0x00, 0xff,
    0xed, 0x01, 0xff, 0xb0, 0x02, 0xff, 0x0f, 0x02, 0xff, 0xea, 0x00, 0xff,
    0xea, 0x00, 0xff, 0xbe, 0x04, 0xff, 0x78, 0x03, 0xff, 0x68, 0x00, 0xff,
    0x4d, 0x01, 0xff, 0xde, 0x04, 0xff, 0x1b, 0x04, 0xff, 0x4e, 0x01, 0xff,
    0xec, 0x00, 0xff, 0xad, 0x00, 0xff, 0xd5, 0x03, 0xff, 0x9d, 0x0e, 0xff,
    0xbd, 0x0e, 0xff, 0x54, 0x03, 0xff, 0xad, 0x00, 0xff, 0xcc, 0x00, 0xff,
    0x4d, 0x01, 0xff, 0x3a, 0x04, 0xff, 0xff, 0x04, 0xff, 0x4d, 0x01, 0xff,
    0x68, 0x00, 0xff, 0x77, 0x03, 0xff, 0xfe, 0x04, 0xff, 0x0a, 0x01, 0xff,
    0xca, 0x00, 0xff, 0x0e, 0x02, 0xff, 0xb0, 0x02, 0xff, 0x0e, 0x02, 0xff,
    0xc9, 0x00, 0xff, 0x67, 0x00, 0xff, 0x88, 0x00, 0xff, 0xa8, 0x00, 0xff,
    0xa8, 0x00, 0xff, 0xa8, 0x00, 0xff, 0xa8, 0x00, 0xff, 0x2a, 0x01, 0xff,
    0x12, 0x03, 0xff, 0xa8, 0x00, 0xff, 0xa8, 0x00, 0xff, 0xa8, 0x00, 0xff,
    0xa8, 0x00, 0xff, 0xa7, 0x00, 0x98, 0x00, 0x00, 0x00, 0x00, 0x00, 0x00,
    0x00, 0x00, 0x00, 0x00, 0x00, 0x00, 0xa7, 0x00, 0x91, 0xa8, 0x00, 0xff,
    0xc8, 0x00, 0xff, 0x87, 0x00, 0xff, 0x8c, 0x01, 0xff, 0xf2, 0x02, 0xff,
    0x87, 0x00, 0xff, 0xa8, 0x00, 0xff, 0xc8, 0x00, 0xff, 0x87, 0x00, 0xff,
    0x67, 0x00, 0xff, 0x09, 0x01, 0xff, 0x4e, 0x02, 0xff, 0xd0, 0x02, 0xff,
    0x0e, 0x02, 0xff, 0xe9, 0x00, 0xff, 0x68, 0x00, 0xff, 0xc9, 0x00, 0xff,
    0x88, 0x00, 0xff, 0x73, 0x02, 0xff, 0xff, 0x04, 0xff, 0xaf, 0x01, 0xff,
    0x68, 0x00, 0xff, 0xcf, 0x01, 0xff, 0xdf, 0x04, 0xff, 0xf6, 0x02, 0xff,
    0xcb, 0x00, 0xff, 0xac, 0x00, 0xff, 0xfa, 0x0d, 0xff, 0x57, 0x04, 0xff,
    0x18, 0x05, 0xff, 0x58, 0x05, 0xff, 0x8c, 0x00, 0xff, 0xcb, 0x00, 0xff,
    0x16, 0x03, 0xff, 0xff, 0x04, 0xff, 0xd0, 0x01, 0xff, 0x68, 0x00, 0xff,
    0xae, 0x01, 0xff, 0xff, 0x04, 0xff, 0x94, 0x02, 0xff, 0x88, 0x00, 0xff,
    0xc9, 0x00, 0xff, 0x67, 0x00, 0xff, 0xe9, 0x00, 0xff, 0x2e, 0x02, 0xff,
    0xd0, 0x02, 0xff, 0x2e, 0x02, 0xff, 0xe9, 0x00, 0xff, 0x47, 0x00, 0xff,
    0x87, 0x00, 0xff, 0xa8, 0x00, 0xff, 0xc8, 0x00, 0xff, 0xa8, 0x00, 0xff,
    0x13, 0x03, 0xff, 0x0b, 0x01, 0xff, 0xa8, 0x00, 0xff, 0xc8, 0x00, 0xff,
    0xa8, 0x00, 0xff, 0xa7, 0x00, 0x98, 0x00, 0x00, 0x00, 0x00, 0x00, 0x00,
    0x00, 0x00, 0x00, 0x00, 0x00, 0x00, 0xa7, 0x00, 0x92, 0xc8, 0x00, 0xff,
    0xc9, 0x00, 0xff, 0xac, 0x09, 0xff, 0x55, 0x14, 0xff, 0xf4, 0x13, 0xff,
    0xea, 0x00, 0xff, 0xa8, 0x00, 0xff, 0x67, 0x00, 0xff, 0x4a, 0x01, 0xff,
    0x8f, 0x02, 0xff, 0xb0, 0x02, 0xff, 0xed, 0x01, 0xff, 0xa8, 0x00, 0xff,
    0x67, 0x00, 0xff, 0xa8, 0x00, 0xff, 0xa8, 0x00, 0xff, 0xa9, 0x00, 0xff,
    0xc9, 0x00, 0xff, 0xa9, 0x00, 0xff, 0x9a, 0x03, 0xff, 0x1e, 0x04, 0xff,
    0x2c, 0x01, 0xff, 0x88, 0x00, 0xff, 0x4d, 0x01, 0xff, 0x4d, 0x01, 0xff,
    0xeb, 0x00, 0xff, 0x4d, 0x01, 0xff, 0x5d, 0x0f, 0xff, 0x30, 0x02, 0xff,
    0xf2, 0x02, 0xff, 0x1d, 0x0f, 0xff, 0xec, 0x00, 0xff, 0xeb, 0x00, 0xff,
    0x4d, 0x01, 0xff, 0x4d, 0x01, 0xff, 0x88, 0x00, 0xff, 0x2b, 0x01, 0xff,
    0x3d, 0x04, 0xff, 0xbb, 0x03, 0xff, 0xa9, 0x00, 0xff, 0xa9, 0x00, 0xff,
    0xc9, 0x00, 0xff, 0xa8, 0x00, 0xff, 0xa8, 0x00, 0xff, 0x67, 0x00, 0xff,
    0xc8, 0x00, 0xff, 0xcd, 0x01, 0xff, 0xd0, 0x02, 0xff, 0x4f, 0x02, 0xff,
    0x2a, 0x01, 0xff, 0x88, 0x00, 0xff, 0xc8, 0x00, 0xff, 0xea, 0x00, 0xff,
    0x15, 0x0c, 0xff, 0xf4, 0x13, 0xff, 0x8c, 0x01, 0xff, 0xc9, 0x00, 0xff,
    0xc9, 0x00, 0xff, 0xa7, 0x00, 0x98, 0x00, 0x00, 0x00, 0x00, 0x00, 0x00,
    0x00, 0x00, 0x00, 0x00, 0x00, 0x00, 0xc8, 0x00, 0x92, 0xc9, 0x00, 0xff,
    0xd0, 0x02, 0xff, 0x3d, 0x1f, 0xff, 0xff, 0x2f, 0xff, 0xde, 0x27, 0xff,
    0x78, 0x15, 0xff, 0xcd, 0x01, 0xff, 0xaf, 0x02, 0xff, 0xd0, 0x02, 0xff,
    0x8c, 0x01, 0xff, 0x88, 0x00, 0xff, 0x67, 0x00, 0xff, 0xa8, 0x00, 0xff,
    0xa8, 0x00, 0xff, 0xa8, 0x00, 0xff, 0xa8, 0x00, 0xff, 0xa9, 0x00, 0xff,
    0xc9, 0x00, 0xff, 0xa8, 0x00, 0xff, 0x0b, 0x01, 0xff, 0xfd, 0x03, 0xff,
    0xfd, 0x03, 0xff, 0x4d, 0x01, 0xff, 0xa9, 0x00, 0xff, 0xca, 0x00, 0xff,
    0x8a, 0x00, 0xff, 0xd0, 0x02, 0xff, 0xbe, 0x0f, 0xff, 0x96, 0x04, 0xff,
    0x17, 0x05, 0xff, 0xdf, 0x07, 0xff, 0x0e, 0x02, 0xff, 0xaa, 0x00, 0xff,
    0xca, 0x00, 0xff, 0xa9, 0x00, 0xff, 0x4d, 0x01, 0xff, 0xfd, 0x03, 0xff,
    0x1e, 0x04, 0xff, 0x2b, 0x01, 0xff, 0xa8, 0x00, 0xff, 0xc9, 0x00, 0xff,
    0xc9, 0x00, 0xff, 0xa8, 0x00, 0xff, 0xa8, 0x00, 0xff, 0xa8, 0x00, 0xff,
    0xa8, 0x00, 0xff, 0x67, 0x00, 0xff, 0x87, 0x00, 0xff, 0xac, 0x01, 0xff,
    0xb0, 0x02, 0xff, 0xd0, 0x02, 0xff, 0xcd, 0x01, 0xff, 0x17, 0x1d, 0xff,
    0xbe, 0x27, 0xff, 0xff, 0x2f, 0xff, 0xfc, 0x1e, 0xff, 0x6f, 0x02, 0xff,
    0xc9, 0x00, 0xff, 0xc8, 0x00, 0x98, 0x00, 0x00, 0x00, 0x00, 0x00, 0x00,
    0x00, 0x00, 0x00, 0x00, 0x00, 0x00, 0xc8, 0x00, 0x93, 0x4c, 0x01, 0xff,
    0x1a, 0x06, 0xff, 0xff, 0x0f, 0xff, 0xff, 0x2f, 0xff, 0xff, 0x17, 0xff,
    0xbf, 0x07, 0xff, 0xb7, 0x04, 0xff, 0x4b, 0x01, 0xff, 0x67, 0x00, 0xff,
    0x87, 0x00, 0xff, 0xa8, 0x00, 0xff, 0xa8, 0x00, 0xff, 0xa8, 0x00, 0xff,
    0xa8, 0x00, 0xff, 0xa8, 0x00, 0xff, 0xa8, 0x00, 0xff, 0xa8, 0x00, 0xff,
    0xa8, 0x00, 0xff, 0xc9, 0x00, 0xff, 0x88, 0x00, 0xff, 0x2c, 0x01, 0xff,
    0x5a, 0x03, 0xff, 0xd0, 0x01, 0xff, 0xa8, 0x00, 0xff, 0xca, 0x00, 0xff,
    0x48, 0x00, 0xff, 0xf6, 0x04, 0xff, 0x3d, 0x07, 0xff, 0x8d, 0x01, 0xff,
    0xcb, 0x00, 0xff, 0x7b, 0x06, 0xff, 0x34, 0x04, 0xff, 0x48, 0x00, 0xff,
    0xca, 0x00, 0xff, 0xa8, 0x00, 0xff, 0xd0, 0x01, 0xff, 0x7a, 0x03, 0xff,
    0x2c, 0x01, 0xff, 0x88, 0x00, 0xff, 0xc9, 0x00, 0xff, 0xc9, 0x00, 0xff,
    0xa8, 0x00, 0xff, 0xa8, 0x00, 0xff, 0xa8, 0x00, 0xff, 0xa8, 0x00, 0xff,
    0xa8, 0x00, 0xff, 0xa8, 0x00, 0xff, 0xa8, 0x00, 0xff, 0x87, 0x00, 0xff,
    0x67, 0x00, 0xff, 0x4b, 0x01, 0xff, 0x35, 0x04, 0xff, 0xdf, 0x0f, 0xff,
    0xff, 0x1f, 0xff, 0xff, 0x2f, 0xff, 0xff, 0x07, 0xff, 0x99, 0x05, 0xff,
    0x0b, 0x01, 0xff, 0xc8, 0x00, 0x98, 0x00, 0x00, 0x00, 0x00, 0x00, 0x00,
    0x00, 0x00, 0x00, 0x00, 0x00, 0x00, 0xc8, 0x00, 0x93, 0xcd, 0x01, 0xff,
    0x1b, 0x06, 0xff, 0x9e, 0x06, 0xff, 0x3f, 0x07, 0xff, 0x5f, 0x06, 0xff,
    0x3e, 0x06, 0xff, 0x35, 0x04, 0xff, 0x88, 0x00, 0xff, 0xa8, 0x00, 0xff,
    0xa8, 0x00, 0xff, 0xa8, 0x00, 0xff, 0xa8, 0x00, 0xff, 0xa8, 0x00, 0xff,
    0xa8, 0x00, 0xff, 0xa8, 0x00, 0xff, 0xa8, 0x00, 0xff, 0xa8, 0x00, 0xff,
    0xa8, 0x00, 0xff, 0xa8, 0x00, 0xff, 0xc9, 0x00, 0xff, 0xa8, 0x00, 0xff,
    0x88, 0x00, 0xff, 0xa9, 0x00, 0xff, 0xc9, 0x00, 0xff, 0xca, 0x00, 0xff,
    0xc9, 0x00, 0xff, 0x7b, 0x06, 0xff, 0x17, 0x05, 0xff, 0x55, 0x04, 0xff,
    0x4f, 0x02, 0xff, 0x3b, 0x06, 0xff, 0xd9, 0x05, 0xff, 0x89, 0x00, 0xff,
    0xca, 0x00, 0xff, 0xc9, 0x00, 0xff, 0xc9, 0x00, 0xff, 0xa8, 0x00, 0xff,
    0xa8, 0x00, 0xff, 0xc9, 0x00, 0xff, 0xa8, 0x00, 0xff, 0xa8, 0x00, 0xff,
    0xa8, 0x00, 0xff, 0xa8, 0x00, 0xff, 0xa8, 0x00, 0xff, 0xa8, 0x00, 0xff,
    0xa8, 0x00, 0xff, 0xa8, 0x00, 0xff, 0xa8, 0x00, 0xff, 0xa8, 0x00, 0xff,
    0xa8, 0x00, 0xff, 0x68, 0x00, 0xff, 0xf3, 0x03, 0xff, 0xbe, 0x06, 0xff,
    0xff, 0x06, 0xff, 0xff, 0x06, 0xff, 0xfe, 0x05, 0xff, 0xbb, 0x05, 0xff,
    0x6c, 0x01, 0xff, 0xa8, 0x00, 0x98, 0x00, 0x00, 0x00, 0x00, 0x00, 0x00,
    0x00, 0x00, 0x00, 0x00, 0x00, 0x00, 0xc8, 0x00, 0x92, 0x0b, 0x01, 0xff,
    0xb8, 0x04, 0xff, 0xfe, 0x05, 0xff, 0xbe, 0x04, 0xff, 0x9e, 0x04, 0xff,
    0xfe, 0x05, 0xff, 0xf2, 0x02, 0xff, 0x87, 0x00, 0xff, 0xa8, 0x00, 0xff,
    0xa8, 0x00, 0xff, 0xa8, 0x00, 0xff, 0xa8, 0x00, 0xff, 0xa8, 0x00, 0xff,
    0xa8, 0x00, 0xff, 0xa8, 0x00, 0xff, 0xa8, 0x00, 0xff, 0xa8, 0x00, 0xff,
    0xa8, 0x00, 0xff, 0xa8, 0x00, 0xff, 0xa8, 0x00, 0xff, 0xa8, 0x00, 0xff,
    0xa8, 0x00, 0xff, 0xa8, 0x00, 0xff, 0xca, 0x00, 0xff, 0xa9, 0x00, 0xff,
    0x0d, 0x02, 0xff, 0x3f, 0x07, 0xff, 0xca, 0x00, 0xff, 0xd0, 0x02, 0xff,
    0xde, 0x06, 0xff, 0xbb, 0x05, 0xff, 0xdd, 0x06, 0xff, 0x4b, 0x01, 0xff,
    0xca, 0x00, 0xff, 0xea, 0x00, 0xff, 0xa8, 0x00, 0xff, 0xa9, 0x00, 0xff,
    0xa8, 0x00, 0xff, 0xa8, 0x00, 0xff, 0xa8, 0x00, 0xff, 0xa8, 0x00, 0xff,
    0xa8, 0x00, 0xff, 0xa8, 0x00, 0xff, 0xa8, 0x00, 0xff, 0xa8, 0x00, 0xff,
    0xa8, 0x00, 0xff, 0xa8, 0x00, 0xff, 0xa8, 0x00, 0xff, 0xa8, 0x00, 0xff,
    0xa8, 0x00, 0xff, 0x88, 0x00, 0xff, 0x6f, 0x02, 0xff, 0x5e, 0x06, 0xff,
    0x1e, 0x05, 0xff, 0x9e, 0x04, 0xff, 0x7e, 0x05, 0xff, 0x17, 0x04, 0xff,
    0xeb, 0x00, 0xff, 0xa7, 0x00, 0x98, 0x00, 0x00, 0x00, 0x00, 0x00, 0x00,
    0x00, 0x00, 0x00, 0x00, 0x00, 0x00, 0xc7, 0x00, 0x92, 0xc9, 0x00, 0xff,
    0x8e, 0x01, 0xff, 0x58, 0x04, 0xff, 0xfc, 0x04, 0xff, 0xbb, 0x04, 0xff,
    0x55, 0x03, 0xff, 0x32, 0x03, 0xff, 0x4b, 0x01, 0xff, 0x46, 0x00, 0xff,
    0xa8, 0x00, 0xff, 0xa7, 0x00, 0xff, 0xa7, 0x00, 0xff, 0xa8, 0x00, 0xff,
    0xa8, 0x00, 0xff, 0xa8, 0x00, 0xff, 0xa8, 0x00, 0xff, 0xa8, 0x00, 0xff,
    0xa8, 0x00, 0xff, 0xa8, 0x00, 0xff, 0xa8, 0x00, 0xff, 0xa8, 0x00, 0xff,
    0x87, 0x00, 0xff, 0xc9, 0x00, 0xff, 0x0b, 0x01, 0xff, 0x27, 0x00, 0xff,
    0xd3, 0x03, 0xff, 0xfb, 0x05, 0xff, 0xd0, 0x02, 0xff, 0x55, 0x04, 0xff,
    0xc9, 0x00, 0xff, 0x2f, 0x02, 0xff, 0x1f, 0x07, 0xff, 0xd0, 0x02, 0xff,
    0x48, 0x00, 0xff, 0x2c, 0x01, 0xff, 0xc9, 0x00, 0xff, 0xa8, 0x00, 0xff,
    0xa8, 0x00, 0xff, 0xa8, 0x00, 0xff, 0xa8, 0x00, 0xff, 0xa8, 0x00, 0xff,
    0xa8, 0x00, 0xff, 0xa8, 0x00, 0xff, 0xa8, 0x00, 0xff, 0xa8, 0x00, 0xff,
    0xa8, 0x00, 0xff, 0xa8, 0x00, 0xff, 0xa8, 0x00, 0xff, 0xa8, 0x00, 0xff,
    0x87, 0x00, 0xff, 0xc9, 0x00, 0xff, 0x11, 0x03, 0xff, 0xb6, 0x03, 0xff,
    0xdb, 0x04, 0xff, 0xfc, 0x04, 0xff, 0xf8, 0x03, 0xff, 0x4d, 0x01, 0xff,
    0xc9, 0x00, 0xff, 0xa7, 0x00, 0x98, 0x00, 0x00, 0x00, 0x00, 0x00, 0x00,
    0x00, 0x00, 0x00, 0x00, 0x00, 0x00, 0xa7, 0x00, 0x91, 0xa8, 0x00, 0xff,
    0xa8, 0x00, 0xff, 0xcb, 0x00, 0xff, 0x6e, 0x01, 0xff, 0x2d, 0x01, 0xff,
    0x88, 0x00, 0xff, 0x4b, 0x01, 0xff, 0x32, 0x03, 0xff, 0x4b, 0x01, 0xff,
    0x46, 0x00, 0xff, 0xa7, 0x00, 0xff, 0xa7, 0x00, 0xff, 0xa8, 0x00, 0xff,
    0xa8, 0x00, 0xff, 0xa8, 0x00, 0xff, 0xa8, 0x00, 0xff, 0xa8, 0x00, 0xff,
    0xa8, 0x00, 0xff, 0xa8, 0x00, 0xff, 0xa8, 0x00, 0xff, 0x87, 0x00, 0xff,
    0xc9, 0x00, 0xff, 0x6d, 0x01, 0xff, 0xa8, 0x00, 0xff, 0x67, 0x00, 0xff,
    0x59, 0x05, 0xff, 0xff, 0x06, 0xff, 0x96, 0x04, 0xff, 0xac, 0x01, 0xff,
    0xac, 0x01, 0xff, 0x8b, 0x01, 0xff, 0xdc, 0x05, 0xff, 0x97, 0x04, 0xff,
    0x26, 0x00, 0xff, 0xc9, 0x00, 0xff, 0x6e, 0x01, 0xff, 0xa8, 0x00, 0xff,
    0x87, 0x00, 0xff, 0xa8, 0x00, 0xff, 0xa8, 0x00, 0xff, 0xa8, 0x00, 0xff,
    0xa8, 0x00, 0xff, 0xa8, 0x00, 0xff, 0xa8, 0x00, 0xff, 0xa8, 0x00, 0xff,
    0xa8, 0x00, 0xff, 0xa8, 0x00, 0xff, 0xa8, 0x00, 0xff, 0x67, 0x00, 0xff,
    0xc9, 0x00, 0xff, 0x11, 0x03, 0xff, 0xac, 0x01, 0xff, 0xa9, 0x00, 0xff,
    0x4d, 0x01, 0xff, 0x6d, 0x01, 0xff, 0xcb, 0x00, 0xff, 0xc8, 0x00, 0xff,
    0xa8, 0x00, 0xff, 0xa7, 0x00, 0x98, 0x00, 0x00, 0x00, 0x00, 0x00, 0x00,
    0x00, 0x00, 0x00, 0x00, 0x00, 0x00, 0xa7, 0x00, 0x92, 0xa8, 0x00, 0xff,
    0xa7, 0x00, 0xff, 0xa7, 0x00, 0xff, 0xa8, 0x00, 0xff, 0xa8, 0x00, 0xff,
    0xa8, 0x00, 0xff, 0x67, 0x00, 0xff, 0xe9, 0x00, 0xff, 0x32, 0x03, 0xff,
    0x8c, 0x01, 0xff, 0x46, 0x00, 0xff, 0xa7, 0x00, 0xff, 0xa7, 0x00, 0xff,
    0xa8, 0x00, 0xff, 0xa7, 0x00, 0xff, 0xa7, 0x00, 0xff, 0xa8, 0x00, 0xff,
    0xa8, 0x00, 0xff, 0xa8, 0x00, 0xff, 0x87, 0x00, 0xff, 0xc8, 0x00, 0xff,
    0xcf, 0x01, 0xff, 0xea, 0x00, 0xff, 0x67, 0x00, 0xff, 0x4a, 0x01, 0xff,
    0x5e, 0x06, 0xff, 0xb7, 0x04, 0xff, 0x7b, 0x05, 0xff, 0x56, 0x04, 0xff,
    0x31, 0x03, 0xff, 0x52, 0x03, 0xff, 0x98, 0x04, 0xff, 0xfc, 0x05, 0xff,
    0xc8, 0x00, 0xff, 0x87, 0x00, 0xff, 0x2b, 0x01, 0xff, 0xef, 0x01, 0xff,
    0x88, 0x00, 0xff, 0xa7, 0x00, 0xff, 0xa8, 0x00, 0xff, 0xa8, 0x00, 0xff,
    0xa8, 0x00, 0xff, 0xa8, 0x00, 0xff, 0xa8, 0x00, 0xff, 0xa8, 0x00, 0xff,
    0xa8, 0x00, 0xff, 0xa8, 0x00, 0xff, 0x67, 0x00, 0xff, 0x09, 0x01, 0xff,
    0x11, 0x03, 0xff, 0x6b, 0x01, 0xff, 0x67, 0x00, 0xff, 0xa8, 0x00, 0xff,
    0xa8, 0x00, 0xff, 0xa8, 0x00, 0xff, 0xa8, 0x00, 0xff, 0xa8, 0x00, 0xff,
    0xa8, 0x00, 0xff, 0xa7, 0x00, 0x98, 0x00, 0x00, 0x00, 0x00, 0x00, 0x00,
    0x00, 0x00, 0x00, 0x00, 0x00, 0x00, 0xa7, 0x00, 0x92, 0xa8, 0x00, 0xff,
    0xa7, 0x00, 0xff, 0x87, 0x00, 0xff, 0x87, 0x00, 0xff, 0xa7, 0x00, 0xff,
    0xa7, 0x00, 0xff, 0xa7, 0x00, 0xff, 0x66, 0x00, 0xff, 0xc9, 0x00, 0xff,
    0x32, 0x03, 0xff, 0xcd, 0x01, 0xff, 0x46, 0x00, 0xff, 0x87, 0x00, 0xff,
    0xa7, 0x00, 0xff, 0xa7, 0x00, 0xff, 0xa8, 0x00, 0xff, 0xa8, 0x00, 0xff,
    0xa8, 0x00, 0xff, 0x87, 0x00, 0xff, 0xa8, 0x00, 0xff, 0x4f, 0x02, 0xff,
    0x4b, 0x01, 0xff, 0x67, 0x00, 0xff, 0x46, 0x00, 0xff, 0xd0, 0x02, 0xff,
    0x5f, 0x06, 0xff, 0xc8, 0x00, 0xff, 0x4a, 0x01, 0xff, 0x15, 0x04, 0xff,
    0x0e, 0x02, 0xff, 0x04, 0x00, 0xff, 0xab, 0x01, 0xff, 0x7f, 0x06, 0xff,
    0xed, 0x01, 0xff, 0x67, 0x00, 0xff, 0x87, 0x00, 0xff, 0xcd, 0x01, 0xff,
    0x2e, 0x02, 0xff, 0x67, 0x00, 0xff, 0xa8, 0x00, 0xff, 0xa8, 0x00, 0xff,
    0xa8, 0x00, 0xff, 0xa8, 0x00, 0xff, 0xa8, 0x00, 0xff, 0xa8, 0x00, 0xff,
    0xa8, 0x00, 0xff, 0x67, 0x00, 0xff, 0x2a, 0x01, 0xff, 0x11, 0x03, 0xff,
    0x4b, 0x01, 0xff, 0x46, 0x00, 0xff, 0xa8, 0x00, 0xff, 0xa8, 0x00, 0xff,
    0xa7, 0x00, 0xff, 0xa8, 0x00, 0xff, 0xa7, 0x00, 0xff, 0xa7, 0x00, 0xff,
    0xa8, 0x00, 0xff, 0xa7, 0x00, 0x98, 0x00, 0x00, 0x00, 0x00, 0x00, 0x00,
    0x00, 0x00, 0x00, 0x00, 0x00, 0x00, 0xa7, 0x00, 0x92, 0xa8, 0x00, 0xff,
    0x87, 0x00, 0xff, 0xa7, 0x00, 0xff, 0x87, 0x00, 0xff, 0x87, 0x00, 0xff,
    0x87, 0x00, 0xff, 0x87, 0x00, 0xff, 0xa7, 0x00, 0xff, 0x66, 0x00, 0xff,
    0xa8, 0x00, 0xff, 0x32, 0x03, 0xff, 0x0d, 0x02, 0xff, 0x67, 0x00, 0xff,
    0x87, 0x00, 0xff, 0xa8, 0x00, 0xff, 0xa8, 0x00, 0xff, 0xa8, 0x00, 0xff,
    0xa7, 0x00, 0xff, 0x87, 0x00, 0xff, 0x4f, 0x02, 0xff, 0xee, 0x01, 0xff,
    0x67, 0x00, 0xff, 0xa8, 0x00, 0xff, 0x66, 0x00, 0xff, 0x98, 0x04, 0xff,
    0xfa, 0x04, 0xff, 0x25, 0x00, 0xff, 0x05, 0x00, 0xff, 0x67, 0x00, 0xff,
    0x93, 0x03, 0xff, 0x32, 0x03, 0xff, 0xc8, 0x00, 0xff, 0x9c, 0x05, 0xff,
    0x94, 0x03, 0xff, 0x46, 0x00, 0xff, 0xa8, 0x00, 0xff, 0x87, 0x00, 0xff,
    0x70, 0x02, 0xff, 0x0e, 0x02, 0xff, 0x67, 0x00, 0xff, 0xa8, 0x00, 0xff,
    0xa8, 0x00, 0xff, 0xa8, 0x00, 0xff, 0xa8, 0x00, 0xff, 0xa8, 0x00, 0xff,
    0x67, 0x00, 0xff, 0x4a, 0x01, 0xff, 0x11, 0x03, 0xff, 0x2a, 0x01, 0xff,
    0x46, 0x00, 0xff, 0xa8, 0x00, 0xff, 0xa7, 0x00, 0xff, 0xa7, 0x00, 0xff,
    0xa7, 0x00, 0xff, 0xa7, 0x00, 0xff, 0x87, 0x00, 0xff, 0x87, 0x00, 0xff,
    0xa8, 0x00, 0xff, 0xa7, 0x00, 0x98, 0x00, 0x00, 0x00, 0x00, 0x00, 0x00,
    0x00, 0x00, 0x00, 0x00, 0x00, 0x00, 0xa6, 0x00, 0x92, 0xa7, 0x00, 0xff,
    0x87, 0x00, 0xff, 0x87, 0x00, 0xff, 0x87, 0x00, 0xff, 0x87, 0x00, 0xff,
    0x87, 0x00, 0xff, 0x87, 0x00, 0xff, 0x87, 0x00, 0xff, 0xa7, 0x00, 0xff,
    0x67, 0x00, 0xff, 0x88, 0x00, 0xff, 0x32, 0x03, 0xff, 0x70, 0x02, 0xff,
    0x87, 0x00, 0xff, 0xa8, 0x00, 0xff, 0xa8, 0x00, 0xff, 0xa8, 0x00, 0xff,
    0x87, 0x00, 0xff, 0x0e, 0x02, 0xff, 0x90, 0x02, 0xff, 0x67, 0x00, 0xff,
    0xa8, 0x00, 0xff, 0x87, 0x00, 0xff, 0x09, 0x01, 0xff, 0x9e, 0x05, 0xff,
    0xf7, 0x03, 0xff, 0x8c, 0x01, 0xff, 0x0e, 0x02, 0xff, 0xce, 0x01, 0xff,
    0x8c, 0x01, 0xff, 0x96, 0x03, 0xff, 0x98, 0x03, 0xff, 0xba, 0x04, 0xff,
    0xdb, 0x04, 0xff, 0xa8, 0x00, 0xff, 0xa8, 0x00, 0xff, 0xa8, 0x00, 0xff,
    0xa8, 0x00, 0xff, 0x32, 0x03, 0xff, 0xac, 0x01, 0xff, 0x87, 0x00, 0xff,
    0xc8, 0x00, 0xff, 0xc8, 0x00, 0xff, 0xc8, 0x00, 0xff, 0x87, 0x00, 0xff,
    0x8c, 0x01, 0xff, 0x32, 0x03, 0xff, 0xe9, 0x00, 0xff, 0x67, 0x00, 0xff,
    0xa8, 0x00, 0xff, 0xa8, 0x00, 0xff, 0xa7, 0x00, 0xff, 0xa7, 0x00, 0xff,
    0xa7, 0x00, 0xff, 0x87, 0x00, 0xff, 0x87, 0x00, 0xff, 0x87, 0x00, 0xff,
    0xa8, 0x00, 0xff, 0xa7, 0x00, 0x98, 0x00, 0x00, 0x00, 0x00, 0x00, 0x00,
    0x00, 0x00, 0x00, 0x00, 0x00, 0x00, 0xa7, 0x00, 0x91, 0x87, 0x00, 0xff,
    0x87, 0x00, 0xff, 0x87, 0x00, 0xff, 0x87, 0x00, 0xff, 0x87, 0x00, 0xff,
    0x87, 0x00, 0xff, 0x87, 0x00, 0xff, 0x87, 0x00, 0xff, 0x87, 0x00, 0xff,
    0xa7, 0x00, 0xff, 0x87, 0x00, 0xff, 0x88, 0x00, 0xff, 0x32, 0x03, 0xff,
    0x70, 0x02, 0xff, 0xc9, 0x00, 0xff, 0xea, 0x00, 0xff, 0xa9, 0x00, 0xff,
    0xee, 0x01, 0xff, 0x33, 0x03, 0xff, 0x88, 0x00, 0xff, 0xa8, 0x00, 0xff,
    0xc8, 0x00, 0xff, 0xaa, 0x00, 0xff, 0x51, 0x02, 0xff, 0xbf, 0x05, 0xff,
    0x36, 0x03, 0xff, 0xb4, 0x02, 0xff, 0xd4, 0x02, 0xff, 0xd4, 0x02, 0xff,
    0xd4, 0x02, 0xff, 0x73, 0x02, 0xff, 0x33, 0x02, 0xff, 0xf9, 0x03, 0xff,
    0x7f, 0x05, 0xff, 0xae, 0x01, 0xff, 0xca, 0x00, 0xff, 0xc8, 0x00, 0xff,
    0xa8, 0x00, 0xff, 0x0a, 0x01, 0xff, 0x74, 0x03, 0xff, 0x6c, 0x01, 0xff,
    0xc9, 0x00, 0xff, 0x0b, 0x01, 0xff, 0xa9, 0x00, 0xff, 0xcd, 0x01, 0xff,
    0x53, 0x03, 0xff, 0xe9, 0x00, 0xff, 0x67, 0x00, 0xff, 0xa8, 0x00, 0xff,
    0xa7, 0x00, 0xff, 0xa7, 0x00, 0xff, 0xa7, 0x00, 0xff, 0x87, 0x00, 0xff,
    0x87, 0x00, 0xff, 0x87, 0x00, 0xff, 0x87, 0x00, 0xff, 0x87, 0x00, 0xff,
    0xa7, 0x00, 0xff, 0x86, 0x00, 0x98, 0x00, 0x00, 0x00, 0x00, 0x00, 0x00,
    0x00, 0x00, 0x00, 0x00, 0x00, 0x00, 0xa7, 0x00, 0x91, 0x87, 0x00, 0xff,
    0x87, 0x00, 0xff, 0x87, 0x00, 0xff, 0x87, 0x00, 0xff, 0x87, 0x00, 0xff,
    0x87, 0x00, 0xff, 0x87, 0x00, 0xff, 0x87, 0x00, 0xff, 0x87, 0x00, 0xff,
    0x87, 0x00, 0xff, 0xa7, 0x00, 0xff, 0xa7, 0x00, 0xff, 0xa8, 0x00, 0xff,
    0x94, 0x03, 0xff, 0xf7, 0x1c, 0xff, 0xd9, 0x25, 0xff, 0xf7, 0x1c, 0xff,
    0xf6, 0x03, 0xff, 0x0b, 0x01, 0xff, 0xc8, 0x00, 0xff, 0xe9, 0x00, 0xff,
    0x8f, 0x01, 0xff, 0x31, 0x02, 0xff, 0x1b, 0x05, 0xff, 0x1d, 0x05, 0xff,
    0x4c, 0x01, 0xff, 0xaa, 0x00, 0xff, 0xa9, 0x00, 0xff, 0xa9, 0x00, 0xff,
    0xa9, 0x00, 0xff, 0xca, 0x00, 0xff, 0xca, 0x00, 0xff, 0xee, 0x01, 0xff,
    0x7f, 0x05, 0xff, 0x58, 0x04, 0xff, 0x8f, 0x01, 0xff, 0x4d, 0x01, 0xff,
    0xe9, 0x00, 0xff, 0xa8, 0x00, 0xff, 0xad, 0x01, 0xff, 0x36, 0x0c, 0xff,
    0x17, 0x25, 0xff, 0xf9, 0x25, 0xff, 0x35, 0x14, 0xff, 0x95, 0x03, 0xff,
    0x0b, 0x01, 0xff, 0x87, 0x00, 0xff, 0xa8, 0x00, 0xff, 0xa7, 0x00, 0xff,
    0xa7, 0x00, 0xff, 0xa7, 0x00, 0xff, 0x87, 0x00, 0xff, 0x87, 0x00, 0xff,
    0x87, 0x00, 0xff, 0x87, 0x00, 0xff, 0x87, 0x00, 0xff, 0x87, 0x00, 0xff,
    0x87, 0x00, 0xff, 0x86, 0x00, 0x98, 0x00, 0x00, 0x00, 0x00, 0x00, 0x00,
    0x00, 0x00, 0x00, 0x00, 0x00, 0x00, 0xa7, 0x00, 0x91, 0xa7, 0x00, 0xff,
    0x87, 0x00, 0xff, 0x87, 0x00, 0xff, 0x87, 0x00, 0xff, 0x87, 0x00, 0xff,
    0x87, 0x00, 0xff, 0x87, 0x00, 0xff, 0x87, 0x00, 0xff, 0x87, 0x00, 0xff,
    0x87, 0x00, 0xff, 0xa7, 0x00, 0xff, 0xc8, 0x00, 0xff, 0xea, 0x00, 0xff,
    0x96, 0x14, 0xff, 0xff, 0x1f, 0xff, 0xff, 0x37, 0xff, 0xff, 0x1f, 0xff,
    0xfa, 0x15, 0xff, 0x4c, 0x01, 0xff, 0xc8, 0x00, 0xff, 0x4c, 0x01, 0xff,
    0x76, 0x02, 0xff, 0xf5, 0x02, 0xff, 0xfd, 0x05, 0xff, 0x9c, 0x05, 0xff,
    0x4c, 0x01, 0xff, 0x0b, 0x01, 0xff, 0x0c, 0x01, 0xff, 0x0b, 0x01, 0xff,
    0x0b, 0x01, 0xff, 0x0c, 0x01, 0xff, 0xeb, 0x00, 0xff, 0xce, 0x01, 0xff,
    0x1d, 0x06, 0xff, 0x5b, 0x05, 0xff, 0xf1, 0x01, 0xff, 0xd1, 0x01, 0xff,
    0x2b, 0x01, 0xff, 0xc9, 0x00, 0xff, 0xad, 0x01, 0xff, 0xbc, 0x1e, 0xff,
    0xff, 0x27, 0xff, 0xff, 0x2f, 0xff, 0xff, 0x17, 0xff, 0x15, 0x0c, 0xff,
    0xc9, 0x00, 0xff, 0xa8, 0x00, 0xff, 0xa8, 0x00, 0xff, 0xa7, 0x00, 0xff,
    0xa7, 0x00, 0xff, 0xa7, 0x00, 0xff, 0x87, 0x00, 0xff, 0x87, 0x00, 0xff,
    0x87, 0x00, 0xff, 0x87, 0x00, 0xff, 0x87, 0x00, 0xff, 0x87, 0x00, 0xff,
    0x87, 0x00, 0xff, 0x86, 0x00, 0x98, 0x00, 0x00, 0x00, 0x00, 0x00, 0x00,
    0x00, 0x00, 0x00, 0x00, 0x00, 0x00, 0xa7, 0x00, 0x91, 0xa7, 0x00, 0xff,
    0x87, 0x00, 0xff, 0x87, 0x00, 0xff, 0x87, 0x00, 0xff, 0x87, 0x00, 0xff,
    0x87, 0x00, 0xff, 0x87, 0x00, 0xff, 0x87, 0x00, 0xff, 0x87, 0x00, 0xff,
    0x87, 0x00, 0xff, 0xa7, 0x00, 0xff, 0xc8, 0x00, 0xff, 0xad, 0x01, 0xff,
    0x7d, 0x06, 0xff, 0x9f, 0x0f, 0xff, 0xff, 0x1f, 0xff, 0x5f, 0x07, 0xff,
    0xbf, 0x06, 0xff, 0xb0, 0x02, 0xff, 0xa9, 0x00, 0xff, 0xc9, 0x00, 0xff,
    0x72, 0x02, 0xff, 0x39, 0x03, 0xff, 0xd8, 0x02, 0xff, 0x17, 0x03, 0xff,
    0x34, 0x02, 0xff, 0xf2, 0x01, 0xff, 0xd2, 0x01, 0xff, 0xd1, 0x01, 0xff,
    0xd1, 0x01, 0xff, 0xd2, 0x01, 0xff, 0xd2, 0x01, 0xff, 0x33, 0x02, 0xff,
    0xb5, 0x02, 0xff, 0x34, 0x02, 0xff, 0x95, 0x02, 0xff, 0x10, 0x02, 0xff,
    0xc9, 0x00, 0xff, 0xc9, 0x00, 0xff, 0x52, 0x03, 0xff, 0x5f, 0x07, 0xff,
    0xdf, 0x17, 0xff, 0xff, 0x17, 0xff, 0x3f, 0x07, 0xff, 0xdb, 0x0d, 0xff,
    0x4b, 0x01, 0xff, 0xa8, 0x00, 0xff, 0xa7, 0x00, 0xff, 0xa7, 0x00, 0xff,
    0xa7, 0x00, 0xff, 0x87, 0x00, 0xff, 0x87, 0x00, 0xff, 0x87, 0x00, 0xff,
    0x87, 0x00, 0xff, 0x87, 0x00, 0xff, 0x87, 0x00, 0xff, 0x87, 0x00, 0xff,
    0x87, 0x00, 0xff, 0xa6, 0x00, 0x98, 0x00, 0x00, 0x00, 0x00, 0x00, 0x00,
    0x00, 0x00, 0x00, 0x00, 0x00, 0x00, 0x86, 0x00, 0x92, 0x87, 0x00, 0xff,
    0x87, 0x00, 0xff, 0x87, 0x00, 0xff, 0x87, 0x00, 0xff, 0x87, 0x00, 0xff,
    0x87, 0x00, 0xff, 0x87, 0x00, 0xff, 0x87, 0x00, 0xff, 0x87, 0x00, 0xff,
    0xa7, 0x00, 0xff, 0xc8, 0x00, 0xff, 0xc9, 0x00, 0xff, 0x8c, 0x01, 0xff,
    0xbb, 0x05, 0xff, 0xdf, 0x05, 0xff, 0xbf, 0x05, 0xff, 0x1e, 0x05, 0xff,
    0xfe, 0x05, 0xff, 0xb0, 0x02, 0xff, 0x88, 0x00, 0xff, 0xc8, 0x00, 0xff,
    0xa8, 0x00, 0xff, 0xad, 0x01, 0xff, 0xd3, 0x02, 0xff, 0x77, 0x03, 0xff,
    0xd9, 0x03, 0xff, 0xd9, 0x03, 0xff, 0x99, 0x03, 0xff, 0x78, 0x03, 0xff,
    0x78, 0x03, 0xff, 0x78, 0x03, 0xff, 0x78, 0x03, 0xff, 0x57, 0x03, 0xff,
    0xf5, 0x02, 0xff, 0x72, 0x02, 0xff, 0x8c, 0x01, 0xff, 0xa8, 0x00, 0xff,
    0xc8, 0x00, 0xff, 0x88, 0x00, 0xff, 0x32, 0x03, 0xff, 0x7f, 0x06, 0xff,
    0xbe, 0x05, 0xff, 0x7f, 0x05, 0xff, 0x7f, 0x05, 0xff, 0x19, 0x05, 0xff,
    0x2a, 0x01, 0xff, 0xc8, 0x00, 0xff, 0xa8, 0x00, 0xff, 0x87, 0x00, 0xff,
    0x87, 0x00, 0xff, 0x87, 0x00, 0xff, 0x87, 0x00, 0xff, 0x87, 0x00, 0xff,
    0x87, 0x00, 0xff, 0x87, 0x00, 0xff, 0x87, 0x00, 0xff, 0x87, 0x00, 0xff,
    0x87, 0x00, 0xff, 0x86, 0x00, 0x99, 0x00, 0x00, 0x00, 0x00, 0x00, 0x00,
    0x00, 0x00, 0x00, 0x00, 0x00, 0x00, 0x86, 0x00, 0x91, 0x87, 0x00, 0xff,
    0x87, 0x00, 0xff, 0x87, 0x00, 0xff, 0x87, 0x00, 0xff, 0x87, 0x00, 0xff,
    0x87, 0x00, 0xff, 0x87, 0x00, 0xff, 0x87, 0x00, 0xff, 0x87, 0x00, 0xff,
    0xa7, 0x00, 0xff, 0xc9, 0x00, 0xff, 0xe9, 0x00, 0xff, 0x0b, 0x01, 0xff,
    0x34, 0x03, 0xff, 0x9d, 0x0d, 0xff, 0xfe, 0x04, 0xff, 0x3e, 0x05, 0xff,
    0x17, 0x04, 0xff, 0x32, 0x03, 0xff, 0x4e, 0x02, 0xff, 0xc9, 0x00, 0xff,
    0x87, 0x00, 0xff, 0x87, 0x00, 0xff, 0x67, 0x00, 0xff, 0xc8, 0x00, 0xff,
    0x6a, 0x01, 0xff, 0xec, 0x01, 0xff, 0x2e, 0x02, 0xff, 0x6f, 0x02, 0xff,
    0x6f, 0x02, 0xff, 0x0d, 0x02, 0xff, 0xcc, 0x01, 0xff, 0x4a, 0x01, 0xff,
    0xc8, 0x00, 0xff, 0x87, 0x00, 0xff, 0x87, 0x00, 0xff, 0x87, 0x00, 0xff,
    0xa8, 0x00, 0xff, 0x2d, 0x02, 0xff, 0x52, 0x03, 0xff, 0xd9, 0x04, 0xff,
    0x7e, 0x05, 0xff, 0xfe, 0x04, 0xff, 0x5d, 0x05, 0xff, 0x91, 0x02, 0xff,
    0xea, 0x00, 0xff, 0xc8, 0x00, 0xff, 0xa8, 0x00, 0xff, 0x87, 0x00, 0xff,
    0x87, 0x00, 0xff, 0x87, 0x00, 0xff, 0x87, 0x00, 0xff, 0x87, 0x00, 0xff,
    0x87, 0x00, 0xff, 0x87, 0x00, 0xff, 0x87, 0x00, 0xff, 0x87, 0x00, 0xff,
    0x87, 0x00, 0xff, 0x86, 0x00, 0x97, 0x00, 0x00, 0x00, 0x00, 0x00, 0x00,
    0x00, 0x00, 0x00, 0x00, 0x00, 0x00, 0x86, 0x00, 0x81, 0x87, 0x00, 0xff,
    0x87, 0x00, 0xff, 0x87, 0x00, 0xff, 0x87, 0x00, 0xff, 0x87, 0x00, 0xff,
    0x87, 0x00, 0xff, 0x87, 0x00, 0xff, 0x87, 0x00, 0xff, 0x87, 0x00, 0xff,
    0xa7, 0x00, 0xff, 0xc8, 0x00, 0xff, 0x2a, 0x01, 0xff, 0x2b, 0x01, 0xff,
    0x6d, 0x01, 0xff, 0xb3, 0x02, 0xff, 0x96, 0x03, 0xff, 0xd4, 0x02, 0xff,
    0x2c, 0x01, 0xff, 0x0a, 0x01, 0xff, 0x4f, 0x02, 0xff, 0x11, 0x03, 0xff,
    0xac, 0x01, 0xff, 0x67, 0x00, 0xff, 0x87, 0x00, 0xff, 0xa7, 0x00, 0xff,
    0x87, 0x00, 0xff, 0x67, 0x00, 0xff, 0x46, 0x00, 0xff, 0x4c, 0x01, 0xff,
    0x4c, 0x01, 0xff, 0x46, 0x00, 0xff, 0x87, 0x00, 0xff, 0x87, 0x00, 0xff,
    0xa7, 0x00, 0xff, 0x87, 0x00, 0xff, 0x67, 0x00, 0xff, 0xab, 0x01, 0xff,
    0xf0, 0x02, 0xff, 0x6f, 0x02, 0xff, 0x0a, 0x01, 0xff, 0x6d, 0x01, 0xff,
    0x14, 0x03, 0xff, 0x75, 0x03, 0xff, 0x51, 0x02, 0xff, 0x4c, 0x01, 0xff,
    0xe9, 0x00, 0xff, 0xe9, 0x00, 0xff, 0xa8, 0x00, 0xff, 0x87, 0x00, 0xff,
    0x87, 0x00, 0xff, 0x87, 0x00, 0xff, 0x87, 0x00, 0xff, 0x87, 0x00, 0xff,
    0x87, 0x00, 0xff, 0x87, 0x00, 0xff, 0x87, 0x00, 0xff, 0x87, 0x00, 0xff,
    0x87, 0x00, 0xff, 0x86, 0x00, 0x86, 0x00, 0x00, 0x00, 0x00, 0x00, 0x00,
    0x00, 0x00, 0x00, 0x00, 0x00, 0x00, 0x86, 0x00, 0x58, 0x87, 0x00, 0xff,
    0x87, 0x00, 0xff, 0x87, 0x00, 0xff, 0x87, 0x00, 0xff, 0x87, 0x00, 0xff,
    0x87, 0x00, 0xff, 0x87, 0x00, 0xff, 0xa7, 0x00, 0xff, 0xa7, 0x00, 0xff,
    0xa7, 0x00, 0xff, 0xa8, 0x00, 0xff, 0xc8, 0x00, 0xff, 0x2b, 0x01, 0xff,
    0x4b, 0x01, 0xff, 0x4c, 0x01, 0xff, 0x2c, 0x01, 0xff, 0x2b, 0x01, 0xff,
    0x0a, 0x01, 0xff, 0xe9, 0x00, 0xff, 0x88, 0x00, 0xff, 0xe9, 0x00, 0xff,
    0x6e, 0x02, 0xff, 0xd0, 0x02, 0xff, 0x4a, 0x01, 0xff, 0x67, 0x00, 0xff,
    0x88, 0x00, 0xff, 0xc8, 0x00, 0xff, 0x67, 0x00, 0xff, 0x0e, 0x02, 0xff,
    0x0f, 0x02, 0xff, 0x68, 0x00, 0xff, 0xc8, 0x00, 0xff, 0x87, 0x00, 0xff,
    0x67, 0x00, 0xff, 0x4a, 0x01, 0xff, 0xaf, 0x02, 0xff, 0x8e, 0x02, 0xff,
    0x09, 0x01, 0xff, 0x88, 0x00, 0xff, 0xe9, 0x00, 0xff, 0x0a, 0x01, 0xff,
    0x0b, 0x01, 0xff, 0x0b, 0x01, 0xff, 0x2b, 0x01, 0xff, 0x0a, 0x01, 0xff,
    0xe9, 0x00, 0xff, 0xa8, 0x00, 0xff, 0xa8, 0x00, 0xff, 0xa7, 0x00, 0xff,
    0x87, 0x00, 0xff, 0x87, 0x00, 0xff, 0x87, 0x00, 0xff, 0x87, 0x00, 0xff,
    0x87, 0x00, 0xff, 0x87, 0x00, 0xff, 0x87, 0x00, 0xff, 0x87, 0x00, 0xff,
    0x87, 0x00, 0xff, 0x86, 0x08, 0x5e, 0x00, 0x00, 0x00, 0x00, 0x00, 0x00,
    0x00, 0x00, 0x00, 0x00, 0x00, 0x00, 0xa5, 0x08, 0x20, 0x86, 0x00, 0xfc,
    0x87, 0x00, 0xff, 0x87, 0x00, 0xff, 0x87, 0x00, 0xff, 0x87, 0x00, 0xff,
    0x87, 0x00, 0xff, 0x87, 0x00, 0xff, 0x87, 0x00, 0xff, 0xa7, 0x00, 0xff,
    0xa7, 0x00, 0xff, 0xa8, 0x00, 0xff, 0xa8, 0x00, 0xff, 0xa8, 0x00, 0xff,
    0xc9, 0x00, 0xff, 0xe9, 0x00, 0xff, 0xe9, 0x00, 0xff, 0xe9, 0x00, 0xff,
    0xc9, 0x00, 0xff, 0xa8, 0x00, 0xff, 0xa8, 0x00, 0xff, 0xa8, 0x00, 0xff,
    0x67, 0x00, 0xff, 0x2a, 0x01, 0xff, 0xaf, 0x02, 0xff, 0xaf, 0x02, 0xff,
    0x2a, 0x01, 0xff, 0xc9, 0x00, 0xff, 0x6f, 0x0a, 0xff, 0x38, 0x1d, 0xff,
    0x18, 0x1d, 0xff, 0x6f, 0x0a, 0xff, 0xa9, 0x00, 0xff, 0x09, 0x01, 0xff,
    0x6e, 0x02, 0xff, 0xaf, 0x02, 0xff, 0x4a, 0x01, 0xff, 0x46, 0x00, 0xff,
    0x87, 0x00, 0xff, 0xa8, 0x00, 0xff, 0xc8, 0x00, 0xff, 0xc9, 0x00, 0xff,
    0xe9, 0x00, 0xff, 0xe9, 0x00, 0xff, 0xe9, 0x00, 0xff, 0xc8, 0x00, 0xff,
    0xa8, 0x00, 0xff, 0xa8, 0x00, 0xff, 0xa7, 0x00, 0xff, 0xa7, 0x00, 0xff,
    0x87, 0x00, 0xff, 0x87, 0x00, 0xff, 0x87, 0x00, 0xff, 0x87, 0x00, 0xff,
    0x87, 0x00, 0xff, 0x87, 0x00, 0xff, 0x87, 0x00, 0xff, 0x87, 0x00, 0xff,
    0x86, 0x00, 0xfe, 0xa6, 0x08, 0x25, 0x00, 0x00, 0x00, 0x00, 0x00, 0x00,
    0x00, 0x00, 0x00, 0x00, 0x00, 0x00, 0x00, 0x00, 0x00, 0x86, 0x00, 0xc2,
    0x87, 0x00, 0xff, 0x87, 0x00, 0xff, 0x87, 0x00, 0xff, 0x87, 0x00, 0xff,
    0x87, 0x00, 0xff, 0x87, 0x00, 0xff, 0x87, 0x00, 0xff, 0x87, 0x00, 0xff,
    0xa7, 0x00, 0xff, 0x87, 0x00, 0xff, 0xa7, 0x00, 0xff, 0xa8, 0x00, 0xff,
    0xa8, 0x00, 0xff, 0xa8, 0x00, 0xff, 0xa8, 0x00, 0xff, 0xa8, 0x00, 0xff,
    0xa8, 0x00, 0xff, 0xa8, 0x00, 0xff, 0xa8, 0x00, 0xff, 0xa8, 0x00, 0xff,
    0xa8, 0x00, 0xff, 0x87, 0x00, 0xff, 0x47, 0x00, 0xff, 0xac, 0x01, 0xff,
    0x32, 0x03, 0xff, 0xd4, 0x0b, 0xff, 0x5e, 0x27, 0xff, 0xff, 0x2f, 0xff,
    0xff, 0x27, 0xff, 0x3e, 0x17, 0xff, 0xb4, 0x03, 0xff, 0x11, 0x03, 0xff,
    0xcc, 0x01, 0xff, 0x67, 0x00, 0xff, 0x87, 0x00, 0xff, 0xa8, 0x00, 0xff,
    0xa8, 0x00, 0xff, 0xa8, 0x00, 0xff, 0xa8, 0x00, 0xff, 0xa8, 0x00, 0xff,
    0xa8, 0x00, 0xff, 0xa8, 0x00, 0xff, 0xa8, 0x00, 0xff, 0xa8, 0x00, 0xff,
    0xa8, 0x00, 0xff, 0xa8, 0x00, 0xff, 0xa7, 0x00, 0xff, 0x87, 0x00, 0xff,
    0x87, 0x00, 0xff, 0x87, 0x00, 0xff, 0x87, 0x00, 0xff, 0x87, 0x00, 0xff,
    0x87, 0x00, 0xff, 0x87, 0x00, 0xff, 0x87, 0x00, 0xff, 0x87, 0x00, 0xff,
    0x86, 0x00, 0xc8, 0x00, 0x00, 0x00, 0x00, 0x00, 0x00, 0x00, 0x00, 0x00,
    0x00, 0x00, 0x00, 0x00, 0x00, 0x00, 0x00, 0x00, 0x00, 0x86, 0x08, 0x52,
    0x87, 0x00, 0xff, 0x87, 0x00, 0xff, 0x87, 0x00, 0xff, 0x87, 0x00, 0xff,
    0x87, 0x00, 0xff, 0x87, 0x00, 0xff, 0x87, 0x00, 0xff, 0x87, 0x00, 0xff,
    0x87, 0x00, 0xff, 0x87, 0x00, 0xff, 0xa7, 0x00, 0xff, 0xa7, 0x00, 0xff,
    0xa7, 0x00, 0xff, 0xa8, 0x00, 0xff, 0xa8, 0x00, 0xff, 0xa8, 0x00, 0xff,
    0xa8, 0x00, 0xff, 0xa8, 0x00, 0xff, 0xa8, 0x00, 0xff, 0xa8, 0x00, 0xff,
    0xa7, 0x00, 0xff, 0xa8, 0x00, 0xff, 0xa8, 0x00, 0xff, 0x87, 0x00, 0xff,
    0x2b, 0x01, 0xff, 0x9a, 0x0d, 0xff, 0x9f, 0x07, 0xff, 0xff, 0x27, 0xff,
    0xff, 0x1f, 0xff, 0x5f, 0x07, 0xff, 0x9b, 0x0d, 0xff, 0x2b, 0x01, 0xff,
    0x67, 0x00, 0xff, 0xa8, 0x00, 0xff, 0xa8, 0x00, 0xff, 0xa8, 0x00, 0xff,
    0xa7, 0x00, 0xff, 0xa8, 0x00, 0xff, 0xa8, 0x00, 0xff, 0xa8, 0x00, 0xff,
    0xa8, 0x00, 0xff, 0xa7, 0x00, 0xff, 0xa7, 0x00, 0xff, 0xa7, 0x00, 0xff,
    0xa7, 0x00, 0xff, 0xa7, 0x00, 0xff, 0xa7, 0x00, 0xff, 0x87, 0x00, 0xff,
    0x87, 0x00, 0xff, 0x87, 0x00, 0xff, 0x87, 0x00, 0xff, 0x87, 0x00, 0xff,
    0x87, 0x00, 0xff, 0x87, 0x00, 0xff, 0x87, 0x00, 0xff, 0x87, 0x00, 0xff,
    0xa6, 0x08, 0x59, 0x00, 0x00, 0x00, 0x00, 0x00, 0x00, 0x00, 0x00, 0x00,
    0x00, 0x00, 0x00, 0x00, 0x00, 0x00, 0x00, 0x00, 0x00, 0x00, 0x00, 0x00,
    0x86, 0x00, 0xc5, 0x87, 0x00, 0xff, 0x87, 0x00, 0xff, 0x87, 0x00, 0xff,
    0x87, 0x00, 0xff, 0x87, 0x00, 0xff, 0x87, 0x00, 0xff, 0x87, 0x00, 0xff,
    0x87, 0x00, 0xff, 0x87, 0x00, 0xff, 0x87, 0x00, 0xff, 0x87, 0x00, 0xff,
    0xa7, 0x00, 0xff, 0xa7, 0x00, 0xff, 0xa7, 0x00, 0xff, 0xa7, 0x00, 0xff,
    0xa7, 0x00, 0xff, 0xa7, 0x00, 0xff, 0xa7, 0x00, 0xff, 0xa7, 0x00, 0xff,
    0xa8, 0x00, 0xff, 0xa8, 0x00, 0xff, 0xa8, 0x00, 0xff, 0xc9, 0x00, 0xff,
    0x0a, 0x01, 0xff, 0x39, 0x05, 0xff, 0x5f, 0x06, 0xff, 0xbf, 0x06, 0xff,
    0x1f, 0x06, 0xff, 0xdf, 0x05, 0xff, 0xf9, 0x04, 0xff, 0x0a, 0x01, 0xff,
    0xc9, 0x00, 0xff, 0xa8, 0x00, 0xff, 0xa8, 0x00, 0xff, 0xa7, 0x00, 0xff,
    0xa8, 0x00, 0xff, 0xa8, 0x00, 0xff, 0xa7, 0x00, 0xff, 0xa7, 0x00, 0xff,
    0xa7, 0x00, 0xff, 0xa7, 0x00, 0xff, 0xa7, 0x00, 0xff, 0x87, 0x00, 0xff,
    0xa7, 0x00, 0xff, 0xa7, 0x00, 0xff, 0x87, 0x00, 0xff, 0x87, 0x00, 0xff,
    0x87, 0x00, 0xff, 0x87, 0x00, 0xff, 0x87, 0x00, 0xff, 0x87, 0x00, 0xff,
    0x87, 0x00, 0xff, 0x87, 0x00, 0xff, 0x87, 0x00, 0xff, 0x86, 0x00, 0xcb,
    0x00, 0xf8, 0x01, 0x00, 0x00, 0x00, 0x00, 0x00, 0x00, 0x00, 0x00, 0x00,
    0x00, 0x00, 0x00, 0x00, 0x00, 0x00, 0x00, 0x00, 0x00, 0x00, 0x00, 0x00,
    0x85, 0x08, 0x28, 0x86, 0x00, 0xf6, 0x87, 0x00, 0xff, 0x86, 0x00, 0xff,
    0x87, 0x00, 0xff, 0x87, 0x00, 0xff, 0x87, 0x00, 0xff, 0x87, 0x00, 0xff,
    0x87, 0x00, 0xff, 0x87, 0x00, 0xff, 0x87, 0x00, 0xff, 0x87, 0x00, 0xff,
    0x87, 0x00, 0xff, 0xa7, 0x00, 0xff, 0x87, 0x00, 0xff, 0x87, 0x00, 0xff,
    0xa7, 0x00, 0xff, 0xa7, 0x00, 0xff, 0xa7, 0x00, 0xff, 0xa7, 0x00, 0xff,
    0xa7, 0x00, 0xff, 0xa8, 0x00, 0xff, 0xa8, 0x00, 0xff, 0xe9, 0x00, 0xff,
    0xe9, 0x00, 0xff, 0x12, 0x03, 0xff, 0x3e, 0x06, 0xff, 0x3e, 0x05, 0xff,
    0xfe, 0x04, 0xff, 0xbe, 0x05, 0xff, 0xb2, 0x02, 0xff, 0xe9, 0x00, 0xff,
    0xe9, 0x00, 0xff, 0xa8, 0x00, 0xff, 0xa7, 0x00, 0xff, 0xa8, 0x00, 0xff,
    0xa7, 0x00, 0xff, 0x87, 0x00, 0xff, 0xa7, 0x00, 0xff, 0xa7, 0x00, 0xff,
    0xa7, 0x00, 0xff, 0xa7, 0x00, 0xff, 0xa7, 0x00, 0xff, 0x87, 0x00, 0xff,
    0x87, 0x00, 0xff, 0x87, 0x00, 0xff, 0x87, 0x00, 0xff, 0x87, 0x00, 0xff,
    0x87, 0x00, 0xff, 0x87, 0x00, 0xff, 0x87, 0x00, 0xff, 0x87, 0x00, 0xff,
    0x87, 0x00, 0xff, 0x87, 0x00, 0xff, 0x86, 0x00, 0xfa, 0xa6, 0x08, 0x2d,
    0x00, 0x00, 0x00, 0x00, 0x00, 0x00, 0x00, 0x00, 0x00, 0x00, 0x00, 0x00,
    0x00, 0x00, 0x00, 0x00, 0x00, 0x00, 0x00, 0x00, 0x00, 0x00, 0x00, 0x00,
    0x00, 0x00, 0x00, 0x85, 0x08, 0x50, 0x87, 0x00, 0xff, 0x87, 0x00, 0xff,
    0x86, 0x00, 0xff, 0x87, 0x00, 0xff, 0x87, 0x00, 0xff, 0x87, 0x00, 0xff,
    0x87, 0x00, 0xff, 0x87, 0x00, 0xff, 0x87, 0x00, 0xff, 0x87, 0x00, 0xff,
    0x87, 0x00, 0xff, 0x87, 0x00, 0xff, 0x87, 0x00, 0xff, 0x87, 0x00, 0xff,
    0xa7, 0x00, 0xff, 0xa7, 0x00, 0xff, 0xa7, 0x00, 0xff, 0xa7, 0x00, 0xff,
    0xa7, 0x00, 0xff, 0xa8, 0x00, 0xff, 0xa8, 0x00, 0xff, 0xe9, 0x00, 0xff,
    0x0a, 0x01, 0xff, 0x2b, 0x01, 0xff, 0xf3, 0x02, 0xff, 0x99, 0x04, 0xff,
    0x79, 0x04, 0xff, 0xb3, 0x02, 0xff, 0x0b, 0x01, 0xff, 0x0a, 0x01, 0xff,
    0xe9, 0x00, 0xff, 0xa8, 0x00, 0xff, 0xa8, 0x00, 0xff, 0xa7, 0x00, 0xff,
    0xa7, 0x00, 0xff, 0x87, 0x00, 0xff, 0xa7, 0x00, 0xff, 0xa7, 0x00, 0xff,
    0xa7, 0x00, 0xff, 0x87, 0x00, 0xff, 0x87, 0x00, 0xff, 0x87, 0x00, 0xff,
    0x87, 0x00, 0xff, 0x87, 0x00, 0xff, 0x87, 0x00, 0xff, 0x87, 0x00, 0xff,
    0x87, 0x00, 0xff, 0x87, 0x00, 0xff, 0x87, 0x00, 0xff, 0x87, 0x00, 0xff,
    0x87, 0x00, 0xff, 0x87, 0x00, 0xff, 0xa6, 0x08, 0x57, 0x00, 0x00, 0x00,
    0x00, 0x00, 0x00, 0x00, 0x00, 0x00, 0x00, 0x00, 0x00, 0x00, 0x00, 0x00,
    0x00, 0x00, 0x00, 0x00, 0x00, 0x00, 0x00, 0x00, 0x00, 0x00, 0x00, 0x00,
    0x00, 0x00, 0x00, 0x00, 0x00, 0x00, 0x86, 0x08, 0x54, 0x86, 0x00, 0xf6,
    0x87, 0x00, 0xff, 0x86, 0x00, 0xff, 0x87, 0x00, 0xff, 0x87, 0x00, 0xff,
    0x87, 0x00, 0xff, 0x87, 0x00, 0xff, 0x87, 0x00, 0xff, 0x87, 0x00, 0xff,
    0x87, 0x00, 0xff, 0x87, 0x00, 0xff, 0x87, 0x00, 0xff, 0x87, 0x00, 0xff,
    0x87, 0x00, 0xff, 0x87, 0x00, 0xff, 0x87, 0x00, 0xff, 0x87, 0x00, 0xff,
    0xa7, 0x00, 0xff, 0xa7, 0x00, 0xff, 0xa8, 0x00, 0xff, 0xa8, 0x00, 0xff,
    0xe9, 0x00, 0xff, 0x2b, 0x01, 0xff, 0x4c, 0x01, 0xff, 0x4d, 0x01, 0xff,
    0x4d, 0x01, 0xff, 0x2b, 0x01, 0xff, 0x0a, 0x01, 0xff, 0xe9, 0x00, 0xff,
    0xa8, 0x00, 0xff, 0xa8, 0x00, 0xff, 0xa7, 0x00, 0xff, 0xa7, 0x00, 0xff,
    0xa7, 0x00, 0xff, 0xa7, 0x00, 0xff, 0xa7, 0x00, 0xff, 0x87, 0x00, 0xff,
    0x87, 0x00, 0xff, 0x87, 0x00, 0xff, 0x87, 0x00, 0xff, 0x87, 0x00, 0xff,
    0x87, 0x00, 0xff, 0x87, 0x00, 0xff, 0x87, 0x00, 0xff, 0x87, 0x00, 0xff,
    0x87, 0x00, 0xff, 0x87, 0x00, 0xff, 0x87, 0x00, 0xff, 0x87, 0x00, 0xff,
    0x86, 0x00, 0xf9, 0x86, 0x08, 0x5b, 0x00, 0x00, 0x00, 0x00, 0x00, 0x00,
    0x00, 0x00, 0x00, 0x00, 0x00, 0x00, 0x00, 0x00, 0x00, 0x00, 0x00, 0x00,
    0x00, 0x00, 0x00, 0x00, 0x00, 0x00, 0x00, 0x00, 0x00, 0x00, 0x00, 0x00,
    0x00, 0x00, 0x00, 0x00, 0x00, 0x00, 0x00, 0x00, 0x00, 0xa6, 0x08, 0x31,
    0x86, 0x00, 0xc6, 0x87, 0x00, 0xff, 0x87, 0x00, 0xff, 0x87, 0x00, 0xff,
    0x87, 0x00, 0xff, 0x87, 0x00, 0xff, 0x87, 0x00, 0xff, 0x87, 0x00, 0xff,
    0x87, 0x00, 0xff, 0x87, 0x00, 0xff, 0x87, 0x00, 0xff, 0x87, 0x00, 0xff,
    0x87, 0x00, 0xff, 0x87, 0x00, 0xff, 0x87, 0x00, 0xff, 0x87, 0x00, 0xff,
    0x87, 0x00, 0xff, 0x87, 0x00, 0xff, 0xa7, 0x00, 0xff, 0xa8, 0x00, 0xff,
    0xa8, 0x00, 0xff, 0xc9, 0x00, 0xff, 0xe9, 0x00, 0xff, 0xea, 0x00, 0xff,
    0x0a, 0x01, 0xff, 0xe9, 0x00, 0xff, 0xc8, 0x00, 0xff, 0xa8, 0x00, 0xff,
    0xa8, 0x00, 0xff, 0xa8, 0x00, 0xff, 0xa7, 0x00, 0xff, 0x87, 0x00, 0xff,
    0x87, 0x00, 0xff, 0xa7, 0x00, 0xff, 0x87, 0x00, 0xff, 0x87, 0x00, 0xff,
    0x87, 0x00, 0xff, 0x87, 0x00, 0xff, 0x87, 0x00, 0xff, 0x87, 0x00, 0xff,
    0x87, 0x00, 0xff, 0x87, 0x00, 0xff, 0x87, 0x00, 0xff, 0x87, 0x00, 0xff,
    0x87, 0x00, 0xff, 0x87, 0x00, 0xff, 0x87, 0x00, 0xff, 0x86, 0x00, 0xca,
    0x85, 0x08, 0x36, 0x00, 0x00, 0x00, 0x00, 0x00, 0x00, 0x00, 0x00, 0x00,
    0x00, 0x00, 0x00, 0x00, 0x00, 0x00, 0x00, 0x00, 0x00, 0x00, 0x00, 0x00,
    0x00, 0x00, 0x00, 0x00, 0x00, 0x00, 0x00, 0x00, 0x00, 0x00, 0x00, 0x00,
    0x00, 0x00, 0x00, 0x00, 0x00, 0x00, 0x00, 0x00, 0x00, 0x00, 0x00, 0x00,
    0x00, 0x00, 0x00, 0xa6, 0x00, 0x60, 0x87, 0x00, 0xc8, 0x87, 0x00, 0xff,
    0x87, 0x00, 0xff, 0x87, 0x00, 0xff, 0x87, 0x00, 0xff, 0x87, 0x00, 0xff,
    0x87, 0x00, 0xff, 0x87, 0x00, 0xff, 0x87, 0x00, 0xff, 0x87, 0x00, 0xff,
    0x88, 0x00, 0xff, 0x87, 0x00, 0xff, 0x87, 0x00, 0xff, 0xa8, 0x00, 0xff,
    0xa8, 0x00, 0xff, 0xa8, 0x00, 0xff, 0xa8, 0x00, 0xff, 0xa8, 0x00, 0xff,
    0xa8, 0x00, 0xff, 0xc9, 0x00, 0xff, 0xc9, 0x00, 0xff, 0xc9, 0x00, 0xff,
    0xc9, 0x00, 0xff, 0xc8, 0x00, 0xff, 0xc8, 0x00, 0xff, 0xa8, 0x00, 0xff,
    0xa8, 0x00, 0xff, 0xa8, 0x00, 0xff, 0xa8, 0x00, 0xff, 0xa8, 0x00, 0xff,
    0xa8, 0x00, 0xff, 0xa8, 0x00, 0xff, 0xa8, 0x00, 0xff, 0xa8, 0x00, 0xff,
    0x87, 0x00, 0xff, 0xa8, 0x00, 0xff, 0x87, 0x00, 0xff, 0x87, 0x00, 0xff,
    0x87, 0x00, 0xff, 0x87, 0x00, 0xff, 0x87, 0x00, 0xff, 0x87, 0x00, 0xff,
    0x87, 0x00, 0xff, 0x86, 0x00, 0xca, 0xa6, 0x00, 0x63, 0xe0, 0x7b, 0x02,
    0x00, 0x00, 0x00, 0x00, 0x00, 0x00, 0x00, 0x00, 0x00, 0x00, 0x00, 0x00,
    0x00, 0x00, 0x00, 0x00, 0x00, 0x00, 0x00, 0x00, 0x00, 0x00, 0x00, 0x00,
    0x00, 0x00, 0x00, 0x00, 0x00, 0x00, 0x00, 0x00, 0x00, 0x00, 0x00, 0x00,
    0x00, 0x00, 0x00, 0x00, 0x00, 0x00, 0x00, 0x00, 0x00, 0x00, 0x00, 0x00,
    0x00, 0x00, 0x00, 0x00, 0x00, 0x00, 0x00, 0x00, 0x00, 0xa6, 0x08, 0x2e,
    0xa6, 0x00, 0x66, 0x86, 0x00, 0x8e, 0xa6, 0x00, 0xa2, 0x86, 0x00, 0xa6,
    0x86, 0x00, 0xa6, 0x86, 0x00, 0xa6, 0x86, 0x00, 0xa6, 0x86, 0x00, 0xa6,
    0x86, 0x00, 0xa6, 0x86, 0x00, 0xa6, 0x86, 0x00, 0xa6, 0x86, 0x00, 0xa6,
    0x86, 0x00, 0xa6, 0xa6, 0x00, 0xa6, 0xa7, 0x00, 0xa6, 0xa7, 0x00, 0xa6,
    0xa7, 0x00, 0xa6, 0xa7, 0x00, 0xa6, 0xa7, 0x00, 0xa6, 0xa7, 0x00, 0xa6,
    0xa7, 0x00, 0xa6, 0xa7, 0x00, 0xa6, 0xa7, 0x00, 0xa6, 0xa7, 0x00, 0xa6,
    0xa7, 0x00, 0xa6, 0xa7, 0x00, 0xa6, 0xa6, 0x00, 0xa6, 0x86, 0x00, 0xa6,
    0x86, 0x00, 0xa6, 0x86, 0x00, 0xa6, 0x86, 0x00, 0xa6, 0x86, 0x00, 0xa6,
    0x86, 0x00, 0xa6, 0x86, 0x00, 0xa6, 0x86, 0x00, 0xa6, 0x86, 0x00, 0xa6,
    0x86, 0x00, 0xa6, 0xa6, 0x00, 0xa3, 0x86, 0x00, 0x8f, 0x86, 0x00, 0x68,
    0xa6, 0x08, 0x30, 0x00, 0x00, 0x00, 0x00, 0x00, 0x00, 0x00, 0x00, 0x00,
    0x00, 0x00, 0x00, 0x00, 0x00, 0x00, 0x00, 0x00, 0x00, 0x00, 0x00, 0x00,
    0x00, 0x00, 0x00, 0x00, 0x00, 0x00, 0x00, 0x00, 0x00, 0x00, 0x00, 0x00,
    0x00, 0x00, 0x00, 0x00, 0x00, 0x00, 0x00, 0x00, 0x00, 0x00, 0x00, 0x00,
    0x00, 0x00, 0x00, 0x00, 0x00, 0x00, 0x00, 0x00, 0x00, 0x00, 0x00, 0x00,
    0x00, 0x00, 0x00, 0x00, 0x00, 0x00, 0x00, 0x00, 0x00, 0x00, 0x00, 0x00,
    0x00, 0x00, 0x00, 0x00, 0x00, 0x00, 0x00, 0x00, 0x00, 0x00, 0x00, 0x00,
    0x00, 0x00, 0x00, 0x00, 0x00, 0x00, 0x00, 0x00, 0x00, 0x00, 0x00, 0x00,
    0x00, 0x00, 0x00, 0x00, 0x00, 0x00, 0x00, 0x00, 0x00, 0x00, 0x00, 0x00,
    0x00, 0x00, 0x00, 0x00, 0x00, 0x00, 0x00, 0x00, 0x00, 0x00, 0x00, 0x00,
    0x00, 0x00, 0x00, 0x00, 0x00, 0x00, 0x00, 0x00, 0x00, 0x00, 0x00, 0x00,
    0x00, 0x00, 0x00, 0x00, 0x00, 0x00, 0x00, 0x00, 0x00, 0x00, 0x00, 0x00,
    0x00, 0x00, 0x00, 0x00, 0x00, 0x00, 0x00, 0x00, 0x00, 0x00, 0x00, 0x00,
    0x00, 0x00, 0x00, 0x00, 0x00, 0x00, 0x00, 0x00, 0x00, 0x00, 0x00, 0x00,
    0x00, 0x00, 0x00, 0x00, 0x00, 0x00, 0x00, 0x00, 0x00, 0x00, 0x00, 0x00,
    0x00, 0x00, 0x00, 0x00, 0x00, 0x00, 0x00, 0x00, 0x00, 0x00, 0x00, 0x00,
    0x00, 0x00, 0x00, 0x00, 0x00, 0x00, 0x00, 0x00, 0x00, 0x00, 0x00, 0x00,
    0x00, 0x00, 0x00, 0x00, 0x00, 0x00, 0x00, 0x00, 0x00, 0x00, 0x00, 0x00,
    0x00, 0x00, 0x00, 0x00, 0x00, 0x00, 0x00, 0x00, 0x00, 0x00, 0x00, 0x00,
    0x00, 0x00, 0x00, 0x00, 0x00, 0x00, 0x00, 0x00, 0x00, 0x00, 0x00, 0x00,
    0x00, 0x00, 0x00, 0x00, 0x00, 0x00, 0x00, 0x00, 0x00, 0x00, 0x00, 0x00,
    0x00, 0x00, 0x00, 0x00, 0x00, 0x00, 0x00, 0x00, 0x00, 0x00, 0x00, 0x00,
    0x00, 0x00, 0x00, 0x00, 0x00, 0x00, 0x00, 0x00, 0x00, 0x00, 0x00, 0x00,
    0x00, 0x00, 0x00, 0x00, 0x00, 0x00, 0x00, 0x00, 0x00, 0x00, 0x00, 0x00,
    0x00, 0x00, 0x00, 0x00, 0x00, 0x00, 0x00, 0x00, 0x00, 0x00, 0x00, 0x00,
    0x00, 0x00, 0x00, 0x00, 0x00, 0x00, 0x00, 0x00, 0x00, 0x00, 0x00, 0x00,
    0x00, 0x00, 0x00, 0x00, 0x00, 0x00, 0x00, 0x00, 0x00, 0x00, 0x00, 0x00,
    0x00, 0x00, 0x00, 0x00, 0x00, 0x00, 0x00, 0x00, 0x00, 0x00, 0x00, 0x00,
    0x00, 0x00, 0x00, 0x00, 0x00, 0x00, 0x00, 0x00, 0x00, 0x00, 0x00, 0x00,
    0x00, 0x00, 0x00, 0x00, 0x00, 0x00, 0x00, 0x00, 0x00, 0x00, 0x00, 0x00,
    0x00, 0x00, 0x00, 0x00, 0x00, 0x00, 0x00, 0x00, 0x00, 0x00, 0x00, 0x00,
    0x00, 0x00, 0x00, 0x00, 0x00, 0x00, 0x00, 0x00, 0x00, 0x00, 0x00, 0x00,
    0x00, 0x00, 0x00, 0x00, 0x00, 0x00, 0x00, 0x00, 0x00, 0x00, 0x00, 0x00,
    0x00, 0x00, 0x00, 0x00, 0x00, 0x00, 0x00, 0x00, 0x00, 0x00, 0x00, 0x00,
    0x00, 0x00, 0x00, 0x00, 0x00, 0x00, 0x00, 0x00, 0x00, 0x00, 0x00, 0x00,
#elif LV_COLOR_DEPTH == 16 && LV_COLOR_16_SWAP != 0
  /* Pixel format: RGB565 swapped with alpha byte */
    0x00, 0x00, 0x00, 0x00, 0x00, 0x00, 0x00, 0x00, 0x00, 0x00, 0x00, 0x00,
    0x00, 0x00, 0x00, 0x00, 0x00, 0x00, 0x00, 0x00, 0x00, 0x00, 0x00, 0x00,
    0x00, 0x00, 0x00, 0x00, 0x00, 0x00, 0x00, 0x00, 0x00, 0x00, 0x00, 0x00,
    0x00, 0x00, 0x00, 0x00, 0x00, 0x00, 0x00, 0x00, 0x00, 0x00, 0x00, 0x00,
    0x00, 0x00, 0x00, 0x00, 0x00, 0x00, 0x00, 0x00, 0x00, 0x00, 0x00, 0x00,
    0x00, 0x00, 0x00, 0x00, 0x00, 0x00, 0x00, 0x00, 0x00, 0x00, 0x00, 0x00,
    0x00, 0x00, 0x00, 0x00, 0x00, 0x00, 0x00, 0x00, 0x00, 0x00, 0x00, 0x00,
    0x00, 0x00, 0x00, 0x00, 0x00, 0x00, 0x00, 0x00, 0x00, 0x00, 0x00, 0x00,
    0x00, 0x00, 0x00, 0x00, 0x00, 0x00, 0x00, 0x00, 0x00, 0x00, 0x00, 0x00,
    0x00, 0x00, 0x00, 0x00, 0x00, 0x00, 0x00, 0x00, 0x00, 0x00, 0x00, 0x00,
    0x00, 0x00, 0x00, 0x00, 0x00, 0x00, 0x00, 0x00, 0x00, 0x00, 0x00, 0x00,
    0x00, 0x00, 0x00, 0x00, 0x00, 0x00, 0x00, 0x00, 0x00, 0x00, 0x00, 0x00,
    0x00, 0x00, 0x00, 0x00, 0x00, 0x00, 0x00, 0x00, 0x00, 0x00, 0x00, 0x00,
    0x00, 0x00, 0x00, 0x00, 0x00, 0x00, 0x00, 0x00, 0x00, 0x00, 0x00, 0x00,
    0x00, 0x00, 0x00, 0x00, 0x00, 0x00, 0x00, 0x00, 0x00, 0x00, 0x00, 0x00,
    0x00, 0x00, 0x00, 0x00, 0x00, 0x00, 0x00, 0x00, 0x00, 0x00, 0x00, 0x00,
    0x00, 0x00, 0x00, 0x00, 0x00, 0x00, 0x00, 0x00, 0x00, 0x00, 0x00, 0x00,
    0x00, 0x00, 0x00, 0x00, 0x00, 0x00, 0x00, 0x00, 0x00, 0x00, 0x00, 0x00,
    0x00, 0x00, 0x00, 0x00, 0x00, 0x00, 0x00, 0x00, 0x00, 0x00, 0x00, 0x00,
    0x00, 0x00, 0x00, 0x00, 0x00, 0x00, 0x00, 0x00, 0x00, 0x00, 0x00, 0x00,
    0x00, 0x00, 0x00, 0x00, 0x00, 0x00, 0x00, 0x00, 0x00, 0x00, 0x00, 0x00,
    0x00, 0x00, 0x00, 0x00, 0x00, 0x00, 0x00, 0x00, 0x00, 0x00, 0x00, 0x00,
    0x00, 0x00, 0x00, 0x00, 0x00, 0x00, 0x00, 0x00, 0x00, 0x00, 0x00, 0x00,
    0x00, 0x00, 0x00, 0x00, 0x00, 0x00, 0x00, 0x00, 0x00, 0x00, 0x00, 0x00,
    0x00, 0x00, 0x00, 0x00, 0x00, 0x00, 0x00, 0x00, 0x00, 0x00, 0x00, 0x00,
    0x00, 0x00, 0x00, 0x00, 0x00, 0x00, 0x00, 0x00, 0x00, 0x00, 0x00, 0x00,
    0x00, 0x00, 0x00, 0x00, 0x00, 0x00, 0x00, 0x00, 0x00, 0x00, 0x00, 0x00,
    0x00, 0x00, 0x00, 0x00, 0x00, 0x00, 0x00, 0x00, 0x00, 0x00, 0x00, 0x00,
    0x00, 0x00, 0x00, 0x00, 0x00, 0x00, 0x00, 0x00, 0x00, 0x00, 0x00, 0x00,
    0x00, 0x00, 0x00, 0x00, 0x00, 0x00, 0x00, 0x00, 0x00, 0x00, 0x00, 0x00,
    0x00, 0x00, 0x00, 0x00, 0x00, 0x00, 0x00, 0x00, 0x00, 0x00, 0x00, 0x00,
    0x00, 0x00, 0x00, 0x00, 0x00, 0x00, 0x00, 0x00, 0x00, 0x00, 0x00, 0x00,
    0x00, 0x00, 0x00, 0x00, 0x00, 0x00, 0x00, 0x00, 0x00, 0x00, 0x00, 0x00,
    0x00, 0x00, 0x00, 0x00, 0x00, 0x00, 0x00, 0x00, 0x00, 0x00, 0x00, 0x00,
    0x00, 0x00, 0x00, 0x00, 0x00, 0x00, 0x00, 0x00, 0x00, 0x08, 0xe9, 0x28,
    0x00, 0xe9, 0x60, 0x00, 0xea, 0x89, 0x00, 0xea, 0x9f, 0x00, 0xca, 0xa5,
    0x00, 0xea, 0xa4, 0x00, 0xea, 0xa4, 0x00, 0xca, 0xa4, 0x00, 0xca, 0xa4,
    0x00, 0xea, 0xa4, 0x00, 0xea, 0xa4, 0x00, 0xea, 0xa4, 0x00, 0xea, 0xa4,
    0x00, 0xea, 0xa4, 0x00, 0xea, 0xa4, 0x00, 0xea, 0xa4, 0x00, 0xea, 0xa4,
    0x00, 0xea, 0xa4, 0x00, 0xea, 0xa4, 0x00, 0xea, 0xa5, 0x00, 0xea, 0xa5,
    0x00, 0xea, 0xa4, 0x00, 0xea, 0xa4, 0x00, 0xea, 0xa4, 0x00, 0xea, 0xa4,
    0x00, 0xea, 0xa4, 0x00, 0xea, 0xa4, 0x00, 0xea, 0xa4, 0x00, 0xea, 0xa4,
    0x00, 0xea, 0xa4, 0x00, 0xea, 0xa4, 0x00, 0xea, 0xa4, 0x00, 0xea, 0xa4,
    0x00, 0xea, 0xa4, 0x00, 0xea, 0xa4, 0x00, 0xea, 0xa4, 0x00, 0xea, 0xa4,
    0x00, 0xea, 0xa5, 0x00, 0xea, 0x9f, 0x00, 0xea, 0x8b, 0x00, 0xe9, 0x63,
    0x08, 0xe9, 0x2b, 0x00, 0x00, 0x00, 0x00, 0x00, 0x00, 0x00, 0x00, 0x00,
    0x00, 0x00, 0x00, 0x00, 0x00, 0x00, 0x00, 0x00, 0x00, 0x00, 0x00, 0x00,
    0x00, 0x00, 0x00, 0x00, 0x00, 0x00, 0x00, 0x00, 0x00, 0x00, 0x00, 0x00,
    0x00, 0x00, 0x00, 0x00, 0x00, 0x00, 0x00, 0x00, 0x00, 0x00, 0x00, 0x00,
    0x00, 0x00, 0x00, 0x00, 0x00, 0x00, 0x00, 0x00, 0x00, 0x00, 0x00, 0x00,
    0x00, 0x00, 0x00, 0x08, 0xe9, 0x5a, 0x00, 0xe9, 0xc2, 0x00, 0xe9, 0xfd,
    0x00, 0xea, 0xff, 0x00, 0xea, 0xff, 0x00, 0xea, 0xff, 0x00, 0xea, 0xff,
    0x00, 0xea, 0xff, 0x00, 0xea, 0xff, 0x00, 0xea, 0xff, 0x00, 0xea, 0xff,
    0x00, 0xeb, 0xff, 0x00, 0xeb, 0xff, 0x00, 0xeb, 0xff, 0x00, 0xeb, 0xff,
    0x00, 0xeb, 0xff, 0x00, 0xeb, 0xff, 0x01, 0x0b, 0xff, 0x01, 0x0b, 0xff,
    0x01, 0x0b, 0xff, 0x01, 0x0b, 0xff, 0x01, 0x0b, 0xff, 0x01, 0x0b, 0xff,
    0x01, 0x0b, 0xff, 0x01, 0x0b, 0xff, 0x01, 0x0b, 0xff, 0x01, 0x0b, 0xff,
    0x01, 0x0b, 0xff, 0x01, 0x0b, 0xff, 0x01, 0x0b, 0xff, 0x01, 0x0b, 0xff,
    0x01, 0x0b, 0xff, 0x01, 0x0b, 0xff, 0x01, 0x0b, 0xff, 0x01, 0x0b, 0xff,
    0x01, 0x0b, 0xff, 0x00, 0xeb, 0xff, 0x00, 0xeb, 0xff, 0x00, 0xeb, 0xff,
    0x00, 0xeb, 0xff, 0x00, 0xeb, 0xff, 0x00, 0xeb, 0xff, 0x00, 0xeb, 0xff,
    0x00, 0xea, 0xff, 0x00, 0xea, 0xc6, 0x08, 0xe9, 0x5f, 0x00, 0x00, 0x00,
    0x00, 0x00, 0x00, 0x00, 0x00, 0x00, 0x00, 0x00, 0x00, 0x00, 0x00, 0x00,
    0x00, 0x00, 0x00, 0x00, 0x00, 0x00, 0x00, 0x00, 0x00, 0x00, 0x00, 0x00,
    0x00, 0x00, 0x00, 0x00, 0x00, 0x00, 0x00, 0x00, 0x00, 0x00, 0x00, 0x00,
    0x00, 0x00, 0x00, 0x00, 0x00, 0x00, 0x00, 0x00, 0x00, 0x08, 0xe7, 0x2c,
    0x00, 0xc9, 0xc1, 0x00, 0xea, 0xff, 0x00, 0xea, 0xff, 0x00, 0xea, 0xff,
    0x00, 0xea, 0xff, 0x00, 0xea, 0xff, 0x00, 0xea, 0xff, 0x00, 0xea, 0xff,
    0x00, 0xea, 0xff, 0x00, 0xea, 0xff, 0x00, 0xea, 0xff, 0x00, 0xea, 0xff,
    0x00, 0xea, 0xff, 0x00, 0xea, 0xff, 0x00, 0xea, 0xff, 0x00, 0xea, 0xff,
    0x00, 0xea, 0xff, 0x00, 0xea, 0xff, 0x00, 0xea, 0xff, 0x00, 0xea, 0xff,
    0x00, 0xea, 0xff, 0x01, 0x0b, 0xff, 0x01, 0x0b, 0xff, 0x00, 0xeb, 0xff,
    0x00, 0xeb, 0xff, 0x01, 0x0b, 0xff, 0x01, 0x0b, 0xff, 0x01, 0x0b, 0xff,
    0x00, 0xea, 0xff, 0x00, 0xea, 0xff, 0x00, 0xea, 0xff, 0x00, 0xea, 0xff,
    0x00, 0xea, 0xff, 0x00, 0xea, 0xff, 0x00, 0xea, 0xff, 0x00, 0xea, 0xff,
    0x00, 0xea, 0xff, 0x00, 0xea, 0xff, 0x00, 0xea, 0xff, 0x00, 0xea, 0xff,
    0x00, 0xea, 0xff, 0x00, 0xea, 0xff, 0x00, 0xea, 0xff, 0x00, 0xea, 0xff,
    0x00, 0xea, 0xff, 0x00, 0xea, 0xff, 0x00, 0xea, 0xff, 0x00, 0xe9, 0xc6,
    0x08, 0xe8, 0x32, 0x00, 0x00, 0x00, 0x00, 0x00, 0x00, 0x00, 0x00, 0x00,
    0x00, 0x00, 0x00, 0x00, 0x00, 0x00, 0x00, 0x00, 0x00, 0x00, 0x00, 0x00,
    0x00, 0x00, 0x00, 0x00, 0x00, 0x00, 0x00, 0x00, 0x00, 0x00, 0x00, 0x00,
    0x00, 0x00, 0x00, 0x00, 0x00, 0x00, 0x08, 0xe8, 0x4f, 0x00, 0xc9, 0xf3,
    0x00, 0xea, 0xff, 0x00, 0xc9, 0xff, 0x00, 0xc9, 0xff, 0x00, 0xc9, 0xff,
    0x00, 0xc9, 0xff, 0x00, 0xea, 0xff, 0x00, 0xea, 0xff, 0x00, 0xc9, 0xff,
    0x00, 0xea, 0xff, 0x00, 0xea, 0xff, 0x00, 0xea, 0xff, 0x00, 0xea, 0xff,
    0x00, 0xea, 0xff, 0x00, 0xea, 0xff, 0x00, 0xea, 0xff, 0x00, 0xea, 0xff,
    0x00, 0xea, 0xff, 0x00, 0xea, 0xff, 0x00, 0xea, 0xff, 0x00, 0xea, 0xff,
    0x01, 0x0a, 0xff, 0x01, 0x0b, 0xff, 0x01, 0xaf, 0xff, 0x13, 0x14, 0xff,
    0x13, 0x14, 0xff, 0x01, 0xaf, 0xff, 0x01, 0x0c, 0xff, 0x01, 0x0b, 0xff,
    0x00, 0xea, 0xff, 0x00, 0xea, 0xff, 0x00, 0xea, 0xff, 0x00, 0xea, 0xff,
    0x00, 0xea, 0xff, 0x00, 0xea, 0xff, 0x00, 0xea, 0xff, 0x00, 0xea, 0xff,
    0x00, 0xea, 0xff, 0x00, 0xea, 0xff, 0x00, 0xea, 0xff, 0x00, 0xea, 0xff,
    0x00, 0xea, 0xff, 0x00, 0xea, 0xff, 0x00, 0xea, 0xff, 0x00, 0xea, 0xff,
    0x00, 0xea, 0xff, 0x00, 0xea, 0xff, 0x00, 0xea, 0xff, 0x00, 0xea, 0xff,
    0x00, 0xea, 0xf7, 0x08, 0xc9, 0x58, 0x00, 0x00, 0x00, 0x00, 0x00, 0x00,
    0x00, 0x00, 0x00, 0x00, 0x00, 0x00, 0x00, 0x00, 0x00, 0x00, 0x00, 0x00,
    0x00, 0x00, 0x00, 0x00, 0x00, 0x00, 0x00, 0x00, 0x00, 0x00, 0x00, 0x00,
    0x00, 0x00, 0x00, 0x08, 0xc8, 0x4c, 0x00, 0xe9, 0xff, 0x00, 0xea, 0xff,
    0x00, 0xc9, 0xff, 0x00, 0xc9, 0xff, 0x00, 0xc9, 0xff, 0x00, 0xc9, 0xff,
    0x00, 0xc9, 0xff, 0x00, 0xe9, 0xff, 0x00, 0xea, 0xff, 0x00, 0xe9, 0xff,
    0x00, 0xea, 0xff, 0x00, 0xea, 0xff, 0x00, 0xea, 0xff, 0x00, 0xea, 0xff,
    0x00, 0xea, 0xff, 0x00, 0xea, 0xff, 0x00, 0xea, 0xff, 0x00, 0xea, 0xff,
    0x00, 0xea, 0xff, 0x00, 0xea, 0xff, 0x00, 0xea, 0xff, 0x00, 0xea, 0xff,
    0x01, 0x0b, 0xff, 0x02, 0x31, 0xff, 0x2e, 0x3c, 0xff, 0x37, 0xff, 0xff,
    0x2f, 0xff, 0xff, 0x26, 0x3c, 0xff, 0x02, 0x11, 0xff, 0x01, 0x0b, 0xff,
    0x00, 0xea, 0xff, 0x00, 0xea, 0xff, 0x00, 0xea, 0xff, 0x00, 0xea, 0xff,
    0x00, 0xea, 0xff, 0x00, 0xea, 0xff, 0x00, 0xea, 0xff, 0x00, 0xea, 0xff,
    0x00, 0xea, 0xff, 0x00, 0xea, 0xff, 0x00, 0xea, 0xff, 0x00, 0xea, 0xff,
    0x00, 0xea, 0xff, 0x00, 0xea, 0xff, 0x00, 0xea, 0xff, 0x00, 0xea, 0xff,
    0x00, 0xea, 0xff, 0x00, 0xea, 0xff, 0x00, 0xca, 0xff, 0x00, 0xca, 0xff,
    0x00, 0xea, 0xff, 0x00, 0xea, 0xff, 0x08, 0xe9, 0x58, 0x00, 0x00, 0x00,
    0x00, 0x00, 0x00, 0x00, 0x00, 0x00, 0x00, 0x00, 0x00, 0x00, 0x00, 0x00,
    0x00, 0x00, 0x00, 0x00, 0x00, 0x00, 0x00, 0x00, 0x00, 0x00, 0x00, 0x00,
    0x08, 0xc8, 0x25, 0x00, 0xc9, 0xf4, 0x00, 0xea, 0xff, 0x00, 0xc9, 0xff,
    0x00, 0xc9, 0xff, 0x00, 0xc9, 0xff, 0x00, 0xe9, 0xff, 0x00, 0xe9, 0xff,
    0x00, 0xc9, 0xff, 0x00, 0xc9, 0xff, 0x00, 0xe9, 0xff, 0x00, 0xe9, 0xff,
    0x00, 0xe9, 0xff, 0x00, 0xe9, 0xff, 0x00, 0xea, 0xff, 0x00, 0xea, 0xff,
    0x00, 0xea, 0xff, 0x00, 0xea, 0xff, 0x00, 0xea, 0xff, 0x00, 0xea, 0xff,
    0x00, 0xea, 0xff, 0x00, 0xea, 0xff, 0x00, 0xea, 0xff, 0x00, 0xea, 0xff,
    0x01, 0x0c, 0xff, 0x0c, 0xd8, 0xff, 0x17, 0xff, 0xff, 0x37, 0xff, 0xff,
    0x2f, 0xff, 0xff, 0x0f, 0xff, 0xff, 0x0c, 0xb9, 0xff, 0x01, 0x0c, 0xff,
    0x00, 0xea, 0xff, 0x00, 0xea, 0xff, 0x00, 0xea, 0xff, 0x00, 0xea, 0xff,
    0x00, 0xea, 0xff, 0x00, 0xea, 0xff, 0x00, 0xea, 0xff, 0x00, 0xea, 0xff,
    0x00, 0xea, 0xff, 0x00, 0xea, 0xff, 0x00, 0xea, 0xff, 0x00, 0xea, 0xff,
    0x00, 0xea, 0xff, 0x00, 0xea, 0xff, 0x00, 0xea, 0xff, 0x00, 0xea, 0xff,
    0x00, 0xea, 0xff, 0x00, 0xea, 0xff, 0x00, 0xea, 0xff, 0x00, 0xea, 0xff,
    0x00, 0xea, 0xff, 0x00, 0xea, 0xff, 0x00, 0xca, 0xfa, 0x08, 0xc9, 0x2e,
    0x00, 0x00, 0x00, 0x00, 0x00, 0x00, 0x00, 0x00, 0x00, 0x00, 0x00, 0x00,
    0x00, 0x00, 0x00, 0x00, 0x00, 0x00, 0x00, 0x00, 0x00, 0x00, 0x00, 0x00,
    0x00, 0xc9, 0xc2, 0x00, 0xea, 0xff, 0x00, 0xc9, 0xff, 0x00, 0xc9, 0xff,
    0x00, 0xc9, 0xff, 0x00, 0xc9, 0xff, 0x00, 0xe9, 0xff, 0x00, 0xc9, 0xff,
    0x00, 0xc9, 0xff, 0x00, 0xc9, 0xff, 0x00, 0xc9, 0xff, 0x00, 0xc9, 0xff,
    0x00, 0xe9, 0xff, 0x00, 0xe9, 0xff, 0x00, 0xea, 0xff, 0x00, 0xea, 0xff,
    0x00, 0xea, 0xff, 0x00, 0xea, 0xff, 0x00, 0xea, 0xff, 0x00, 0xea, 0xff,
    0x00, 0xea, 0xff, 0x00, 0xea, 0xff, 0x00, 0xea, 0xff, 0x00, 0xc9, 0xff,
    0x01, 0x2d, 0xff, 0x05, 0xfc, 0xff, 0x06, 0xff, 0xff, 0x0f, 0xbf, 0xff,
    0x07, 0x5f, 0xff, 0x06, 0x9f, 0xff, 0x0d, 0xbc, 0xff, 0x01, 0x2d, 0xff,
    0x00, 0xca, 0xff, 0x00, 0xea, 0xff, 0x00, 0xea, 0xff, 0x00, 0xea, 0xff,
    0x00, 0xea, 0xff, 0x00, 0xea, 0xff, 0x00, 0xea, 0xff, 0x00, 0xea, 0xff,
    0x00, 0xea, 0xff, 0x00, 0xea, 0xff, 0x00, 0xea, 0xff, 0x00, 0xea, 0xff,
    0x00, 0xea, 0xff, 0x00, 0xea, 0xff, 0x00, 0xea, 0xff, 0x00, 0xea, 0xff,
    0x00, 0xea, 0xff, 0x00, 0xea, 0xff, 0x00, 0xea, 0xff, 0x00, 0xea, 0xff,
    0x00, 0xea, 0xff, 0x00, 0xc9, 0xff, 0x00, 0xea, 0xff, 0x00, 0xc9, 0xcc,
    0xf8, 0x00, 0x01, 0x00, 0x00, 0x00, 0x00, 0x00, 0x00, 0x00, 0x00, 0x00,
    0x00, 0x00, 0x00, 0x00, 0x00, 0x00, 0x00, 0x00, 0x00, 0x08, 0xe8, 0x4e,
    0x00, 0xea, 0xff, 0x00, 0xc9, 0xff, 0x00, 0xc9, 0xff, 0x00, 0xc9, 0xff,
    0x00, 0xc9, 0xff, 0x00, 0xc9, 0xff, 0x00, 0xe9, 0xff, 0x00, 0xe9, 0xff,
    0x00, 0xc9, 0xff, 0x00, 0xc9, 0xff, 0x00, 0xc9, 0xff, 0x00, 0xc9, 0xff,
    0x00, 0xe9, 0xff, 0x00, 0xe9, 0xff, 0x00, 0xe9, 0xff, 0x00, 0xe9, 0xff,
    0x00, 0xea, 0xff, 0x00, 0xea, 0xff, 0x00, 0xea, 0xff, 0x00, 0xea, 0xff,
    0x00, 0xc9, 0xff, 0x00, 0xa9, 0xff, 0x01, 0x0a, 0xff, 0x02, 0x0e, 0xff,
    0x03, 0x13, 0xff, 0x05, 0x1a, 0xff, 0x06, 0x7f, 0xff, 0x05, 0x5f, 0xff,
    0x04, 0xfe, 0xff, 0x0e, 0x1f, 0xff, 0x04, 0xda, 0xff, 0x02, 0xf2, 0xff,
    0x02, 0x0f, 0xff, 0x01, 0x0b, 0xff, 0x00, 0xaa, 0xff, 0x00, 0xea, 0xff,
    0x00, 0xea, 0xff, 0x00, 0xea, 0xff, 0x00, 0xea, 0xff, 0x00, 0xea, 0xff,
    0x00, 0xea, 0xff, 0x00, 0xea, 0xff, 0x00, 0xea, 0xff, 0x00, 0xea, 0xff,
    0x00, 0xea, 0xff, 0x00, 0xea, 0xff, 0x00, 0xea, 0xff, 0x00, 0xea, 0xff,
    0x00, 0xea, 0xff, 0x00, 0xea, 0xff, 0x00, 0xea, 0xff, 0x00, 0xea, 0xff,
    0x00, 0xea, 0xff, 0x00, 0xc9, 0xff, 0x00, 0xc9, 0xff, 0x00, 0xea, 0xff,
    0x08, 0xe9, 0x58, 0x00, 0x00, 0x00, 0x00, 0x00, 0x00, 0x00, 0x00, 0x00,
    0x00, 0x00, 0x00, 0x00, 0x00, 0x00, 0x00, 0x00, 0x00, 0x00, 0xc9, 0xbf,
    0x00, 0xca, 0xff, 0x00, 0xc9, 0xff, 0x00, 0xc9, 0xff, 0x00, 0xc9, 0xff,
    0x00, 0xc9, 0xff, 0x00, 0xc9, 0xff, 0x00, 0xc9, 0xff, 0x00, 0xc9, 0xff,
    0x00, 0xc9, 0xff, 0x00, 0xc9, 0xff, 0x00, 0xc9, 0xff, 0x00, 0xc9, 0xff,
    0x00, 0xc9, 0xff, 0x00, 0xc9, 0xff, 0x00, 0xe9, 0xff, 0x00, 0xe9, 0xff,
    0x00, 0xe9, 0xff, 0x00, 0xea, 0xff, 0x00, 0xc9, 0xff, 0x00, 0x89, 0xff,
    0x01, 0x0b, 0xff, 0x02, 0x50, 0xff, 0x03, 0x33, 0xff, 0x02, 0x91, 0xff,
    0x01, 0x4c, 0xff, 0x01, 0xaf, 0xff, 0x0c, 0xda, 0xff, 0x0d, 0xbd, 0xff,
    0x0d, 0x9e, 0xff, 0x04, 0x7a, 0xff, 0x01, 0x8e, 0xff, 0x01, 0x6c, 0xff,
    0x02, 0x70, 0xff, 0x02, 0xf2, 0xff, 0x02, 0x70, 0xff, 0x01, 0x4c, 0xff,
    0x00, 0xaa, 0xff, 0x00, 0xca, 0xff, 0x00, 0xea, 0xff, 0x00, 0xea, 0xff,
    0x00, 0xea, 0xff, 0x00, 0xea, 0xff, 0x00, 0xea, 0xff, 0x00, 0xea, 0xff,
    0x00, 0xea, 0xff, 0x00, 0xea, 0xff, 0x00, 0xea, 0xff, 0x00, 0xea, 0xff,
    0x00, 0xea, 0xff, 0x00, 0xea, 0xff, 0x00, 0xea, 0xff, 0x00, 0xca, 0xff,
    0x00, 0xc9, 0xff, 0x00, 0xc9, 0xff, 0x00, 0xc9, 0xff, 0x00, 0xca, 0xff,
    0x00, 0xc9, 0xc8, 0x00, 0x00, 0x00, 0x00, 0x00, 0x00, 0x00, 0x00, 0x00,
    0x00, 0x00, 0x00, 0x00, 0x00, 0x00, 0x10, 0xc7, 0x1e, 0x00, 0xc8, 0xfb,
    0x00, 0xc9, 0xff, 0x00, 0xc9, 0xff, 0x00, 0xc9, 0xff, 0x00, 0xc9, 0xff,
    0x00, 0xc9, 0xff, 0x00, 0xc9, 0xff, 0x00, 0xc9, 0xff, 0x00, 0xc9, 0xff,
    0x00, 0xc9, 0xff, 0x00, 0xc9, 0xff, 0x00, 0xc9, 0xff, 0x00, 0xc9, 0xff,
    0x00, 0xc9, 0xff, 0x00, 0xc9, 0xff, 0x00, 0xc9, 0xff, 0x00, 0xe9, 0xff,
    0x00, 0xc9, 0xff, 0x00, 0xa9, 0xff, 0x01, 0x0b, 0xff, 0x02, 0x91, 0xff,
    0x03, 0x13, 0xff, 0x02, 0x4f, 0xff, 0x01, 0x2b, 0xff, 0x00, 0xa9, 0xff,
    0x00, 0xea, 0xff, 0x01, 0x0b, 0xff, 0x01, 0x2d, 0xff, 0x03, 0x55, 0xff,
    0x03, 0x55, 0xff, 0x01, 0x2d, 0xff, 0x01, 0x0b, 0xff, 0x00, 0xea, 0xff,
    0x00, 0xaa, 0xff, 0x01, 0x0b, 0xff, 0x02, 0x2f, 0xff, 0x02, 0xf2, 0xff,
    0x02, 0xb1, 0xff, 0x01, 0xad, 0xff, 0x00, 0xca, 0xff, 0x00, 0xca, 0xff,
    0x00, 0xea, 0xff, 0x00, 0xea, 0xff, 0x00, 0xea, 0xff, 0x00, 0xea, 0xff,
    0x00, 0xea, 0xff, 0x00, 0xea, 0xff, 0x00, 0xea, 0xff, 0x00, 0xea, 0xff,
    0x00, 0xea, 0xff, 0x00, 0xea, 0xff, 0x00, 0xea, 0xff, 0x00, 0xca, 0xff,
    0x00, 0xc9, 0xff, 0x00, 0xc9, 0xff, 0x00, 0xc9, 0xff, 0x00, 0xc9, 0xff,
    0x00, 0xc9, 0xfe, 0x08, 0xc8, 0x25, 0x00, 0x00, 0x00, 0x00, 0x00, 0x00,
    0x00, 0x00, 0x00, 0x00, 0x00, 0x00, 0x08, 0xa8, 0x57, 0x00, 0xc9, 0xff,
    0x00, 0xc9, 0xff, 0x00, 0xc9, 0xff, 0x00, 0xc9, 0xff, 0x00, 0xc9, 0xff,
    0x00, 0xc9, 0xff, 0x00, 0xc9, 0xff, 0x00, 0xc9, 0xff, 0x00, 0xc9, 0xff,
    0x00, 0xc9, 0xff, 0x00, 0xc9, 0xff, 0x00, 0xc9, 0xff, 0x00, 0xc9, 0xff,
    0x00, 0xc9, 0xff, 0x00, 0xe9, 0xff, 0x00, 0xa9, 0xff, 0x00, 0xa9, 0xff,
    0x01, 0x6c, 0xff, 0x02, 0x70, 0xff, 0x03, 0x12, 0xff, 0x02, 0x2f, 0xff,
    0x00, 0xea, 0xff, 0x00, 0xa9, 0xff, 0x00, 0xca, 0xff, 0x00, 0xea, 0xff,
    0x00, 0xea, 0xff, 0x00, 0xea, 0xff, 0x00, 0xa9, 0xff, 0x02, 0x50, 0xff,
    0x02, 0x50, 0xff, 0x00, 0xa9, 0xff, 0x01, 0x0b, 0xff, 0x00, 0xea, 0xff,
    0x00, 0xea, 0xff, 0x00, 0xea, 0xff, 0x00, 0xca, 0xff, 0x00, 0xca, 0xff,
    0x01, 0xad, 0xff, 0x02, 0xf2, 0xff, 0x02, 0xf2, 0xff, 0x01, 0xce, 0xff,
    0x00, 0xca, 0xff, 0x00, 0xa9, 0xff, 0x00, 0xea, 0xff, 0x00, 0xea, 0xff,
    0x00, 0xea, 0xff, 0x00, 0xea, 0xff, 0x00, 0xea, 0xff, 0x00, 0xea, 0xff,
    0x00, 0xea, 0xff, 0x00, 0xea, 0xff, 0x00, 0xea, 0xff, 0x00, 0xca, 0xff,
    0x00, 0xca, 0xff, 0x00, 0xc9, 0xff, 0x00, 0xc9, 0xff, 0x00, 0xc9, 0xff,
    0x00, 0xca, 0xff, 0x08, 0xc8, 0x5e, 0x00, 0x00, 0x00, 0x00, 0x00, 0x00,
    0x00, 0x00, 0x00, 0x00, 0x00, 0x00, 0x00, 0xc8, 0x7f, 0x00, 0xc9, 0xff,
    0x00, 0xc9, 0xff, 0x00, 0xc9, 0xff, 0x00, 0xc9, 0xff, 0x00, 0xc9, 0xff,
    0x00, 0xc9, 0xff, 0x00, 0xea, 0xff, 0x00, 0xeb, 0xff, 0x00, 0xeb, 0xff,
    0x00, 0xeb, 0xff, 0x01, 0x0b, 0xff, 0x00, 0xea, 0xff, 0x00, 0xea, 0xff,
    0x00, 0xa9, 0xff, 0x00, 0x89, 0xff, 0x01, 0x8c, 0xff, 0x02, 0xb1, 0xff,
    0x03, 0x33, 0xff, 0x01, 0xee, 0xff, 0x00, 0xca, 0xff, 0x00, 0xa9, 0xff,
    0x00, 0xea, 0xff, 0x00, 0xea, 0xff, 0x00, 0xea, 0xff, 0x00, 0xea, 0xff,
    0x00, 0xea, 0xff, 0x00, 0xea, 0xff, 0x00, 0xa9, 0xff, 0x02, 0x50, 0xff,
    0x02, 0x50, 0xff, 0x00, 0xaa, 0xff, 0x00, 0xeb, 0xff, 0x00, 0xeb, 0xff,
    0x01, 0x0b, 0xff, 0x01, 0x0b, 0xff, 0x01, 0x0b, 0xff, 0x00, 0xea, 0xff,
    0x00, 0xca, 0xff, 0x00, 0xa9, 0xff, 0x01, 0x8d, 0xff, 0x02, 0xd2, 0xff,
    0x03, 0x12, 0xff, 0x02, 0x0f, 0xff, 0x00, 0xca, 0xff, 0x00, 0xa9, 0xff,
    0x00, 0xea, 0xff, 0x01, 0x0b, 0xff, 0x01, 0x0b, 0xff, 0x01, 0x0c, 0xff,
    0x00, 0xec, 0xff, 0x00, 0xec, 0xff, 0x01, 0x0b, 0xff, 0x00, 0xea, 0xff,
    0x00, 0xea, 0xff, 0x00, 0xc9, 0xff, 0x00, 0xc9, 0xff, 0x00, 0xc9, 0xff,
    0x00, 0xca, 0xff, 0x00, 0xc8, 0x84, 0x00, 0x00, 0x00, 0x00, 0x00, 0x00,
    0x00, 0x00, 0x00, 0x00, 0x00, 0x00, 0x00, 0xc8, 0x90, 0x00, 0xc9, 0xff,
    0x00, 0xc9, 0xff, 0x00, 0xc9, 0xff, 0x00, 0xc9, 0xff, 0x00, 0xc9, 0xff,
    0x01, 0x0a, 0xff, 0x01, 0x4d, 0xff, 0x12, 0xf4, 0xff, 0x1b, 0xf6, 0xff,
    0x13, 0x14, 0xff, 0x01, 0x4e, 0xff, 0x00, 0xeb, 0xff, 0x00, 0xa9, 0xff,
    0x01, 0x8c, 0xff, 0x02, 0xd1, 0xff, 0x02, 0xf1, 0xff, 0x01, 0xce, 0xff,
    0x00, 0xa9, 0xff, 0x00, 0xa9, 0xff, 0x00, 0xea, 0xff, 0x00, 0xea, 0xff,
    0x00, 0xea, 0xff, 0x00, 0xea, 0xff, 0x00, 0xea, 0xff, 0x00, 0xea, 0xff,
    0x00, 0xea, 0xff, 0x00, 0xeb, 0xff, 0x00, 0xca, 0xff, 0x02, 0x30, 0xff,
    0x02, 0x50, 0xff, 0x00, 0xca, 0xff, 0x01, 0x0b, 0xff, 0x01, 0x0b, 0xff,
    0x01, 0x0b, 0xff, 0x01, 0x0b, 0xff, 0x01, 0x0b, 0xff, 0x00, 0xeb, 0xff,
    0x00, 0xeb, 0xff, 0x00, 0xea, 0xff, 0x00, 0xca, 0xff, 0x00, 0xa9, 0xff,
    0x01, 0x6c, 0xff, 0x02, 0xb1, 0xff, 0x02, 0xf2, 0xff, 0x02, 0x0e, 0xff,
    0x00, 0xeb, 0xff, 0x00, 0xeb, 0xff, 0x01, 0x6f, 0xff, 0x13, 0x35, 0xff,
    0x1c, 0x17, 0xff, 0x0a, 0xf4, 0xff, 0x01, 0x4e, 0xff, 0x01, 0x0b, 0xff,
    0x00, 0xea, 0xff, 0x00, 0xca, 0xff, 0x00, 0xc9, 0xff, 0x00, 0xc9, 0xff,
    0x00, 0xca, 0xff, 0x00, 0xc8, 0x96, 0x00, 0x00, 0x00, 0x00, 0x00, 0x00,
    0x00, 0x00, 0x00, 0x00, 0x00, 0x00, 0x00, 0xc8, 0x93, 0x00, 0xc9, 0xff,
    0x00, 0xc9, 0xff, 0x00, 0xc9, 0xff, 0x00, 0xc9, 0xff, 0x00, 0xea, 0xff,
    0x01, 0x2c, 0xff, 0x14, 0x57, 0xff, 0x2f, 0xdf, 0xff, 0x37, 0xff, 0xff,
    0x27, 0xff, 0xff, 0x14, 0x98, 0xff, 0x01, 0xf0, 0xff, 0x02, 0xf1, 0xff,
    0x02, 0xd1, 0xff, 0x01, 0xad, 0xff, 0x00, 0xa9, 0xff, 0x00, 0xa9, 0xff,
    0x00, 0xea, 0xff, 0x00, 0xea, 0xff, 0x00, 0xea, 0xff, 0x00, 0xea, 0xff,
    0x00, 0xca, 0xff, 0x00, 0xea, 0xff, 0x01, 0x0b, 0xff, 0x00, 0xeb, 0xff,
    0x01, 0x0b, 0xff, 0x01, 0x0b, 0xff, 0x00, 0xca, 0xff, 0x02, 0x50, 0xff,
    0x02, 0x50, 0xff, 0x00, 0xca, 0xff, 0x01, 0x0b, 0xff, 0x01, 0x0b, 0xff,
    0x01, 0x0b, 0xff, 0x01, 0x0b, 0xff, 0x00, 0xeb, 0xff, 0x00, 0xca, 0xff,
    0x01, 0x0b, 0xff, 0x00, 0xeb, 0xff, 0x00, 0xea, 0xff, 0x00, 0xea, 0xff,
    0x00, 0xca, 0xff, 0x00, 0x89, 0xff, 0x01, 0x2c, 0xff, 0x02, 0xb1, 0xff,
    0x02, 0xf2, 0xff, 0x02, 0x72, 0xff, 0x1c, 0xd9, 0xff, 0x2f, 0xff, 0xff,
    0x2f, 0xff, 0xff, 0x27, 0xdf, 0xff, 0x0c, 0x37, 0xff, 0x01, 0x2d, 0xff,
    0x00, 0xea, 0xff, 0x00, 0xc9, 0xff, 0x00, 0xc9, 0xff, 0x00, 0xc9, 0xff,
    0x00, 0xca, 0xff, 0x00, 0xc8, 0x99, 0x00, 0x00, 0x00, 0x00, 0x00, 0x00,
    0x00, 0x00, 0x00, 0x00, 0x00, 0x00, 0x00, 0xc8, 0x92, 0x00, 0xc9, 0xff,
    0x00, 0xc9, 0xff, 0x00, 0xc9, 0xff, 0x00, 0xc9, 0xff, 0x00, 0xea, 0xff,
    0x02, 0x30, 0xff, 0x0f, 0x3e, 0xff, 0x1f, 0xff, 0xff, 0x3f, 0xff, 0xff,
    0x17, 0xff, 0xff, 0x0f, 0x7f, 0xff, 0x04, 0x37, 0xff, 0x01, 0x6d, 0xff,
    0x00, 0xa9, 0xff, 0x00, 0xa9, 0xff, 0x00, 0xe9, 0xff, 0x00, 0xea, 0xff,
    0x00, 0xea, 0xff, 0x00, 0xea, 0xff, 0x01, 0x0b, 0xff, 0x00, 0xaa, 0xff,
    0x01, 0x8d, 0xff, 0x01, 0x6c, 0xff, 0x01, 0x0b, 0xff, 0x01, 0x0b, 0xff,
    0x01, 0x0b, 0xff, 0x01, 0x0c, 0xff, 0x00, 0xeb, 0xff, 0x02, 0x30, 0xff,
    0x02, 0x31, 0xff, 0x00, 0xeb, 0xff, 0x01, 0x0c, 0xff, 0x01, 0x0b, 0xff,
    0x01, 0x0b, 0xff, 0x01, 0x0b, 0xff, 0x01, 0x6c, 0xff, 0x01, 0x8d, 0xff,
    0x00, 0xaa, 0xff, 0x01, 0x0b, 0xff, 0x00, 0xeb, 0xff, 0x00, 0xea, 0xff,
    0x00, 0xea, 0xff, 0x00, 0xea, 0xff, 0x00, 0xca, 0xff, 0x00, 0x89, 0xff,
    0x01, 0x4c, 0xff, 0x04, 0x37, 0xff, 0x17, 0xbf, 0xff, 0x1f, 0xff, 0xff,
    0x37, 0xff, 0xff, 0x0f, 0xff, 0xff, 0x0e, 0xfe, 0xff, 0x02, 0x10, 0xff,
    0x00, 0xeb, 0xff, 0x00, 0xca, 0xff, 0x00, 0xc9, 0xff, 0x00, 0xc9, 0xff,
    0x00, 0xca, 0xff, 0x00, 0xc8, 0x98, 0x00, 0x00, 0x00, 0x00, 0x00, 0x00,
    0x00, 0x00, 0x00, 0x00, 0x00, 0x00, 0x00, 0xc8, 0x92, 0x00, 0xc9, 0xff,
    0x00, 0xc9, 0xff, 0x00, 0xc8, 0xff, 0x00, 0xc9, 0xff, 0x00, 0xca, 0xff,
    0x02, 0xb1, 0xff, 0x06, 0xde, 0xff, 0x06, 0xff, 0xff, 0x07, 0x3f, 0xff,
    0x06, 0x5f, 0xff, 0x0e, 0xbf, 0xff, 0x02, 0xf3, 0xff, 0x00, 0xaa, 0xff,
    0x00, 0xc9, 0xff, 0x00, 0xc9, 0xff, 0x00, 0xc9, 0xff, 0x00, 0xea, 0xff,
    0x00, 0xea, 0xff, 0x01, 0x0a, 0xff, 0x00, 0x8a, 0xff, 0x02, 0xb0, 0xff,
    0x17, 0x9e, 0xff, 0x0c, 0x96, 0xff, 0x00, 0x8a, 0xff, 0x01, 0x2c, 0xff,
    0x01, 0x2c, 0xff, 0x01, 0x2c, 0xff, 0x01, 0x0c, 0xff, 0x02, 0x31, 0xff,
    0x02, 0x11, 0xff, 0x01, 0x0b, 0xff, 0x01, 0x2c, 0xff, 0x01, 0x2c, 0xff,
    0x01, 0x0c, 0xff, 0x00, 0x8a, 0xff, 0x0c, 0x35, 0xff, 0x17, 0xbf, 0xff,
    0x02, 0xb0, 0xff, 0x00, 0x8a, 0xff, 0x01, 0x0b, 0xff, 0x00, 0xea, 0xff,
    0x00, 0xea, 0xff, 0x00, 0xea, 0xff, 0x00, 0xea, 0xff, 0x00, 0xea, 0xff,
    0x00, 0xca, 0xff, 0x03, 0x53, 0xff, 0x06, 0xff, 0xff, 0x06, 0xff, 0xff,
    0x07, 0x1f, 0xff, 0x05, 0xff, 0xff, 0x0e, 0x5e, 0xff, 0x02, 0x71, 0xff,
    0x00, 0xea, 0xff, 0x00, 0xc9, 0xff, 0x00, 0xc9, 0xff, 0x00, 0xc9, 0xff,
    0x00, 0xc9, 0xff, 0x00, 0xc8, 0x98, 0x00, 0x00, 0x00, 0x00, 0x00, 0x00,
    0x00, 0x00, 0x00, 0x00, 0x00, 0x00, 0x00, 0xc8, 0x91, 0x00, 0xc9, 0xff,
    0x00, 0xc8, 0xff, 0x00, 0xc8, 0xff, 0x00, 0xc9, 0xff, 0x00, 0xc9, 0xff,
    0x01, 0x8d, 0xff, 0x0d, 0x9b, 0xff, 0x05, 0xff, 0xff, 0x04, 0xfe, 0xff,
    0x05, 0x5e, 0xff, 0x06, 0x3e, 0xff, 0x02, 0xf3, 0xff, 0x00, 0xca, 0xff,
    0x00, 0x88, 0xff, 0x00, 0xc9, 0xff, 0x00, 0xc9, 0xff, 0x00, 0xea, 0xff,
    0x00, 0xea, 0xff, 0x00, 0xaa, 0xff, 0x02, 0x4f, 0xff, 0x17, 0xff, 0xff,
    0x0e, 0x7b, 0xff, 0x01, 0xae, 0xff, 0x00, 0xcb, 0xff, 0x00, 0xab, 0xff,
    0x01, 0x2d, 0xff, 0x01, 0x4d, 0xff, 0x01, 0x2d, 0xff, 0x01, 0xf1, 0xff,
    0x01, 0xf1, 0xff, 0x01, 0x2d, 0xff, 0x01, 0x4d, 0xff, 0x01, 0x4d, 0xff,
    0x00, 0xab, 0xff, 0x00, 0xcb, 0xff, 0x01, 0x8d, 0xff, 0x0e, 0x3b, 0xff,
    0x17, 0xff, 0xff, 0x02, 0x70, 0xff, 0x00, 0x8a, 0xff, 0x00, 0xea, 0xff,
    0x00, 0xea, 0xff, 0x00, 0xea, 0xff, 0x00, 0xca, 0xff, 0x00, 0xa9, 0xff,
    0x00, 0xca, 0xff, 0x03, 0x32, 0xff, 0x06, 0xde, 0xff, 0x05, 0xbf, 0xff,
    0x04, 0xde, 0xff, 0x05, 0x7f, 0xff, 0x0d, 0x1a, 0xff, 0x01, 0x6d, 0xff,
    0x00, 0xea, 0xff, 0x00, 0xc9, 0xff, 0x00, 0xc9, 0xff, 0x00, 0xc9, 0xff,
    0x00, 0xc9, 0xff, 0x00, 0xc8, 0x98, 0x00, 0x00, 0x00, 0x00, 0x00, 0x00,
    0x00, 0x00, 0x00, 0x00, 0x00, 0x00, 0x00, 0xc8, 0x92, 0x00, 0xc9, 0xff,
    0x00, 0xa8, 0xff, 0x00, 0xc8, 0xff, 0x00, 0xc8, 0xff, 0x00, 0xc9, 0xff,
    0x00, 0xe9, 0xff, 0x02, 0x50, 0xff, 0x0d, 0x5b, 0xff, 0x0d, 0x7d, 0xff,
    0x04, 0xfb, 0xff, 0x02, 0xd3, 0xff, 0x02, 0x70, 0xff, 0x02, 0xf2, 0xff,
    0x02, 0x0e, 0xff, 0x00, 0xa9, 0xff, 0x00, 0xa9, 0xff, 0x00, 0xea, 0xff,
    0x00, 0xca, 0xff, 0x01, 0x2c, 0xff, 0x17, 0x3d, 0xff, 0x16, 0xbc, 0xff,
    0x01, 0x2d, 0xff, 0x00, 0x8b, 0xff, 0x02, 0x30, 0xff, 0x0b, 0xd4, 0xff,
    0x01, 0x6e, 0xff, 0x01, 0x4e, 0xff, 0x01, 0x6e, 0xff, 0x01, 0xb1, 0xff,
    0x01, 0xb1, 0xff, 0x01, 0x4e, 0xff, 0x01, 0x4e, 0xff, 0x01, 0x4e, 0xff,
    0x0b, 0xd4, 0xff, 0x02, 0x50, 0xff, 0x00, 0x6a, 0xff, 0x00, 0xeb, 0xff,
    0x0e, 0x7b, 0xff, 0x17, 0x7e, 0xff, 0x01, 0x2c, 0xff, 0x00, 0xca, 0xff,
    0x00, 0xea, 0xff, 0x00, 0xa9, 0xff, 0x00, 0xea, 0xff, 0x01, 0xee, 0xff,
    0x02, 0xb0, 0xff, 0x02, 0x4f, 0xff, 0x03, 0x74, 0xff, 0x0d, 0x7b, 0xff,
    0x0d, 0x7c, 0xff, 0x05, 0x1a, 0xff, 0x02, 0x30, 0xff, 0x00, 0xea, 0xff,
    0x00, 0xc9, 0xff, 0x00, 0xc9, 0xff, 0x00, 0xc9, 0xff, 0x00, 0xc9, 0xff,
    0x00, 0xc9, 0xff, 0x00, 0xa8, 0x98, 0x00, 0x00, 0x00, 0x00, 0x00, 0x00,
    0x00, 0x00, 0x00, 0x00, 0x00, 0x00, 0x00, 0xc8, 0x92, 0x00, 0xc9, 0xff,
    0x00, 0xa8, 0xff, 0x00, 0xa8, 0xff, 0x00, 0xa8, 0xff, 0x00, 0xc8, 0xff,
    0x00, 0xc8, 0xff, 0x00, 0xea, 0xff, 0x03, 0x53, 0xff, 0x01, 0xf0, 0xff,
    0x01, 0x6d, 0xff, 0x00, 0xea, 0xff, 0x00, 0xa9, 0xff, 0x01, 0x0a, 0xff,
    0x02, 0x6f, 0xff, 0x02, 0xf2, 0xff, 0x02, 0x0e, 0xff, 0x00, 0xea, 0xff,
    0x00, 0x69, 0xff, 0x0c, 0xb6, 0xff, 0x17, 0xff, 0xff, 0x02, 0x0f, 0xff,
    0x00, 0x6b, 0xff, 0x02, 0x91, 0xff, 0x1f, 0xbf, 0xff, 0x17, 0x3e, 0xff,
    0x01, 0x6f, 0xff, 0x01, 0x6f, 0xff, 0x01, 0x90, 0xff, 0x01, 0xb1, 0xff,
    0x01, 0xb1, 0xff, 0x01, 0x6f, 0xff, 0x01, 0x4f, 0xff, 0x01, 0x4e, 0xff,
    0x17, 0x1d, 0xff, 0x17, 0xdf, 0xff, 0x02, 0x91, 0xff, 0x00, 0x49, 0xff,
    0x01, 0xad, 0xff, 0x17, 0xff, 0xff, 0x0d, 0x17, 0xff, 0x00, 0x69, 0xff,
    0x01, 0x2b, 0xff, 0x02, 0x4f, 0xff, 0x02, 0xd1, 0xff, 0x02, 0x2e, 0xff,
    0x01, 0x0a, 0xff, 0x00, 0xa9, 0xff, 0x00, 0xea, 0xff, 0x01, 0x8d, 0xff,
    0x02, 0x70, 0xff, 0x03, 0x53, 0xff, 0x00, 0xa9, 0xff, 0x00, 0xc9, 0xff,
    0x00, 0xc9, 0xff, 0x00, 0xa9, 0xff, 0x00, 0xa9, 0xff, 0x00, 0xa9, 0xff,
    0x00, 0xc9, 0xff, 0x00, 0xa8, 0x98, 0x00, 0x00, 0x00, 0x00, 0x00, 0x00,
    0x00, 0x00, 0x00, 0x00, 0x00, 0x00, 0x00, 0xc8, 0x92, 0x00, 0xc9, 0xff,
    0x00, 0xa8, 0xff, 0x00, 0xa8, 0xff, 0x00, 0xa8, 0xff, 0x00, 0xa8, 0xff,
    0x00, 0x88, 0xff, 0x01, 0x6b, 0xff, 0x02, 0xf1, 0xff, 0x00, 0x88, 0xff,
    0x00, 0xc8, 0xff, 0x00, 0xc9, 0xff, 0x00, 0xc9, 0xff, 0x00, 0xa8, 0xff,
    0x00, 0x88, 0xff, 0x01, 0x0a, 0xff, 0x02, 0x70, 0xff, 0x02, 0x92, 0xff,
    0x01, 0xae, 0xff, 0x17, 0xdf, 0xff, 0x0c, 0xb7, 0xff, 0x00, 0x4a, 0xff,
    0x01, 0xaf, 0xff, 0x17, 0x9e, 0xff, 0x16, 0x9c, 0xff, 0x01, 0xb0, 0xff,
    0x00, 0xee, 0xff, 0x01, 0x30, 0xff, 0x01, 0xb1, 0xff, 0x01, 0xd2, 0xff,
    0x01, 0xd2, 0xff, 0x01, 0xb1, 0xff, 0x01, 0x2f, 0xff, 0x00, 0xee, 0xff,
    0x01, 0x6e, 0xff, 0x0e, 0x7b, 0xff, 0x17, 0xbf, 0xff, 0x01, 0xae, 0xff,
    0x00, 0x29, 0xff, 0x04, 0x75, 0xff, 0x0f, 0xff, 0xff, 0x01, 0xcf, 0xff,
    0x02, 0x52, 0xff, 0x02, 0x2f, 0xff, 0x00, 0xea, 0xff, 0x00, 0x88, 0xff,
    0x00, 0xc9, 0xff, 0x00, 0xc9, 0xff, 0x00, 0xc9, 0xff, 0x00, 0xa8, 0xff,
    0x00, 0xa8, 0xff, 0x02, 0xf1, 0xff, 0x01, 0x0a, 0xff, 0x00, 0xa8, 0xff,
    0x00, 0xc9, 0xff, 0x00, 0xa8, 0xff, 0x00, 0xa8, 0xff, 0x00, 0xa8, 0xff,
    0x00, 0xc9, 0xff, 0x00, 0xa8, 0x98, 0x00, 0x00, 0x00, 0x00, 0x00, 0x00,
    0x00, 0x00, 0x00, 0x00, 0x00, 0x00, 0x00, 0xa8, 0x92, 0x00, 0xc9, 0xff,
    0x00, 0xa8, 0xff, 0x00, 0xa8, 0xff, 0x00, 0xa8, 0xff, 0x00, 0xa8, 0xff,
    0x00, 0x67, 0xff, 0x02, 0x4f, 0xff, 0x02, 0x2e, 0xff, 0x00, 0x87, 0xff,
    0x00, 0xc8, 0xff, 0x00, 0xa8, 0xff, 0x00, 0xa8, 0xff, 0x00, 0xc9, 0xff,
    0x00, 0xc9, 0xff, 0x00, 0xc9, 0xff, 0x00, 0x88, 0xff, 0x00, 0x8a, 0xff,
    0x03, 0xd4, 0xff, 0x0f, 0xff, 0xff, 0x01, 0xce, 0xff, 0x00, 0x8b, 0xff,
    0x0d, 0x99, 0xff, 0x17, 0xbf, 0xff, 0x01, 0xb0, 0xff, 0x00, 0xae, 0xff,
    0x0b, 0xd6, 0xff, 0x0c, 0x98, 0xff, 0x01, 0xb3, 0xff, 0x01, 0xf3, 0xff,
    0x01, 0xd3, 0xff, 0x01, 0xb2, 0xff, 0x0c, 0x98, 0xff, 0x0b, 0xd6, 0xff,
    0x00, 0xad, 0xff, 0x01, 0x8e, 0xff, 0x17, 0x9e, 0xff, 0x0d, 0xda, 0xff,
    0x00, 0x6a, 0xff, 0x01, 0x8d, 0xff, 0x0f, 0xdf, 0xff, 0x03, 0xf4, 0xff,
    0x00, 0x69, 0xff, 0x00, 0xa9, 0xff, 0x00, 0xc9, 0xff, 0x00, 0xc9, 0xff,
    0x00, 0xc9, 0xff, 0x00, 0xc9, 0xff, 0x00, 0xc9, 0xff, 0x00, 0xc9, 0xff,
    0x00, 0x68, 0xff, 0x02, 0xb1, 0xff, 0x01, 0xee, 0xff, 0x00, 0x87, 0xff,
    0x00, 0xc8, 0xff, 0x00, 0xa8, 0xff, 0x00, 0xa8, 0xff, 0x00, 0xa8, 0xff,
    0x00, 0xc9, 0xff, 0x00, 0xa8, 0x98, 0x00, 0x00, 0x00, 0x00, 0x00, 0x00,
    0x00, 0x00, 0x00, 0x00, 0x00, 0x00, 0x00, 0xa8, 0x92, 0x00, 0xc9, 0xff,
    0x00, 0xa8, 0xff, 0x00, 0xa8, 0xff, 0x00, 0xa8, 0xff, 0x00, 0xa8, 0xff,
    0x00, 0x87, 0xff, 0x03, 0x11, 0xff, 0x01, 0x4b, 0xff, 0x00, 0xa8, 0xff,
    0x00, 0xa8, 0xff, 0x00, 0xa8, 0xff, 0x00, 0xa8, 0xff, 0x00, 0xc8, 0xff,
    0x00, 0xc9, 0xff, 0x00, 0xc9, 0xff, 0x00, 0xc9, 0xff, 0x00, 0x69, 0xff,
    0x05, 0xb9, 0xff, 0x0e, 0x5b, 0xff, 0x00, 0x8a, 0xff, 0x01, 0xef, 0xff,
    0x0f, 0xff, 0xff, 0x04, 0x36, 0xff, 0x00, 0x6c, 0xff, 0x03, 0x75, 0xff,
    0x17, 0xff, 0xff, 0x0d, 0xdc, 0xff, 0x01, 0x94, 0xff, 0x01, 0xf5, 0xff,
    0x01, 0xd5, 0xff, 0x01, 0x73, 0xff, 0x0d, 0xbb, 0xff, 0x17, 0xff, 0xff,
    0x03, 0x95, 0xff, 0x00, 0x4b, 0xff, 0x03, 0xd5, 0xff, 0x0f, 0xff, 0xff,
    0x02, 0x0f, 0xff, 0x00, 0x6a, 0xff, 0x05, 0xfb, 0xff, 0x05, 0xda, 0xff,
    0x00, 0x69, 0xff, 0x00, 0xca, 0xff, 0x00, 0xc9, 0xff, 0x00, 0xc9, 0xff,
    0x00, 0xc9, 0xff, 0x00, 0xc9, 0xff, 0x00, 0xc9, 0xff, 0x00, 0xa9, 0xff,
    0x00, 0x88, 0xff, 0x01, 0xcd, 0xff, 0x02, 0xb1, 0xff, 0x00, 0x67, 0xff,
    0x00, 0xa8, 0xff, 0x00, 0xa8, 0xff, 0x00, 0xa8, 0xff, 0x00, 0xa8, 0xff,
    0x00, 0xc9, 0xff, 0x00, 0xa8, 0x98, 0x00, 0x00, 0x00, 0x00, 0x00, 0x00,
    0x00, 0x00, 0x00, 0x00, 0x00, 0x00, 0x00, 0xc8, 0x91, 0x00, 0xc9, 0xff,
    0x00, 0xa8, 0xff, 0x00, 0xa8, 0xff, 0x00, 0xa8, 0xff, 0x00, 0xa8, 0xff,
    0x00, 0xe9, 0xff, 0x02, 0xf1, 0xff, 0x00, 0xa8, 0xff, 0x00, 0xa8, 0xff,
    0x00, 0xa8, 0xff, 0x00, 0xa8, 0xff, 0x00, 0xa8, 0xff, 0x00, 0xc8, 0xff,
    0x00, 0xc9, 0xff, 0x00, 0xc9, 0xff, 0x00, 0xc9, 0xff, 0x00, 0xea, 0xff,
    0x06, 0xbd, 0xff, 0x04, 0x76, 0xff, 0x00, 0x09, 0xff, 0x03, 0xb4, 0xff,
    0x0f, 0x9f, 0xff, 0x01, 0xaf, 0xff, 0x01, 0x4f, 0xff, 0x0f, 0x7e, 0xff,
    0x0d, 0xdc, 0xff, 0x01, 0x53, 0xff, 0x1b, 0x58, 0xff, 0x5e, 0x1d, 0xff,
    0x56, 0x1d, 0xff, 0x13, 0x38, 0xff, 0x01, 0x32, 0xff, 0x0d, 0xbb, 0xff,
    0x0f, 0x9f, 0xff, 0x01, 0x6f, 0xff, 0x01, 0x6e, 0xff, 0x0f, 0x7f, 0xff,
    0x03, 0xd4, 0xff, 0x00, 0x09, 0xff, 0x04, 0x35, 0xff, 0x06, 0xde, 0xff,
    0x00, 0xeb, 0xff, 0x00, 0xc9, 0xff, 0x00, 0xc9, 0xff, 0x00, 0xc9, 0xff,
    0x00, 0xc9, 0xff, 0x00, 0xc9, 0xff, 0x00, 0xc9, 0xff, 0x00, 0xc9, 0xff,
    0x00, 0xa8, 0xff, 0x00, 0xea, 0xff, 0x03, 0x13, 0xff, 0x00, 0xa8, 0xff,
    0x00, 0xa8, 0xff, 0x00, 0xa8, 0xff, 0x00, 0xa8, 0xff, 0x00, 0xa8, 0xff,
    0x00, 0xc9, 0xff, 0x00, 0xa8, 0x98, 0x00, 0x00, 0x00, 0x00, 0x00, 0x00,
    0x00, 0x00, 0x00, 0x00, 0x00, 0x00, 0x00, 0xc8, 0x92, 0x00, 0xa8, 0xff,
    0x00, 0xa8, 0xff, 0x00, 0xa8, 0xff, 0x00, 0xa8, 0xff, 0x00, 0x87, 0xff,
    0x01, 0x8c, 0xff, 0x02, 0x90, 0xff, 0x00, 0x67, 0xff, 0x00, 0xa8, 0xff,
    0x00, 0xa8, 0xff, 0x00, 0xa8, 0xff, 0x00, 0xa8, 0xff, 0x00, 0xa8, 0xff,
    0x00, 0xc9, 0xff, 0x00, 0xc9, 0xff, 0x00, 0xa9, 0xff, 0x01, 0x4c, 0xff,
    0x06, 0xdf, 0xff, 0x03, 0x73, 0xff, 0x00, 0x29, 0xff, 0x04, 0xd8, 0xff,
    0x06, 0x7d, 0xff, 0x00, 0xac, 0xff, 0x03, 0x13, 0xff, 0x0f, 0xdf, 0xff,
    0x02, 0x75, 0xff, 0x02, 0x15, 0xff, 0x2f, 0x7f, 0xff, 0x47, 0xff, 0xff,
    0x3f, 0xff, 0xff, 0x1f, 0x9f, 0xff, 0x02, 0x14, 0xff, 0x02, 0x53, 0xff,
    0x0f, 0xbf, 0xff, 0x03, 0x13, 0xff, 0x00, 0xac, 0xff, 0x06, 0x3c, 0xff,
    0x04, 0xf8, 0xff, 0x00, 0x29, 0xff, 0x03, 0x32, 0xff, 0x06, 0xff, 0xff,
    0x01, 0x6c, 0xff, 0x00, 0xa9, 0xff, 0x00, 0xc9, 0xff, 0x00, 0xc9, 0xff,
    0x00, 0xc9, 0xff, 0x00, 0xa8, 0xff, 0x00, 0xa8, 0xff, 0x00, 0xc8, 0xff,
    0x00, 0xa8, 0xff, 0x00, 0x68, 0xff, 0x02, 0xd1, 0xff, 0x01, 0x4b, 0xff,
    0x00, 0xa8, 0xff, 0x00, 0xa8, 0xff, 0x00, 0xa8, 0xff, 0x00, 0xa8, 0xff,
    0x00, 0xc9, 0xff, 0x00, 0xa8, 0x98, 0x00, 0x00, 0x00, 0x00, 0x00, 0x00,
    0x00, 0x00, 0x00, 0x00, 0x00, 0x00, 0x00, 0xc8, 0x92, 0x00, 0xa8, 0xff,
    0x00, 0xa8, 0xff, 0x00, 0xa8, 0xff, 0x00, 0xa8, 0xff, 0x00, 0x67, 0xff,
    0x02, 0x6f, 0xff, 0x01, 0xac, 0xff, 0x00, 0x87, 0xff, 0x00, 0xa8, 0xff,
    0x00, 0xa8, 0xff, 0x00, 0xa8, 0xff, 0x00, 0xa8, 0xff, 0x00, 0xa8, 0xff,
    0x00, 0xc9, 0xff, 0x00, 0xc9, 0xff, 0x00, 0xa9, 0xff, 0x01, 0x6c, 0xff,
    0x06, 0xbf, 0xff, 0x03, 0x13, 0xff, 0x00, 0x49, 0xff, 0x04, 0xf9, 0xff,
    0x05, 0xbc, 0xff, 0x00, 0x8c, 0xff, 0x03, 0x95, 0xff, 0x06, 0xff, 0xff,
    0x01, 0x93, 0xff, 0x03, 0x57, 0xff, 0x0f, 0xff, 0xff, 0x07, 0xdf, 0xff,
    0x07, 0xbf, 0xff, 0x07, 0x7f, 0xff, 0x03, 0x37, 0xff, 0x01, 0x91, 0xff,
    0x06, 0xdf, 0xff, 0x03, 0xb5, 0xff, 0x00, 0x8b, 0xff, 0x05, 0x9b, 0xff,
    0x05, 0x19, 0xff, 0x00, 0x49, 0xff, 0x02, 0xd2, 0xff, 0x06, 0xbf, 0xff,
    0x01, 0x8c, 0xff, 0x00, 0xa9, 0xff, 0x00, 0xc9, 0xff, 0x00, 0xc9, 0xff,
    0x00, 0xc8, 0xff, 0x00, 0xa8, 0xff, 0x00, 0xa8, 0xff, 0x00, 0xa8, 0xff,
    0x00, 0xa8, 0xff, 0x00, 0x67, 0xff, 0x02, 0x2e, 0xff, 0x02, 0x0e, 0xff,
    0x00, 0x67, 0xff, 0x00, 0xa8, 0xff, 0x00, 0xa8, 0xff, 0x00, 0xa8, 0xff,
    0x00, 0xc9, 0xff, 0x00, 0xa8, 0x98, 0x00, 0x00, 0x00, 0x00, 0x00, 0x00,
    0x00, 0x00, 0x00, 0x00, 0x00, 0x00, 0x00, 0xa7, 0x91, 0x00, 0xa8, 0xff,
    0x00, 0xa8, 0xff, 0x00, 0xa8, 0xff, 0x00, 0xa8, 0xff, 0x00, 0xa8, 0xff,
    0x02, 0xf1, 0xff, 0x00, 0xe9, 0xff, 0x00, 0xa8, 0xff, 0x00, 0xa8, 0xff,
    0x00, 0xa8, 0xff, 0x00, 0xa8, 0xff, 0x00, 0xa8, 0xff, 0x00, 0xa8, 0xff,
    0x00, 0xc9, 0xff, 0x00, 0xc9, 0xff, 0x00, 0xa9, 0xff, 0x01, 0x2b, 0xff,
    0x06, 0x5f, 0xff, 0x03, 0x54, 0xff, 0x00, 0x29, 0xff, 0x04, 0x57, 0xff,
    0x05, 0xdd, 0xff, 0x00, 0xac, 0xff, 0x02, 0xd3, 0xff, 0x06, 0xdf, 0xff,
    0x02, 0x33, 0xff, 0x02, 0x34, 0xff, 0x06, 0xff, 0xff, 0x06, 0xbf, 0xff,
    0x05, 0xff, 0xff, 0x05, 0x3f, 0xff, 0x01, 0xf3, 0xff, 0x02, 0x33, 0xff,
    0x06, 0xdf, 0xff, 0x02, 0xf4, 0xff, 0x00, 0xcc, 0xff, 0x05, 0xbd, 0xff,
    0x04, 0x78, 0xff, 0x00, 0x49, 0xff, 0x03, 0x13, 0xff, 0x06, 0x5f, 0xff,
    0x01, 0x4b, 0xff, 0x00, 0xa9, 0xff, 0x00, 0xc9, 0xff, 0x00, 0xc9, 0xff,
    0x00, 0xa8, 0xff, 0x00, 0xa8, 0xff, 0x00, 0xa8, 0xff, 0x00, 0xa8, 0xff,
    0x00, 0xa8, 0xff, 0x00, 0x88, 0xff, 0x01, 0x6b, 0xff, 0x02, 0xd1, 0xff,
    0x00, 0x67, 0xff, 0x00, 0xa8, 0xff, 0x00, 0xa8, 0xff, 0x00, 0xa8, 0xff,
    0x00, 0xa9, 0xff, 0x00, 0xa7, 0x98, 0x00, 0x00, 0x00, 0x00, 0x00, 0x00,
    0x00, 0x00, 0x00, 0x00, 0x00, 0x00, 0x00, 0xa7, 0x92, 0x00, 0xa8, 0xff,
    0x00, 0xa8, 0xff, 0x00, 0xa8, 0xff, 0x00, 0x87, 0xff, 0x01, 0x2a, 0xff,
    0x02, 0xf1, 0xff, 0x00, 0x87, 0xff, 0x00, 0xa8, 0xff, 0x00, 0xa8, 0xff,
    0x00, 0xa8, 0xff, 0x00, 0xa8, 0xff, 0x00, 0xa8, 0xff, 0x00, 0xa8, 0xff,
    0x00, 0xc9, 0xff, 0x00, 0xc9, 0xff, 0x00, 0xc9, 0xff, 0x00, 0xca, 0xff,
    0x05, 0x7d, 0xff, 0x03, 0xf7, 0xff, 0x00, 0x28, 0xff, 0x03, 0x13, 0xff,
    0x06, 0x3f, 0xff, 0x01, 0x8e, 0xff, 0x01, 0x6f, 0xff, 0x06, 0x1f, 0xff,
    0x04, 0x3a, 0xff, 0x01, 0x11, 0xff, 0x02, 0xf6, 0xff, 0x04, 0xdd, 0xff,
    0x04, 0x7d, 0xff, 0x02, 0x76, 0xff, 0x01, 0x30, 0xff, 0x04, 0x39, 0xff,
    0x06, 0x1f, 0xff, 0x01, 0x6f, 0xff, 0x01, 0x6e, 0xff, 0x06, 0x3f, 0xff,
    0x03, 0x34, 0xff, 0x00, 0x28, 0xff, 0x03, 0xd6, 0xff, 0x05, 0xbe, 0xff,
    0x00, 0xea, 0xff, 0x00, 0xa9, 0xff, 0x00, 0xc9, 0xff, 0x00, 0xa8, 0xff,
    0x00, 0xa8, 0xff, 0x00, 0xc8, 0xff, 0x00, 0xa8, 0xff, 0x00, 0xa8, 0xff,
    0x00, 0xa8, 0xff, 0x00, 0xa8, 0xff, 0x00, 0xa8, 0xff, 0x02, 0xf1, 0xff,
    0x00, 0xc9, 0xff, 0x00, 0xa8, 0xff, 0x00, 0xa8, 0xff, 0x00, 0xa8, 0xff,
    0x00, 0xa8, 0xff, 0x00, 0xa7, 0x98, 0x00, 0x00, 0x00, 0x00, 0x00, 0x00,
    0x00, 0x00, 0x00, 0x00, 0x00, 0x00, 0x00, 0xa7, 0x92, 0x00, 0xa8, 0xff,
    0x00, 0xa8, 0xff, 0x00, 0xa8, 0xff, 0x00, 0x67, 0xff, 0x01, 0xee, 0xff,
    0x02, 0x6f, 0xff, 0x00, 0x67, 0xff, 0x00, 0xa8, 0xff, 0x00, 0xa8, 0xff,
    0x00, 0xa8, 0xff, 0x00, 0xa8, 0xff, 0x00, 0xa8, 0xff, 0x00, 0xa8, 0xff,
    0x00, 0xa8, 0xff, 0x00, 0xa9, 0xff, 0x00, 0xa9, 0xff, 0x00, 0x68, 0xff,
    0x04, 0x38, 0xff, 0x04, 0xfc, 0xff, 0x00, 0xaa, 0xff, 0x01, 0x8e, 0xff,
    0x05, 0xff, 0xff, 0x03, 0x15, 0xff, 0x00, 0x8b, 0xff, 0x03, 0x36, 0xff,
    0x06, 0x3f, 0xff, 0x03, 0x17, 0xff, 0x00, 0xf0, 0xff, 0x0d, 0x7b, 0xff,
    0x05, 0x3b, 0xff, 0x00, 0xf0, 0xff, 0x03, 0x16, 0xff, 0x06, 0x5f, 0xff,
    0x03, 0x36, 0xff, 0x00, 0x6b, 0xff, 0x03, 0x14, 0xff, 0x06, 0x1f, 0xff,
    0x01, 0xae, 0xff, 0x00, 0xa9, 0xff, 0x04, 0xfc, 0xff, 0x04, 0x59, 0xff,
    0x00, 0x68, 0xff, 0x00, 0xa9, 0xff, 0x00, 0xa9, 0xff, 0x00, 0xa8, 0xff,
    0x00, 0xa8, 0xff, 0x00, 0xa8, 0xff, 0x00, 0xa8, 0xff, 0x00, 0xa8, 0xff,
    0x00, 0xa8, 0xff, 0x00, 0xa8, 0xff, 0x00, 0x67, 0xff, 0x02, 0x90, 0xff,
    0x01, 0x8c, 0xff, 0x00, 0x87, 0xff, 0x00, 0xa8, 0xff, 0x00, 0xa8, 0xff,
    0x00, 0xa8, 0xff, 0x00, 0xa7, 0x98, 0x00, 0x00, 0x00, 0x00, 0x00, 0x00,
    0x00, 0x00, 0x00, 0x00, 0x00, 0x00, 0x00, 0xa7, 0x92, 0x00, 0xa8, 0xff,
    0x00, 0xa8, 0xff, 0x00, 0xa8, 0xff, 0x00, 0x46, 0xff, 0x02, 0xd1, 0xff,
    0x01, 0x8c, 0xff, 0x00, 0x87, 0xff, 0x00, 0xa8, 0xff, 0x00, 0xa8, 0xff,
    0x00, 0xa8, 0xff, 0x00, 0xa8, 0xff, 0x00, 0xa8, 0xff, 0x00, 0xa8, 0xff,
    0x00, 0x88, 0xff, 0x00, 0xa8, 0xff, 0x01, 0x8c, 0xff, 0x01, 0x6d, 0xff,
    0x02, 0x72, 0xff, 0x05, 0xbf, 0xff, 0x01, 0xae, 0xff, 0x00, 0x69, 0xff,
    0x03, 0xd8, 0xff, 0x05, 0x3e, 0xff, 0x01, 0x4d, 0xff, 0x00, 0xec, 0xff,
    0x03, 0x16, 0xff, 0x02, 0x54, 0xff, 0x01, 0xd2, 0xff, 0x17, 0xff, 0xff,
    0x0f, 0x9e, 0xff, 0x01, 0x91, 0xff, 0x02, 0x74, 0xff, 0x03, 0x16, 0xff,
    0x00, 0xcc, 0xff, 0x01, 0x4d, 0xff, 0x05, 0x3e, 0xff, 0x03, 0xf9, 0xff,
    0x00, 0x69, 0xff, 0x01, 0x8e, 0xff, 0x05, 0xbf, 0xff, 0x02, 0x92, 0xff,
    0x01, 0x4d, 0xff, 0x01, 0x8d, 0xff, 0x00, 0xc9, 0xff, 0x00, 0x88, 0xff,
    0x00, 0xa8, 0xff, 0x00, 0xa8, 0xff, 0x00, 0xa8, 0xff, 0x00, 0xa8, 0xff,
    0x00, 0xa8, 0xff, 0x00, 0xa8, 0xff, 0x00, 0x67, 0xff, 0x01, 0xcd, 0xff,
    0x02, 0x4f, 0xff, 0x00, 0x67, 0xff, 0x00, 0xa8, 0xff, 0x00, 0xa8, 0xff,
    0x00, 0xa8, 0xff, 0x00, 0xa7, 0x98, 0x00, 0x00, 0x00, 0x00, 0x00, 0x00,
    0x00, 0x00, 0x00, 0x00, 0x00, 0x00, 0x00, 0xa7, 0x92, 0x00, 0xa8, 0xff,
    0x00, 0xa8, 0xff, 0x00, 0xa7, 0xff, 0x00, 0xc8, 0xff, 0x02, 0xf2, 0xff,
    0x00, 0xc9, 0xff, 0x00, 0xa7, 0xff, 0x00, 0xa8, 0xff, 0x00, 0xa8, 0xff,
    0x00, 0xa8, 0xff, 0x00, 0x87, 0xff, 0x00, 0x67, 0xff, 0x00, 0xc9, 0xff,
    0x01, 0xed, 0xff, 0x02, 0xb0, 0xff, 0x02, 0x0f, 0xff, 0x00, 0xea, 0xff,
    0x00, 0xea, 0xff, 0x04, 0xbe, 0xff, 0x03, 0x78, 0xff, 0x00, 0x68, 0xff,
    0x01, 0x4d, 0xff, 0x04, 0xde, 0xff, 0x04, 0x1b, 0xff, 0x01, 0x4e, 0xff,
    0x00, 0xec, 0xff, 0x00, 0xad, 0xff, 0x03, 0xd5, 0xff, 0x0e, 0x9d, 0xff,
    0x0e, 0xbd, 0xff, 0x03, 0x54, 0xff, 0x00, 0xad, 0xff, 0x00, 0xcc, 0xff,
    0x01, 0x4d, 0xff, 0x04, 0x3a, 0xff, 0x04, 0xff, 0xff, 0x01, 0x4d, 0xff,
    0x00, 0x68, 0xff, 0x03, 0x77, 0xff, 0x04, 0xfe, 0xff, 0x01, 0x0a, 0xff,
    0x00, 0xca, 0xff, 0x02, 0x0e, 0xff, 0x02, 0xb0, 0xff, 0x02, 0x0e, 0xff,
    0x00, 0xc9, 0xff, 0x00, 0x67, 0xff, 0x00, 0x88, 0xff, 0x00, 0xa8, 0xff,
    0x00, 0xa8, 0xff, 0x00, 0xa8, 0xff, 0x00, 0xa8, 0xff, 0x01, 0x2a, 0xff,
    0x03, 0x12, 0xff, 0x00, 0xa8, 0xff, 0x00, 0xa8, 0xff, 0x00, 0xa8, 0xff,
    0x00, 0xa8, 0xff, 0x00, 0xa7, 0x98, 0x00, 0x00, 0x00, 0x00, 0x00, 0x00,
    0x00, 0x00, 0x00, 0x00, 0x00, 0x00, 0x00, 0xa7, 0x91, 0x00, 0xa8, 0xff,
    0x00, 0xc8, 0xff, 0x00, 0x87, 0xff, 0x01, 0x8c, 0xff, 0x02, 0xf2, 0xff,
    0x00, 0x87, 0xff, 0x00, 0xa8, 0xff, 0x00, 0xc8, 0xff, 0x00, 0x87, 0xff,
    0x00, 0x67, 0xff, 0x01, 0x09, 0xff, 0x02, 0x4e, 0xff, 0x02, 0xd0, 0xff,
    0x02, 0x0e, 0xff, 0x00, 0xe9, 0xff, 0x00, 0x68, 0xff, 0x00, 0xc9, 0xff,
    0x00, 0x88, 0xff, 0x02, 0x73, 0xff, 0x04, 0xff, 0xff, 0x01, 0xaf, 0xff,
    0x00, 0x68, 0xff, 0x01, 0xcf, 0xff, 0x04, 0xdf, 0xff, 0x02, 0xf6, 0xff,
    0x00, 0xcb, 0xff, 0x00, 0xac, 0xff, 0x0d, 0xfa, 0xff, 0x04, 0x57, 0xff,
    0x05, 0x18, 0xff, 0x05, 0x58, 0xff, 0x00, 0x8c, 0xff, 0x00, 0xcb, 0xff,
    0x03, 0x16, 0xff, 0x04, 0xff, 0xff, 0x01, 0xd0, 0xff, 0x00, 0x68, 0xff,
    0x01, 0xae, 0xff, 0x04, 0xff, 0xff, 0x02, 0x94, 0xff, 0x00, 0x88, 0xff,
    0x00, 0xc9, 0xff, 0x00, 0x67, 0xff, 0x00, 0xe9, 0xff, 0x02, 0x2e, 0xff,
    0x02, 0xd0, 0xff, 0x02, 0x2e, 0xff, 0x00, 0xe9, 0xff, 0x00, 0x47, 0xff,
    0x00, 0x87, 0xff, 0x00, 0xa8, 0xff, 0x00, 0xc8, 0xff, 0x00, 0xa8, 0xff,
    0x03, 0x13, 0xff, 0x01, 0x0b, 0xff, 0x00, 0xa8, 0xff, 0x00, 0xc8, 0xff,
    0x00, 0xa8, 0xff, 0x00, 0xa7, 0x98, 0x00, 0x00, 0x00, 0x00, 0x00, 0x00,
    0x00, 0x00, 0x00, 0x00, 0x00, 0x00, 0x00, 0xa7, 0x92, 0x00, 0xc8, 0xff,
    0x00, 0xc9, 0xff, 0x09, 0xac, 0xff, 0x14, 0x55, 0xff, 0x13, 0xf4, 0xff,
    0x00, 0xea, 0xff, 0x00, 0xa8, 0xff, 0x00, 0x67, 0xff, 0x01, 0x4a, 0xff,
    0x02, 0x8f, 0xff, 0x02, 0xb0, 0xff, 0x01, 0xed, 0xff, 0x00, 0xa8, 0xff,
    0x00, 0x67, 0xff, 0x00, 0xa8, 0xff, 0x00, 0xa8, 0xff, 0x00, 0xa9, 0xff,
    0x00, 0xc9, 0xff, 0x00, 0xa9, 0xff, 0x03, 0x9a, 0xff, 0x04, 0x1e, 0xff,
    0x01, 0x2c, 0xff, 0x00, 0x88, 0xff, 0x01, 0x4d, 0xff, 0x01, 0x4d, 0xff,
    0x00, 0xeb, 0xff, 0x01, 0x4d, 0xff, 0x0f, 0x5d, 0xff, 0x02, 0x30, 0xff,
    0x02, 0xf2, 0xff, 0x0f, 0x1d, 0xff, 0x00, 0xec, 0xff, 0x00, 0xeb, 0xff,
    0x01, 0x4d, 0xff, 0x01, 0x4d, 0xff, 0x00, 0x88, 0xff, 0x01, 0x2b, 0xff,
    0x04, 0x3d, 0xff, 0x03, 0xbb, 0xff, 0x00, 0xa9, 0xff, 0x00, 0xa9, 0xff,
    0x00, 0xc9, 0xff, 0x00, 0xa8, 0xff, 0x00, 0xa8, 0xff, 0x00, 0x67, 0xff,
    0x00, 0xc8, 0xff, 0x01, 0xcd, 0xff, 0x02, 0xd0, 0xff, 0x02, 0x4f, 0xff,
    0x01, 0x2a, 0xff, 0x00, 0x88, 0xff, 0x00, 0xc8, 0xff, 0x00, 0xea, 0xff,
    0x0c, 0x15, 0xff, 0x13, 0xf4, 0xff, 0x01, 0x8c, 0xff, 0x00, 0xc9, 0xff,
    0x00, 0xc9, 0xff, 0x00, 0xa7, 0x98, 0x00, 0x00, 0x00, 0x00, 0x00, 0x00,
    0x00, 0x00, 0x00, 0x00, 0x00, 0x00, 0x00, 0xc8, 0x92, 0x00, 0xc9, 0xff,
    0x02, 0xd0, 0xff, 0x1f, 0x3d, 0xff, 0x2f, 0xff, 0xff, 0x27, 0xde, 0xff,
    0x15, 0x78, 0xff, 0x01, 0xcd, 0xff, 0x02, 0xaf, 0xff, 0x02, 0xd0, 0xff,
    0x01, 0x8c, 0xff, 0x00, 0x88, 0xff, 0x00, 0x67, 0xff, 0x00, 0xa8, 0xff,
    0x00, 0xa8, 0xff, 0x00, 0xa8, 0xff, 0x00, 0xa8, 0xff, 0x00, 0xa9, 0xff,
    0x00, 0xc9, 0xff, 0x00, 0xa8, 0xff, 0x01, 0x0b, 0xff, 0x03, 0xfd, 0xff,
    0x03, 0xfd, 0xff, 0x01, 0x4d, 0xff, 0x00, 0xa9, 0xff, 0x00, 0xca, 0xff,
    0x00, 0x8a, 0xff, 0x02, 0xd0, 0xff, 0x0f, 0xbe, 0xff, 0x04, 0x96, 0xff,
    0x05, 0x17, 0xff, 0x07, 0xdf, 0xff, 0x02, 0x0e, 0xff, 0x00, 0xaa, 0xff,
    0x00, 0xca, 0xff, 0x00, 0xa9, 0xff, 0x01, 0x4d, 0xff, 0x03, 0xfd, 0xff,
    0x04, 0x1e, 0xff, 0x01, 0x2b, 0xff, 0x00, 0xa8, 0xff, 0x00, 0xc9, 0xff,
    0x00, 0xc9, 0xff, 0x00, 0xa8, 0xff, 0x00, 0xa8, 0xff, 0x00, 0xa8, 0xff,
    0x00, 0xa8, 0xff, 0x00, 0x67, 0xff, 0x00, 0x87, 0xff, 0x01, 0xac, 0xff,
    0x02, 0xb0, 0xff, 0x02, 0xd0, 0xff, 0x01, 0xcd, 0xff, 0x1d, 0x17, 0xff,
    0x27, 0xbe, 0xff, 0x2f, 0xff, 0xff, 0x1e, 0xfc, 0xff, 0x02, 0x6f, 0xff,
    0x00, 0xc9, 0xff, 0x00, 0xc8, 0x98, 0x00, 0x00, 0x00, 0x00, 0x00, 0x00,
    0x00, 0x00, 0x00, 0x00, 0x00, 0x00, 0x00, 0xc8, 0x93, 0x01, 0x4c, 0xff,
    0x06, 0x1a, 0xff, 0x0f, 0xff, 0xff, 0x2f, 0xff, 0xff, 0x17, 0xff, 0xff,
    0x07, 0xbf, 0xff, 0x04, 0xb7, 0xff, 0x01, 0x4b, 0xff, 0x00, 0x67, 0xff,
    0x00, 0x87, 0xff, 0x00, 0xa8, 0xff, 0x00, 0xa8, 0xff, 0x00, 0xa8, 0xff,
    0x00, 0xa8, 0xff, 0x00, 0xa8, 0xff, 0x00, 0xa8, 0xff, 0x00, 0xa8, 0xff,
    0x00, 0xa8, 0xff, 0x00, 0xc9, 0xff, 0x00, 0x88, 0xff, 0x01, 0x2c, 0xff,
    0x03, 0x5a, 0xff, 0x01, 0xd0, 0xff, 0x00, 0xa8, 0xff, 0x00, 0xca, 0xff,
    0x00, 0x48, 0xff, 0x04, 0xf6, 0xff, 0x07, 0x3d, 0xff, 0x01, 0x8d, 0xff,
    0x00, 0xcb, 0xff, 0x06, 0x7b, 0xff, 0x04, 0x34, 0xff, 0x00, 0x48, 0xff,
    0x00, 0xca, 0xff, 0x00, 0xa8, 0xff, 0x01, 0xd0, 0xff, 0x03, 0x7a, 0xff,
    0x01, 0x2c, 0xff, 0x00, 0x88, 0xff, 0x00, 0xc9, 0xff, 0x00, 0xc9, 0xff,
    0x00, 0xa8, 0xff, 0x00, 0xa8, 0xff, 0x00, 0xa8, 0xff, 0x00, 0xa8, 0xff,
    0x00, 0xa8, 0xff, 0x00, 0xa8, 0xff, 0x00, 0xa8, 0xff, 0x00, 0x87, 0xff,
    0x00, 0x67, 0xff, 0x01, 0x4b, 0xff, 0x04, 0x35, 0xff, 0x0f, 0xdf, 0xff,
    0x1f, 0xff, 0xff, 0x2f, 0xff, 0xff, 0x07, 0xff, 0xff, 0x05, 0x99, 0xff,
    0x01, 0x0b, 0xff, 0x00, 0xc8, 0x98, 0x00, 0x00, 0x00, 0x00, 0x00, 0x00,
    0x00, 0x00, 0x00, 0x00, 0x00, 0x00, 0x00, 0xc8, 0x93, 0x01, 0xcd, 0xff,
    0x06, 0x1b, 0xff, 0x06, 0x9e, 0xff, 0x07, 0x3f, 0xff, 0x06, 0x5f, 0xff,
    0x06, 0x3e, 0xff, 0x04, 0x35, 0xff, 0x00, 0x88, 0xff, 0x00, 0xa8, 0xff,
    0x00, 0xa8, 0xff, 0x00, 0xa8, 0xff, 0x00, 0xa8, 0xff, 0x00, 0xa8, 0xff,
    0x00, 0xa8, 0xff, 0x00, 0xa8, 0xff, 0x00, 0xa8, 0xff, 0x00, 0xa8, 0xff,
    0x00, 0xa8, 0xff, 0x00, 0xa8, 0xff, 0x00, 0xc9, 0xff, 0x00, 0xa8, 0xff,
    0x00, 0x88, 0xff, 0x00, 0xa9, 0xff, 0x00, 0xc9, 0xff, 0x00, 0xca, 0xff,
    0x00, 0xc9, 0xff, 0x06, 0x7b, 0xff, 0x05, 0x17, 0xff, 0x04, 0x55, 0xff,
    0x02, 0x4f, 0xff, 0x06, 0x3b, 0xff, 0x05, 0xd9, 0xff, 0x00, 0x89, 0xff,
    0x00, 0xca, 0xff, 0x00, 0xc9, 0xff, 0x00, 0xc9, 0xff, 0x00, 0xa8, 0xff,
    0x00, 0xa8, 0xff, 0x00, 0xc9, 0xff, 0x00, 0xa8, 0xff, 0x00, 0xa8, 0xff,
    0x00, 0xa8, 0xff, 0x00, 0xa8, 0xff, 0x00, 0xa8, 0xff, 0x00, 0xa8, 0xff,
    0x00, 0xa8, 0xff, 0x00, 0xa8, 0xff, 0x00, 0xa8, 0xff, 0x00, 0xa8, 0xff,
    0x00, 0xa8, 0xff, 0x00, 0x68, 0xff, 0x03, 0xf3, 0xff, 0x06, 0xbe, 0xff,
    0x06, 0xff, 0xff, 0x06, 0xff, 0xff, 0x05, 0xfe, 0xff, 0x05, 0xbb, 0xff,
    0x01, 0x6c, 0xff, 0x00, 0xa8, 0x98, 0x00, 0x00, 0x00, 0x00, 0x00, 0x00,
    0x00, 0x00, 0x00, 0x00, 0x00, 0x00, 0x00, 0xc8, 0x92, 0x01, 0x0b, 0xff,
    0x04, 0xb8, 0xff, 0x05, 0xfe, 0xff, 0x04, 0xbe, 0xff, 0x04, 0x9e, 0xff,
    0x05, 0xfe, 0xff, 0x02, 0xf2, 0xff, 0x00, 0x87, 0xff, 0x00, 0xa8, 0xff,
    0x00, 0xa8, 0xff, 0x00, 0xa8, 0xff, 0x00, 0xa8, 0xff, 0x00, 0xa8, 0xff,
    0x00, 0xa8, 0xff, 0x00, 0xa8, 0xff, 0x00, 0xa8, 0xff, 0x00, 0xa8, 0xff,
    0x00, 0xa8, 0xff, 0x00, 0xa8, 0xff, 0x00, 0xa8, 0xff, 0x00, 0xa8, 0xff,
    0x00, 0xa8, 0xff, 0x00, 0xa8, 0xff, 0x00, 0xca, 0xff, 0x00, 0xa9, 0xff,
    0x02, 0x0d, 0xff, 0x07, 0x3f, 0xff, 0x00, 0xca, 0xff, 0x02, 0xd0, 0xff,
    0x06, 0xde, 0xff, 0x05, 0xbb, 0xff, 0x06, 0xdd, 0xff, 0x01, 0x4b, 0xff,
    0x00, 0xca, 0xff, 0x00, 0xea, 0xff, 0x00, 0xa8, 0xff, 0x00, 0xa9, 0xff,
    0x00, 0xa8, 0xff, 0x00, 0xa8, 0xff, 0x00, 0xa8, 0xff, 0x00, 0xa8, 0xff,
    0x00, 0xa8, 0xff, 0x00, 0xa8, 0xff, 0x00, 0xa8, 0xff, 0x00, 0xa8, 0xff,
    0x00, 0xa8, 0xff, 0x00, 0xa8, 0xff, 0x00, 0xa8, 0xff, 0x00, 0xa8, 0xff,
    0x00, 0xa8, 0xff, 0x00, 0x88, 0xff, 0x02, 0x6f, 0xff, 0x06, 0x5e, 0xff,
    0x05, 0x1e, 0xff, 0x04, 0x9e, 0xff, 0x05, 0x7e, 0xff, 0x04, 0x17, 0xff,
    0x00, 0xeb, 0xff, 0x00, 0xa7, 0x98, 0x00, 0x00, 0x00, 0x00, 0x00, 0x00,
    0x00, 0x00, 0x00, 0x00, 0x00, 0x00, 0x00, 0xc7, 0x92, 0x00, 0xc9, 0xff,
    0x01, 0x8e, 0xff, 0x04, 0x58, 0xff, 0x04, 0xfc, 0xff, 0x04, 0xbb, 0xff,
    0x03, 0x55, 0xff, 0x03, 0x32, 0xff, 0x01, 0x4b, 0xff, 0x00, 0x46, 0xff,
    0x00, 0xa8, 0xff, 0x00, 0xa7, 0xff, 0x00, 0xa7, 0xff, 0x00, 0xa8, 0xff,
    0x00, 0xa8, 0xff, 0x00, 0xa8, 0xff, 0x00, 0xa8, 0xff, 0x00, 0xa8, 0xff,
    0x00, 0xa8, 0xff, 0x00, 0xa8, 0xff, 0x00, 0xa8, 0xff, 0x00, 0xa8, 0xff,
    0x00, 0x87, 0xff, 0x00, 0xc9, 0xff, 0x01, 0x0b, 0xff, 0x00, 0x27, 0xff,
    0x03, 0xd3, 0xff, 0x05, 0xfb, 0xff, 0x02, 0xd0, 0xff, 0x04, 0x55, 0xff,
    0x00, 0xc9, 0xff, 0x02, 0x2f, 0xff, 0x07, 0x1f, 0xff, 0x02, 0xd0, 0xff,
    0x00, 0x48, 0xff, 0x01, 0x2c, 0xff, 0x00, 0xc9, 0xff, 0x00, 0xa8, 0xff,
    0x00, 0xa8, 0xff, 0x00, 0xa8, 0xff, 0x00, 0xa8, 0xff, 0x00, 0xa8, 0xff,
    0x00, 0xa8, 0xff, 0x00, 0xa8, 0xff, 0x00, 0xa8, 0xff, 0x00, 0xa8, 0xff,
    0x00, 0xa8, 0xff, 0x00, 0xa8, 0xff, 0x00, 0xa8, 0xff, 0x00, 0xa8, 0xff,
    0x00, 0x87, 0xff, 0x00, 0xc9, 0xff, 0x03, 0x11, 0xff, 0x03, 0xb6, 0xff,
    0x04, 0xdb, 0xff, 0x04, 0xfc, 0xff, 0x03, 0xf8, 0xff, 0x01, 0x4d, 0xff,
    0x00, 0xc9, 0xff, 0x00, 0xa7, 0x98, 0x00, 0x00, 0x00, 0x00, 0x00, 0x00,
    0x00, 0x00, 0x00, 0x00, 0x00, 0x00, 0x00, 0xa7, 0x91, 0x00, 0xa8, 0xff,
    0x00, 0xa8, 0xff, 0x00, 0xcb, 0xff, 0x01, 0x6e, 0xff, 0x01, 0x2d, 0xff,
    0x00, 0x88, 0xff, 0x01, 0x4b, 0xff, 0x03, 0x32, 0xff, 0x01, 0x4b, 0xff,
    0x00, 0x46, 0xff, 0x00, 0xa7, 0xff, 0x00, 0xa7, 0xff, 0x00, 0xa8, 0xff,
    0x00, 0xa8, 0xff, 0x00, 0xa8, 0xff, 0x00, 0xa8, 0xff, 0x00, 0xa8, 0xff,
    0x00, 0xa8, 0xff, 0x00, 0xa8, 0xff, 0x00, 0xa8, 0xff, 0x00, 0x87, 0xff,
    0x00, 0xc9, 0xff, 0x01, 0x6d, 0xff, 0x00, 0xa8, 0xff, 0x00, 0x67, 0xff,
    0x05, 0x59, 0xff, 0x06, 0xff, 0xff, 0x04, 0x96, 0xff, 0x01, 0xac, 0xff,
    0x01, 0xac, 0xff, 0x01, 0x8b, 0xff, 0x05, 0xdc, 0xff, 0x04, 0x97, 0xff,
    0x00, 0x26, 0xff, 0x00, 0xc9, 0xff, 0x01, 0x6e, 0xff, 0x00, 0xa8, 0xff,
    0x00, 0x87, 0xff, 0x00, 0xa8, 0xff, 0x00, 0xa8, 0xff, 0x00, 0xa8, 0xff,
    0x00, 0xa8, 0xff, 0x00, 0xa8, 0xff, 0x00, 0xa8, 0xff, 0x00, 0xa8, 0xff,
    0x00, 0xa8, 0xff, 0x00, 0xa8, 0xff, 0x00, 0xa8, 0xff, 0x00, 0x67, 0xff,
    0x00, 0xc9, 0xff, 0x03, 0x11, 0xff, 0x01, 0xac, 0xff, 0x00, 0xa9, 0xff,
    0x01, 0x4d, 0xff, 0x01, 0x6d, 0xff, 0x00, 0xcb, 0xff, 0x00, 0xc8, 0xff,
    0x00, 0xa8, 0xff, 0x00, 0xa7, 0x98, 0x00, 0x00, 0x00, 0x00, 0x00, 0x00,
    0x00, 0x00, 0x00, 0x00, 0x00, 0x00, 0x00, 0xa7, 0x92, 0x00, 0xa8, 0xff,
    0x00, 0xa7, 0xff, 0x00, 0xa7, 0xff, 0x00, 0xa8, 0xff, 0x00, 0xa8, 0xff,
    0x00, 0xa8, 0xff, 0x00, 0x67, 0xff, 0x00, 0xe9, 0xff, 0x03, 0x32, 0xff,
    0x01, 0x8c, 0xff, 0x00, 0x46, 0xff, 0x00, 0xa7, 0xff, 0x00, 0xa7, 0xff,
    0x00, 0xa8, 0xff, 0x00, 0xa7, 0xff, 0x00, 0xa7, 0xff, 0x00, 0xa8, 0xff,
    0x00, 0xa8, 0xff, 0x00, 0xa8, 0xff, 0x00, 0x87, 0xff, 0x00, 0xc8, 0xff,
    0x01, 0xcf, 0xff, 0x00, 0xea, 0xff, 0x00, 0x67, 0xff, 0x01, 0x4a, 0xff,
    0x06, 0x5e, 0xff, 0x04, 0xb7, 0xff, 0x05, 0x7b, 0xff, 0x04, 0x56, 0xff,
    0x03, 0x31, 0xff, 0x03, 0x52, 0xff, 0x04, 0x98, 0xff, 0x05, 0xfc, 0xff,
    0x00, 0xc8, 0xff, 0x00, 0x87, 0xff, 0x01, 0x2b, 0xff, 0x01, 0xef, 0xff,
    0x00, 0x88, 0xff, 0x00, 0xa7, 0xff, 0x00, 0xa8, 0xff, 0x00, 0xa8, 0xff,
    0x00, 0xa8, 0xff, 0x00, 0xa8, 0xff, 0x00, 0xa8, 0xff, 0x00, 0xa8, 0xff,
    0x00, 0xa8, 0xff, 0x00, 0xa8, 0xff, 0x00, 0x67, 0xff, 0x01, 0x09, 0xff,
    0x03, 0x11, 0xff, 0x01, 0x6b, 0xff, 0x00, 0x67, 0xff, 0x00, 0xa8, 0xff,
    0x00, 0xa8, 0xff, 0x00, 0xa8, 0xff, 0x00, 0xa8, 0xff, 0x00, 0xa8, 0xff,
    0x00, 0xa8, 0xff, 0x00, 0xa7, 0x98, 0x00, 0x00, 0x00, 0x00, 0x00, 0x00,
    0x00, 0x00, 0x00, 0x00, 0x00, 0x00, 0x00, 0xa7, 0x92, 0x00, 0xa8, 0xff,
    0x00, 0xa7, 0xff, 0x00, 0x87, 0xff, 0x00, 0x87, 0xff, 0x00, 0xa7, 0xff,
    0x00, 0xa7, 0xff, 0x00, 0xa7, 0xff, 0x00, 0x66, 0xff, 0x00, 0xc9, 0xff,
    0x03, 0x32, 0xff, 0x01, 0xcd, 0xff, 0x00, 0x46, 0xff, 0x00, 0x87, 0xff,
    0x00, 0xa7, 0xff, 0x00, 0xa7, 0xff, 0x00, 0xa8, 0xff, 0x00, 0xa8, 0xff,
    0x00, 0xa8, 0xff, 0x00, 0x87, 0xff, 0x00, 0xa8, 0xff, 0x02, 0x4f, 0xff,
    0x01, 0x4b, 0xff, 0x00, 0x67, 0xff, 0x00, 0x46, 0xff, 0x02, 0xd0, 0xff,
    0x06, 0x5f, 0xff, 0x00, 0xc8, 0xff, 0x01, 0x4a, 0xff, 0x04, 0x15, 0xff,
    0x02, 0x0e, 0xff, 0x00, 0x04, 0xff, 0x01, 0xab, 0xff, 0x06, 0x7f, 0xff,
    0x01, 0xed, 0xff, 0x00, 0x67, 0xff, 0x00, 0x87, 0xff, 0x01, 0xcd, 0xff,
    0x02, 0x2e, 0xff, 0x00, 0x67, 0xff, 0x00, 0xa8, 0xff, 0x00, 0xa8, 0xff,
    0x00, 0xa8, 0xff, 0x00, 0xa8, 0xff, 0x00, 0xa8, 0xff, 0x00, 0xa8, 0xff,
    0x00, 0xa8, 0xff, 0x00, 0x67, 0xff, 0x01, 0x2a, 0xff, 0x03, 0x11, 0xff,
    0x01, 0x4b, 0xff, 0x00, 0x46, 0xff, 0x00, 0xa8, 0xff, 0x00, 0xa8, 0xff,
    0x00, 0xa7, 0xff, 0x00, 0xa8, 0xff, 0x00, 0xa7, 0xff, 0x00, 0xa7, 0xff,
    0x00, 0xa8, 0xff, 0x00, 0xa7, 0x98, 0x00, 0x00, 0x00, 0x00, 0x00, 0x00,
    0x00, 0x00, 0x00, 0x00, 0x00, 0x00, 0x00, 0xa7, 0x92, 0x00, 0xa8, 0xff,
    0x00, 0x87, 0xff, 0x00, 0xa7, 0xff, 0x00, 0x87, 0xff, 0x00, 0x87, 0xff,
    0x00, 0x87, 0xff, 0x00, 0x87, 0xff, 0x00, 0xa7, 0xff, 0x00, 0x66, 0xff,
    0x00, 0xa8, 0xff, 0x03, 0x32, 0xff, 0x02, 0x0d, 0xff, 0x00, 0x67, 0xff,
    0x00, 0x87, 0xff, 0x00, 0xa8, 0xff, 0x00, 0xa8, 0xff, 0x00, 0xa8, 0xff,
    0x00, 0xa7, 0xff, 0x00, 0x87, 0xff, 0x02, 0x4f, 0xff, 0x01, 0xee, 0xff,
    0x00, 0x67, 0xff, 0x00, 0xa8, 0xff, 0x00, 0x66, 0xff, 0x04, 0x98, 0xff,
    0x04, 0xfa, 0xff, 0x00, 0x25, 0xff, 0x00, 0x05, 0xff, 0x00, 0x67, 0xff,
    0x03, 0x93, 0xff, 0x03, 0x32, 0xff, 0x00, 0xc8, 0xff, 0x05, 0x9c, 0xff,
    0x03, 0x94, 0xff, 0x00, 0x46, 0xff, 0x00, 0xa8, 0xff, 0x00, 0x87, 0xff,
    0x02, 0x70, 0xff, 0x02, 0x0e, 0xff, 0x00, 0x67, 0xff, 0x00, 0xa8, 0xff,
    0x00, 0xa8, 0xff, 0x00, 0xa8, 0xff, 0x00, 0xa8, 0xff, 0x00, 0xa8, 0xff,
    0x00, 0x67, 0xff, 0x01, 0x4a, 0xff, 0x03, 0x11, 0xff, 0x01, 0x2a, 0xff,
    0x00, 0x46, 0xff, 0x00, 0xa8, 0xff, 0x00, 0xa7, 0xff, 0x00, 0xa7, 0xff,
    0x00, 0xa7, 0xff, 0x00, 0xa7, 0xff, 0x00, 0x87, 0xff, 0x00, 0x87, 0xff,
    0x00, 0xa8, 0xff, 0x00, 0xa7, 0x98, 0x00, 0x00, 0x00, 0x00, 0x00, 0x00,
    0x00, 0x00, 0x00, 0x00, 0x00, 0x00, 0x00, 0xa6, 0x92, 0x00, 0xa7, 0xff,
    0x00, 0x87, 0xff, 0x00, 0x87, 0xff, 0x00, 0x87, 0xff, 0x00, 0x87, 0xff,
    0x00, 0x87, 0xff, 0x00, 0x87, 0xff, 0x00, 0x87, 0xff, 0x00, 0xa7, 0xff,
    0x00, 0x67, 0xff, 0x00, 0x88, 0xff, 0x03, 0x32, 0xff, 0x02, 0x70, 0xff,
    0x00, 0x87, 0xff, 0x00, 0xa8, 0xff, 0x00, 0xa8, 0xff, 0x00, 0xa8, 0xff,
    0x00, 0x87, 0xff, 0x02, 0x0e, 0xff, 0x02, 0x90, 0xff, 0x00, 0x67, 0xff,
    0x00, 0xa8, 0xff, 0x00, 0x87, 0xff, 0x01, 0x09, 0xff, 0x05, 0x9e, 0xff,
    0x03, 0xf7, 0xff, 0x01, 0x8c, 0xff, 0x02, 0x0e, 0xff, 0x01, 0xce, 0xff,
    0x01, 0x8c, 0xff, 0x03, 0x96, 0xff, 0x03, 0x98, 0xff, 0x04, 0xba, 0xff,
    0x04, 0xdb, 0xff, 0x00, 0xa8, 0xff, 0x00, 0xa8, 0xff, 0x00, 0xa8, 0xff,
    0x00, 0xa8, 0xff, 0x03, 0x32, 0xff, 0x01, 0xac, 0xff, 0x00, 0x87, 0xff,
    0x00, 0xc8, 0xff, 0x00, 0xc8, 0xff, 0x00, 0xc8, 0xff, 0x00, 0x87, 0xff,
    0x01, 0x8c, 0xff, 0x03, 0x32, 0xff, 0x00, 0xe9, 0xff, 0x00, 0x67, 0xff,
    0x00, 0xa8, 0xff, 0x00, 0xa8, 0xff, 0x00, 0xa7, 0xff, 0x00, 0xa7, 0xff,
    0x00, 0xa7, 0xff, 0x00, 0x87, 0xff, 0x00, 0x87, 0xff, 0x00, 0x87, 0xff,
    0x00, 0xa8, 0xff, 0x00, 0xa7, 0x98, 0x00, 0x00, 0x00, 0x00, 0x00, 0x00,
    0x00, 0x00, 0x00, 0x00, 0x00, 0x00, 0x00, 0xa7, 0x91, 0x00, 0x87, 0xff,
    0x00, 0x87, 0xff, 0x00, 0x87, 0xff, 0x00, 0x87, 0xff, 0x00, 0x87, 0xff,
    0x00, 0x87, 0xff, 0x00, 0x87, 0xff, 0x00, 0x87, 0xff, 0x00, 0x87, 0xff,
    0x00, 0xa7, 0xff, 0x00, 0x87, 0xff, 0x00, 0x88, 0xff, 0x03, 0x32, 0xff,
    0x02, 0x70, 0xff, 0x00, 0xc9, 0xff, 0x00, 0xea, 0xff, 0x00, 0xa9, 0xff,
    0x01, 0xee, 0xff, 0x03, 0x33, 0xff, 0x00, 0x88, 0xff, 0x00, 0xa8, 0xff,
    0x00, 0xc8, 0xff, 0x00, 0xaa, 0xff, 0x02, 0x51, 0xff, 0x05, 0xbf, 0xff,
    0x03, 0x36, 0xff, 0x02, 0xb4, 0xff, 0x02, 0xd4, 0xff, 0x02, 0xd4, 0xff,
    0x02, 0xd4, 0xff, 0x02, 0x73, 0xff, 0x02, 0x33, 0xff, 0x03, 0xf9, 0xff,
    0x05, 0x7f, 0xff, 0x01, 0xae, 0xff, 0x00, 0xca, 0xff, 0x00, 0xc8, 0xff,
    0x00, 0xa8, 0xff, 0x01, 0x0a, 0xff, 0x03, 0x74, 0xff, 0x01, 0x6c, 0xff,
    0x00, 0xc9, 0xff, 0x01, 0x0b, 0xff, 0x00, 0xa9, 0xff, 0x01, 0xcd, 0xff,
    0x03, 0x53, 0xff, 0x00, 0xe9, 0xff, 0x00, 0x67, 0xff, 0x00, 0xa8, 0xff,
    0x00, 0xa7, 0xff, 0x00, 0xa7, 0xff, 0x00, 0xa7, 0xff, 0x00, 0x87, 0xff,
    0x00, 0x87, 0xff, 0x00, 0x87, 0xff, 0x00, 0x87, 0xff, 0x00, 0x87, 0xff,
    0x00, 0xa7, 0xff, 0x00, 0x86, 0x98, 0x00, 0x00, 0x00, 0x00, 0x00, 0x00,
    0x00, 0x00, 0x00, 0x00, 0x00, 0x00, 0x00, 0xa7, 0x91, 0x00, 0x87, 0xff,
    0x00, 0x87, 0xff, 0x00, 0x87, 0xff, 0x00, 0x87, 0xff, 0x00, 0x87, 0xff,
    0x00, 0x87, 0xff, 0x00, 0x87, 0xff, 0x00, 0x87, 0xff, 0x00, 0x87, 0xff,
    0x00, 0x87, 0xff, 0x00, 0xa7, 0xff, 0x00, 0xa7, 0xff, 0x00, 0xa8, 0xff,
    0x03, 0x94, 0xff, 0x1c, 0xf7, 0xff, 0x25, 0xd9, 0xff, 0x1c, 0xf7, 0xff,
    0x03, 0xf6, 0xff, 0x01, 0x0b, 0xff, 0x00, 0xc8, 0xff, 0x00, 0xe9, 0xff,
    0x01, 0x8f, 0xff, 0x02, 0x31, 0xff, 0x05, 0x1b, 0xff, 0x05, 0x1d, 0xff,
    0x01, 0x4c, 0xff, 0x00, 0xaa, 0xff, 0x00, 0xa9, 0xff, 0x00, 0xa9, 0xff,
    0x00, 0xa9, 0xff, 0x00, 0xca, 0xff, 0x00, 0xca, 0xff, 0x01, 0xee, 0xff,
    0x05, 0x7f, 0xff, 0x04, 0x58, 0xff, 0x01, 0x8f, 0xff, 0x01, 0x4d, 0xff,
    0x00, 0xe9, 0xff, 0x00, 0xa8, 0xff, 0x01, 0xad, 0xff, 0x0c, 0x36, 0xff,
    0x25, 0x17, 0xff, 0x25, 0xf9, 0xff, 0x14, 0x35, 0xff, 0x03, 0x95, 0xff,
    0x01, 0x0b, 0xff, 0x00, 0x87, 0xff, 0x00, 0xa8, 0xff, 0x00, 0xa7, 0xff,
    0x00, 0xa7, 0xff, 0x00, 0xa7, 0xff, 0x00, 0x87, 0xff, 0x00, 0x87, 0xff,
    0x00, 0x87, 0xff, 0x00, 0x87, 0xff, 0x00, 0x87, 0xff, 0x00, 0x87, 0xff,
    0x00, 0x87, 0xff, 0x00, 0x86, 0x98, 0x00, 0x00, 0x00, 0x00, 0x00, 0x00,
    0x00, 0x00, 0x00, 0x00, 0x00, 0x00, 0x00, 0xa7, 0x91, 0x00, 0xa7, 0xff,
    0x00, 0x87, 0xff, 0x00, 0x87, 0xff, 0x00, 0x87, 0xff, 0x00, 0x87, 0xff,
    0x00, 0x87, 0xff, 0x00, 0x87, 0xff, 0x00, 0x87, 0xff, 0x00, 0x87, 0xff,
    0x00, 0x87, 0xff, 0x00, 0xa7, 0xff, 0x00, 0xc8, 0xff, 0x00, 0xea, 0xff,
    0x14, 0x96, 0xff, 0x1f, 0xff, 0xff, 0x37, 0xff, 0xff, 0x1f, 0xff, 0xff,
    0x15, 0xfa, 0xff, 0x01, 0x4c, 0xff, 0x00, 0xc8, 0xff, 0x01, 0x4c, 0xff,
    0x02, 0x76, 0xff, 0x02, 0xf5, 0xff, 0x05, 0xfd, 0xff, 0x05, 0x9c, 0xff,
    0x01, 0x4c, 0xff, 0x01, 0x0b, 0xff, 0x01, 0x0c, 0xff, 0x01, 0x0b, 0xff,
    0x01, 0x0b, 0xff, 0x01, 0x0c, 0xff, 0x00, 0xeb, 0xff, 0x01, 0xce, 0xff,
    0x06, 0x1d, 0xff, 0x05, 0x5b, 0xff, 0x01, 0xf1, 0xff, 0x01, 0xd1, 0xff,
    0x01, 0x2b, 0xff, 0x00, 0xc9, 0xff, 0x01, 0xad, 0xff, 0x1e, 0xbc, 0xff,
    0x27, 0xff, 0xff, 0x2f, 0xff, 0xff, 0x17, 0xff, 0xff, 0x0c, 0x15, 0xff,
    0x00, 0xc9, 0xff, 0x00, 0xa8, 0xff, 0x00, 0xa8, 0xff, 0x00, 0xa7, 0xff,
    0x00, 0xa7, 0xff, 0x00, 0xa7, 0xff, 0x00, 0x87, 0xff, 0x00, 0x87, 0xff,
    0x00, 0x87, 0xff, 0x00, 0x87, 0xff, 0x00, 0x87, 0xff, 0x00, 0x87, 0xff,
    0x00, 0x87, 0xff, 0x00, 0x86, 0x98, 0x00, 0x00, 0x00, 0x00, 0x00, 0x00,
    0x00, 0x00, 0x00, 0x00, 0x00, 0x00, 0x00, 0xa7, 0x91, 0x00, 0xa7, 0xff,
    0x00, 0x87, 0xff, 0x00, 0x87, 0xff, 0x00, 0x87, 0xff, 0x00, 0x87, 0xff,
    0x00, 0x87, 0xff, 0x00, 0x87, 0xff, 0x00, 0x87, 0xff, 0x00, 0x87, 0xff,
    0x00, 0x87, 0xff, 0x00, 0xa7, 0xff, 0x00, 0xc8, 0xff, 0x01, 0xad, 0xff,
    0x06, 0x7d, 0xff, 0x0f, 0x9f, 0xff, 0x1f, 0xff, 0xff, 0x07, 0x5f, 0xff,
    0x06, 0xbf, 0xff, 0x02, 0xb0, 0xff, 0x00, 0xa9, 0xff, 0x00, 0xc9, 0xff,
    0x02, 0x72, 0xff, 0x03, 0x39, 0xff, 0x02, 0xd8, 0xff, 0x03, 0x17, 0xff,
    0x02, 0x34, 0xff, 0x01, 0xf2, 0xff, 0x01, 0xd2, 0xff, 0x01, 0xd1, 0xff,
    0x01, 0xd1, 0xff, 0x01, 0xd2, 0xff, 0x01, 0xd2, 0xff, 0x02, 0x33, 0xff,
    0x02, 0xb5, 0xff, 0x02, 0x34, 0xff, 0x02, 0x95, 0xff, 0x02, 0x10, 0xff,
    0x00, 0xc9, 0xff, 0x00, 0xc9, 0xff, 0x03, 0x52, 0xff, 0x07, 0x5f, 0xff,
    0x17, 0xdf, 0xff, 0x17, 0xff, 0xff, 0x07, 0x3f, 0xff, 0x0d, 0xdb, 0xff,
    0x01, 0x4b, 0xff, 0x00, 0xa8, 0xff, 0x00, 0xa7, 0xff, 0x00, 0xa7, 0xff,
    0x00, 0xa7, 0xff, 0x00, 0x87, 0xff, 0x00, 0x87, 0xff, 0x00, 0x87, 0xff,
    0x00, 0x87, 0xff, 0x00, 0x87, 0xff, 0x00, 0x87, 0xff, 0x00, 0x87, 0xff,
    0x00, 0x87, 0xff, 0x00, 0xa6, 0x98, 0x00, 0x00, 0x00, 0x00, 0x00, 0x00,
    0x00, 0x00, 0x00, 0x00, 0x00, 0x00, 0x00, 0x86, 0x92, 0x00, 0x87, 0xff,
    0x00, 0x87, 0xff, 0x00, 0x87, 0xff, 0x00, 0x87, 0xff, 0x00, 0x87, 0xff,
    0x00, 0x87, 0xff, 0x00, 0x87, 0xff, 0x00, 0x87, 0xff, 0x00, 0x87, 0xff,
    0x00, 0xa7, 0xff, 0x00, 0xc8, 0xff, 0x00, 0xc9, 0xff, 0x01, 0x8c, 0xff,
    0x05, 0xbb, 0xff, 0x05, 0xdf, 0xff, 0x05, 0xbf, 0xff, 0x05, 0x1e, 0xff,
    0x05, 0xfe, 0xff, 0x02, 0xb0, 0xff, 0x00, 0x88, 0xff, 0x00, 0xc8, 0xff,
    0x00, 0xa8, 0xff, 0x01, 0xad, 0xff, 0x02, 0xd3, 0xff, 0x03, 0x77, 0xff,
    0x03, 0xd9, 0xff, 0x03, 0xd9, 0xff, 0x03, 0x99, 0xff, 0x03, 0x78, 0xff,
    0x03, 0x78, 0xff, 0x03, 0x78, 0xff, 0x03, 0x78, 0xff, 0x03, 0x57, 0xff,
    0x02, 0xf5, 0xff, 0x02, 0x72, 0xff, 0x01, 0x8c, 0xff, 0x00, 0xa8, 0xff,
    0x00, 0xc8, 0xff, 0x00, 0x88, 0xff, 0x03, 0x32, 0xff, 0x06, 0x7f, 0xff,
    0x05, 0xbe, 0xff, 0x05, 0x7f, 0xff, 0x05, 0x7f, 0xff, 0x05, 0x19, 0xff,
    0x01, 0x2a, 0xff, 0x00, 0xc8, 0xff, 0x00, 0xa8, 0xff, 0x00, 0x87, 0xff,
    0x00, 0x87, 0xff, 0x00, 0x87, 0xff, 0x00, 0x87, 0xff, 0x00, 0x87, 0xff,
    0x00, 0x87, 0xff, 0x00, 0x87, 0xff, 0x00, 0x87, 0xff, 0x00, 0x87, 0xff,
    0x00, 0x87, 0xff, 0x00, 0x86, 0x99, 0x00, 0x00, 0x00, 0x00, 0x00, 0x00,
    0x00, 0x00, 0x00, 0x00, 0x00, 0x00, 0x00, 0x86, 0x91, 0x00, 0x87, 0xff,
    0x00, 0x87, 0xff, 0x00, 0x87, 0xff, 0x00, 0x87, 0xff, 0x00, 0x87, 0xff,
    0x00, 0x87, 0xff, 0x00, 0x87, 0xff, 0x00, 0x87, 0xff, 0x00, 0x87, 0xff,
    0x00, 0xa7, 0xff, 0x00, 0xc9, 0xff, 0x00, 0xe9, 0xff, 0x01, 0x0b, 0xff,
    0x03, 0x34, 0xff, 0x0d, 0x9d, 0xff, 0x04, 0xfe, 0xff, 0x05, 0x3e, 0xff,
    0x04, 0x17, 0xff, 0x03, 0x32, 0xff, 0x02, 0x4e, 0xff, 0x00, 0xc9, 0xff,
    0x00, 0x87, 0xff, 0x00, 0x87, 0xff, 0x00, 0x67, 0xff, 0x00, 0xc8, 0xff,
    0x01, 0x6a, 0xff, 0x01, 0xec, 0xff, 0x02, 0x2e, 0xff, 0x02, 0x6f, 0xff,
    0x02, 0x6f, 0xff, 0x02, 0x0d, 0xff, 0x01, 0xcc, 0xff, 0x01, 0x4a, 0xff,
    0x00, 0xc8, 0xff, 0x00, 0x87, 0xff, 0x00, 0x87, 0xff, 0x00, 0x87, 0xff,
    0x00, 0xa8, 0xff, 0x02, 0x2d, 0xff, 0x03, 0x52, 0xff, 0x04, 0xd9, 0xff,
    0x05, 0x7e, 0xff, 0x04, 0xfe, 0xff, 0x05, 0x5d, 0xff, 0x02, 0x91, 0xff,
    0x00, 0xea, 0xff, 0x00, 0xc8, 0xff, 0x00, 0xa8, 0xff, 0x00, 0x87, 0xff,
    0x00, 0x87, 0xff, 0x00, 0x87, 0xff, 0x00, 0x87, 0xff, 0x00, 0x87, 0xff,
    0x00, 0x87, 0xff, 0x00, 0x87, 0xff, 0x00, 0x87, 0xff, 0x00, 0x87, 0xff,
    0x00, 0x87, 0xff, 0x00, 0x86, 0x97, 0x00, 0x00, 0x00, 0x00, 0x00, 0x00,
    0x00, 0x00, 0x00, 0x00, 0x00, 0x00, 0x00, 0x86, 0x81, 0x00, 0x87, 0xff,
    0x00, 0x87, 0xff, 0x00, 0x87, 0xff, 0x00, 0x87, 0xff, 0x00, 0x87, 0xff,
    0x00, 0x87, 0xff, 0x00, 0x87, 0xff, 0x00, 0x87, 0xff, 0x00, 0x87, 0xff,
    0x00, 0xa7, 0xff, 0x00, 0xc8, 0xff, 0x01, 0x2a, 0xff, 0x01, 0x2b, 0xff,
    0x01, 0x6d, 0xff, 0x02, 0xb3, 0xff, 0x03, 0x96, 0xff, 0x02, 0xd4, 0xff,
    0x01, 0x2c, 0xff, 0x01, 0x0a, 0xff, 0x02, 0x4f, 0xff, 0x03, 0x11, 0xff,
    0x01, 0xac, 0xff, 0x00, 0x67, 0xff, 0x00, 0x87, 0xff, 0x00, 0xa7, 0xff,
    0x00, 0x87, 0xff, 0x00, 0x67, 0xff, 0x00, 0x46, 0xff, 0x01, 0x4c, 0xff,
    0x01, 0x4c, 0xff, 0x00, 0x46, 0xff, 0x00, 0x87, 0xff, 0x00, 0x87, 0xff,
    0x00, 0xa7, 0xff, 0x00, 0x87, 0xff, 0x00, 0x67, 0xff, 0x01, 0xab, 0xff,
    0x02, 0xf0, 0xff, 0x02, 0x6f, 0xff, 0x01, 0x0a, 0xff, 0x01, 0x6d, 0xff,
    0x03, 0x14, 0xff, 0x03, 0x75, 0xff, 0x02, 0x51, 0xff, 0x01, 0x4c, 0xff,
    0x00, 0xe9, 0xff, 0x00, 0xe9, 0xff, 0x00, 0xa8, 0xff, 0x00, 0x87, 0xff,
    0x00, 0x87, 0xff, 0x00, 0x87, 0xff, 0x00, 0x87, 0xff, 0x00, 0x87, 0xff,
    0x00, 0x87, 0xff, 0x00, 0x87, 0xff, 0x00, 0x87, 0xff, 0x00, 0x87, 0xff,
    0x00, 0x87, 0xff, 0x00, 0x86, 0x86, 0x00, 0x00, 0x00, 0x00, 0x00, 0x00,
    0x00, 0x00, 0x00, 0x00, 0x00, 0x00, 0x00, 0x86, 0x58, 0x00, 0x87, 0xff,
    0x00, 0x87, 0xff, 0x00, 0x87, 0xff, 0x00, 0x87, 0xff, 0x00, 0x87, 0xff,
    0x00, 0x87, 0xff, 0x00, 0x87, 0xff, 0x00, 0xa7, 0xff, 0x00, 0xa7, 0xff,
    0x00, 0xa7, 0xff, 0x00, 0xa8, 0xff, 0x00, 0xc8, 0xff, 0x01, 0x2b, 0xff,
    0x01, 0x4b, 0xff, 0x01, 0x4c, 0xff, 0x01, 0x2c, 0xff, 0x01, 0x2b, 0xff,
    0x01, 0x0a, 0xff, 0x00, 0xe9, 0xff, 0x00, 0x88, 0xff, 0x00, 0xe9, 0xff,
    0x02, 0x6e, 0xff, 0x02, 0xd0, 0xff, 0x01, 0x4a, 0xff, 0x00, 0x67, 0xff,
    0x00, 0x88, 0xff, 0x00, 0xc8, 0xff, 0x00, 0x67, 0xff, 0x02, 0x0e, 0xff,
    0x02, 0x0f, 0xff, 0x00, 0x68, 0xff, 0x00, 0xc8, 0xff, 0x00, 0x87, 0xff,
    0x00, 0x67, 0xff, 0x01, 0x4a, 0xff, 0x02, 0xaf, 0xff, 0x02, 0x8e, 0xff,
    0x01, 0x09, 0xff, 0x00, 0x88, 0xff, 0x00, 0xe9, 0xff, 0x01, 0x0a, 0xff,
    0x01, 0x0b, 0xff, 0x01, 0x0b, 0xff, 0x01, 0x2b, 0xff, 0x01, 0x0a, 0xff,
    0x00, 0xe9, 0xff, 0x00, 0xa8, 0xff, 0x00, 0xa8, 0xff, 0x00, 0xa7, 0xff,
    0x00, 0x87, 0xff, 0x00, 0x87, 0xff, 0x00, 0x87, 0xff, 0x00, 0x87, 0xff,
    0x00, 0x87, 0xff, 0x00, 0x87, 0xff, 0x00, 0x87, 0xff, 0x00, 0x87, 0xff,
    0x00, 0x87, 0xff, 0x08, 0x86, 0x5e, 0x00, 0x00, 0x00, 0x00, 0x00, 0x00,
    0x00, 0x00, 0x00, 0x00, 0x00, 0x00, 0x08, 0xa5, 0x20, 0x00, 0x86, 0xfc,
    0x00, 0x87, 0xff, 0x00, 0x87, 0xff, 0x00, 0x87, 0xff, 0x00, 0x87, 0xff,
    0x00, 0x87, 0xff, 0x00, 0x87, 0xff, 0x00, 0x87, 0xff, 0x00, 0xa7, 0xff,
    0x00, 0xa7, 0xff, 0x00, 0xa8, 0xff, 0x00, 0xa8, 0xff, 0x00, 0xa8, 0xff,
    0x00, 0xc9, 0xff, 0x00, 0xe9, 0xff, 0x00, 0xe9, 0xff, 0x00, 0xe9, 0xff,
    0x00, 0xc9, 0xff, 0x00, 0xa8, 0xff, 0x00, 0xa8, 0xff, 0x00, 0xa8, 0xff,
    0x00, 0x67, 0xff, 0x01, 0x2a, 0xff, 0x02, 0xaf, 0xff, 0x02, 0xaf, 0xff,
    0x01, 0x2a, 0xff, 0x00, 0xc9, 0xff, 0x0a, 0x6f, 0xff, 0x1d, 0x38, 0xff,
    0x1d, 0x18, 0xff, 0x0a, 0x6f, 0xff, 0x00, 0xa9, 0xff, 0x01, 0x09, 0xff,
    0x02, 0x6e, 0xff, 0x02, 0xaf, 0xff, 0x01, 0x4a, 0xff, 0x00, 0x46, 0xff,
    0x00, 0x87, 0xff, 0x00, 0xa8, 0xff, 0x00, 0xc8, 0xff, 0x00, 0xc9, 0xff,
    0x00, 0xe9, 0xff, 0x00, 0xe9, 0xff, 0x00, 0xe9, 0xff, 0x00, 0xc8, 0xff,
    0x00, 0xa8, 0xff, 0x00, 0xa8, 0xff, 0x00, 0xa7, 0xff, 0x00, 0xa7, 0xff,
    0x00, 0x87, 0xff, 0x00, 0x87, 0xff, 0x00, 0x87, 0xff, 0x00, 0x87, 0xff,
    0x00, 0x87, 0xff, 0x00, 0x87, 0xff, 0x00, 0x87, 0xff, 0x00, 0x87, 0xff,
    0x00, 0x86, 0xfe, 0x08, 0xa6, 0x25, 0x00, 0x00, 0x00, 0x00, 0x00, 0x00,
    0x00, 0x00, 0x00, 0x00, 0x00, 0x00, 0x00, 0x00, 0x00, 0x00, 0x86, 0xc2,
    0x00, 0x87, 0xff, 0x00, 0x87, 0xff, 0x00, 0x87, 0xff, 0x00, 0x87, 0xff,
    0x00, 0x87, 0xff, 0x00, 0x87, 0xff, 0x00, 0x87, 0xff, 0x00, 0x87, 0xff,
    0x00, 0xa7, 0xff, 0x00, 0x87, 0xff, 0x00, 0xa7, 0xff, 0x00, 0xa8, 0xff,
    0x00, 0xa8, 0xff, 0x00, 0xa8, 0xff, 0x00, 0xa8, 0xff, 0x00, 0xa8, 0xff,
    0x00, 0xa8, 0xff, 0x00, 0xa8, 0xff, 0x00, 0xa8, 0xff, 0x00, 0xa8, 0xff,
    0x00, 0xa8, 0xff, 0x00, 0x87, 0xff, 0x00, 0x47, 0xff, 0x01, 0xac, 0xff,
    0x03, 0x32, 0xff, 0x0b, 0xd4, 0xff, 0x27, 0x5e, 0xff, 0x2f, 0xff, 0xff,
    0x27, 0xff, 0xff, 0x17, 0x3e, 0xff, 0x03, 0xb4, 0xff, 0x03, 0x11, 0xff,
    0x01, 0xcc, 0xff, 0x00, 0x67, 0xff, 0x00, 0x87, 0xff, 0x00, 0xa8, 0xff,
    0x00, 0xa8, 0xff, 0x00, 0xa8, 0xff, 0x00, 0xa8, 0xff, 0x00, 0xa8, 0xff,
    0x00, 0xa8, 0xff, 0x00, 0xa8, 0xff, 0x00, 0xa8, 0xff, 0x00, 0xa8, 0xff,
    0x00, 0xa8, 0xff, 0x00, 0xa8, 0xff, 0x00, 0xa7, 0xff, 0x00, 0x87, 0xff,
    0x00, 0x87, 0xff, 0x00, 0x87, 0xff, 0x00, 0x87, 0xff, 0x00, 0x87, 0xff,
    0x00, 0x87, 0xff, 0x00, 0x87, 0xff, 0x00, 0x87, 0xff, 0x00, 0x87, 0xff,
    0x00, 0x86, 0xc8, 0x00, 0x00, 0x00, 0x00, 0x00, 0x00, 0x00, 0x00, 0x00,
    0x00, 0x00, 0x00, 0x00, 0x00, 0x00, 0x00, 0x00, 0x00, 0x08, 0x86, 0x52,
    0x00, 0x87, 0xff, 0x00, 0x87, 0xff, 0x00, 0x87, 0xff, 0x00, 0x87, 0xff,
    0x00, 0x87, 0xff, 0x00, 0x87, 0xff, 0x00, 0x87, 0xff, 0x00, 0x87, 0xff,
    0x00, 0x87, 0xff, 0x00, 0x87, 0xff, 0x00, 0xa7, 0xff, 0x00, 0xa7, 0xff,
    0x00, 0xa7, 0xff, 0x00, 0xa8, 0xff, 0x00, 0xa8, 0xff, 0x00, 0xa8, 0xff,
    0x00, 0xa8, 0xff, 0x00, 0xa8, 0xff, 0x00, 0xa8, 0xff, 0x00, 0xa8, 0xff,
    0x00, 0xa7, 0xff, 0x00, 0xa8, 0xff, 0x00, 0xa8, 0xff, 0x00, 0x87, 0xff,
    0x01, 0x2b, 0xff, 0x0d, 0x9a, 0xff, 0x07, 0x9f, 0xff, 0x27, 0xff, 0xff,
    0x1f, 0xff, 0xff, 0x07, 0x5f, 0xff, 0x0d, 0x9b, 0xff, 0x01, 0x2b, 0xff,
    0x00, 0x67, 0xff, 0x00, 0xa8, 0xff, 0x00, 0xa8, 0xff, 0x00, 0xa8, 0xff,
    0x00, 0xa7, 0xff, 0x00, 0xa8, 0xff, 0x00, 0xa8, 0xff, 0x00, 0xa8, 0xff,
    0x00, 0xa8, 0xff, 0x00, 0xa7, 0xff, 0x00, 0xa7, 0xff, 0x00, 0xa7, 0xff,
    0x00, 0xa7, 0xff, 0x00, 0xa7, 0xff, 0x00, 0xa7, 0xff, 0x00, 0x87, 0xff,
    0x00, 0x87, 0xff, 0x00, 0x87, 0xff, 0x00, 0x87, 0xff, 0x00, 0x87, 0xff,
    0x00, 0x87, 0xff, 0x00, 0x87, 0xff, 0x00, 0x87, 0xff, 0x00, 0x87, 0xff,
    0x08, 0xa6, 0x59, 0x00, 0x00, 0x00, 0x00, 0x00, 0x00, 0x00, 0x00, 0x00,
    0x00, 0x00, 0x00, 0x00, 0x00, 0x00, 0x00, 0x00, 0x00, 0x00, 0x00, 0x00,
    0x00, 0x86, 0xc5, 0x00, 0x87, 0xff, 0x00, 0x87, 0xff, 0x00, 0x87, 0xff,
    0x00, 0x87, 0xff, 0x00, 0x87, 0xff, 0x00, 0x87, 0xff, 0x00, 0x87, 0xff,
    0x00, 0x87, 0xff, 0x00, 0x87, 0xff, 0x00, 0x87, 0xff, 0x00, 0x87, 0xff,
    0x00, 0xa7, 0xff, 0x00, 0xa7, 0xff, 0x00, 0xa7, 0xff, 0x00, 0xa7, 0xff,
    0x00, 0xa7, 0xff, 0x00, 0xa7, 0xff, 0x00, 0xa7, 0xff, 0x00, 0xa7, 0xff,
    0x00, 0xa8, 0xff, 0x00, 0xa8, 0xff, 0x00, 0xa8, 0xff, 0x00, 0xc9, 0xff,
    0x01, 0x0a, 0xff, 0x05, 0x39, 0xff, 0x06, 0x5f, 0xff, 0x06, 0xbf, 0xff,
    0x06, 0x1f, 0xff, 0x05, 0xdf, 0xff, 0x04, 0xf9, 0xff, 0x01, 0x0a, 0xff,
    0x00, 0xc9, 0xff, 0x00, 0xa8, 0xff, 0x00, 0xa8, 0xff, 0x00, 0xa7, 0xff,
    0x00, 0xa8, 0xff, 0x00, 0xa8, 0xff, 0x00, 0xa7, 0xff, 0x00, 0xa7, 0xff,
    0x00, 0xa7, 0xff, 0x00, 0xa7, 0xff, 0x00, 0xa7, 0xff, 0x00, 0x87, 0xff,
    0x00, 0xa7, 0xff, 0x00, 0xa7, 0xff, 0x00, 0x87, 0xff, 0x00, 0x87, 0xff,
    0x00, 0x87, 0xff, 0x00, 0x87, 0xff, 0x00, 0x87, 0xff, 0x00, 0x87, 0xff,
    0x00, 0x87, 0xff, 0x00, 0x87, 0xff, 0x00, 0x87, 0xff, 0x00, 0x86, 0xcb,
    0xf8, 0x00, 0x01, 0x00, 0x00, 0x00, 0x00, 0x00, 0x00, 0x00, 0x00, 0x00,
    0x00, 0x00, 0x00, 0x00, 0x00, 0x00, 0x00, 0x00, 0x00, 0x00, 0x00, 0x00,
    0x08, 0x85, 0x28, 0x00, 0x86, 0xf6, 0x00, 0x87, 0xff, 0x00, 0x86, 0xff,
    0x00, 0x87, 0xff, 0x00, 0x87, 0xff, 0x00, 0x87, 0xff, 0x00, 0x87, 0xff,
    0x00, 0x87, 0xff, 0x00, 0x87, 0xff, 0x00, 0x87, 0xff, 0x00, 0x87, 0xff,
    0x00, 0x87, 0xff, 0x00, 0xa7, 0xff, 0x00, 0x87, 0xff, 0x00, 0x87, 0xff,
    0x00, 0xa7, 0xff, 0x00, 0xa7, 0xff, 0x00, 0xa7, 0xff, 0x00, 0xa7, 0xff,
    0x00, 0xa7, 0xff, 0x00, 0xa8, 0xff, 0x00, 0xa8, 0xff, 0x00, 0xe9, 0xff,
    0x00, 0xe9, 0xff, 0x03, 0x12, 0xff, 0x06, 0x3e, 0xff, 0x05, 0x3e, 0xff,
    0x04, 0xfe, 0xff, 0x05, 0xbe, 0xff, 0x02, 0xb2, 0xff, 0x00, 0xe9, 0xff,
    0x00, 0xe9, 0xff, 0x00, 0xa8, 0xff, 0x00, 0xa7, 0xff, 0x00, 0xa8, 0xff,
    0x00, 0xa7, 0xff, 0x00, 0x87, 0xff, 0x00, 0xa7, 0xff, 0x00, 0xa7, 0xff,
    0x00, 0xa7, 0xff, 0x00, 0xa7, 0xff, 0x00, 0xa7, 0xff, 0x00, 0x87, 0xff,
    0x00, 0x87, 0xff, 0x00, 0x87, 0xff, 0x00, 0x87, 0xff, 0x00, 0x87, 0xff,
    0x00, 0x87, 0xff, 0x00, 0x87, 0xff, 0x00, 0x87, 0xff, 0x00, 0x87, 0xff,
    0x00, 0x87, 0xff, 0x00, 0x87, 0xff, 0x00, 0x86, 0xfa, 0x08, 0xa6, 0x2d,
    0x00, 0x00, 0x00, 0x00, 0x00, 0x00, 0x00, 0x00, 0x00, 0x00, 0x00, 0x00,
    0x00, 0x00, 0x00, 0x00, 0x00, 0x00, 0x00, 0x00, 0x00, 0x00, 0x00, 0x00,
    0x00, 0x00, 0x00, 0x08, 0x85, 0x50, 0x00, 0x87, 0xff, 0x00, 0x87, 0xff,
    0x00, 0x86, 0xff, 0x00, 0x87, 0xff, 0x00, 0x87, 0xff, 0x00, 0x87, 0xff,
    0x00, 0x87, 0xff, 0x00, 0x87, 0xff, 0x00, 0x87, 0xff, 0x00, 0x87, 0xff,
    0x00, 0x87, 0xff, 0x00, 0x87, 0xff, 0x00, 0x87, 0xff, 0x00, 0x87, 0xff,
    0x00, 0xa7, 0xff, 0x00, 0xa7, 0xff, 0x00, 0xa7, 0xff, 0x00, 0xa7, 0xff,
    0x00, 0xa7, 0xff, 0x00, 0xa8, 0xff, 0x00, 0xa8, 0xff, 0x00, 0xe9, 0xff,
    0x01, 0x0a, 0xff, 0x01, 0x2b, 0xff, 0x02, 0xf3, 0xff, 0x04, 0x99, 0xff,
    0x04, 0x79, 0xff, 0x02, 0xb3, 0xff, 0x01, 0x0b, 0xff, 0x01, 0x0a, 0xff,
    0x00, 0xe9, 0xff, 0x00, 0xa8, 0xff, 0x00, 0xa8, 0xff, 0x00, 0xa7, 0xff,
    0x00, 0xa7, 0xff, 0x00, 0x87, 0xff, 0x00, 0xa7, 0xff, 0x00, 0xa7, 0xff,
    0x00, 0xa7, 0xff, 0x00, 0x87, 0xff, 0x00, 0x87, 0xff, 0x00, 0x87, 0xff,
    0x00, 0x87, 0xff, 0x00, 0x87, 0xff, 0x00, 0x87, 0xff, 0x00, 0x87, 0xff,
    0x00, 0x87, 0xff, 0x00, 0x87, 0xff, 0x00, 0x87, 0xff, 0x00, 0x87, 0xff,
    0x00, 0x87, 0xff, 0x00, 0x87, 0xff, 0x08, 0xa6, 0x57, 0x00, 0x00, 0x00,
    0x00, 0x00, 0x00, 0x00, 0x00, 0x00, 0x00, 0x00, 0x00, 0x00, 0x00, 0x00,
    0x00, 0x00, 0x00, 0x00, 0x00, 0x00, 0x00, 0x00, 0x00, 0x00, 0x00, 0x00,
    0x00, 0x00, 0x00, 0x00, 0x00, 0x00, 0x08, 0x86, 0x54, 0x00, 0x86, 0xf6,
    0x00, 0x87, 0xff, 0x00, 0x86, 0xff, 0x00, 0x87, 0xff, 0x00, 0x87, 0xff,
    0x00, 0x87, 0xff, 0x00, 0x87, 0xff, 0x00, 0x87, 0xff, 0x00, 0x87, 0xff,
    0x00, 0x87, 0xff, 0x00, 0x87, 0xff, 0x00, 0x87, 0xff, 0x00, 0x87, 0xff,
    0x00, 0x87, 0xff, 0x00, 0x87, 0xff, 0x00, 0x87, 0xff, 0x00, 0x87, 0xff,
    0x00, 0xa7, 0xff, 0x00, 0xa7, 0xff, 0x00, 0xa8, 0xff, 0x00, 0xa8, 0xff,
    0x00, 0xe9, 0xff, 0x01, 0x2b, 0xff, 0x01, 0x4c, 0xff, 0x01, 0x4d, 0xff,
    0x01, 0x4d, 0xff, 0x01, 0x2b, 0xff, 0x01, 0x0a, 0xff, 0x00, 0xe9, 0xff,
    0x00, 0xa8, 0xff, 0x00, 0xa8, 0xff, 0x00, 0xa7, 0xff, 0x00, 0xa7, 0xff,
    0x00, 0xa7, 0xff, 0x00, 0xa7, 0xff, 0x00, 0xa7, 0xff, 0x00, 0x87, 0xff,
    0x00, 0x87, 0xff, 0x00, 0x87, 0xff, 0x00, 0x87, 0xff, 0x00, 0x87, 0xff,
    0x00, 0x87, 0xff, 0x00, 0x87, 0xff, 0x00, 0x87, 0xff, 0x00, 0x87, 0xff,
    0x00, 0x87, 0xff, 0x00, 0x87, 0xff, 0x00, 0x87, 0xff, 0x00, 0x87, 0xff,
    0x00, 0x86, 0xf9, 0x08, 0x86, 0x5b, 0x00, 0x00, 0x00, 0x00, 0x00, 0x00,
    0x00, 0x00, 0x00, 0x00, 0x00, 0x00, 0x00, 0x00, 0x00, 0x00, 0x00, 0x00,
    0x00, 0x00, 0x00, 0x00, 0x00, 0x00, 0x00, 0x00, 0x00, 0x00, 0x00, 0x00,
    0x00, 0x00, 0x00, 0x00, 0x00, 0x00, 0x00, 0x00, 0x00, 0x08, 0xa6, 0x31,
    0x00, 0x86, 0xc6, 0x00, 0x87, 0xff, 0x00, 0x87, 0xff, 0x00, 0x87, 0xff,
    0x00, 0x87, 0xff, 0x00, 0x87, 0xff, 0x00, 0x87, 0xff, 0x00, 0x87, 0xff,
    0x00, 0x87, 0xff, 0x00, 0x87, 0xff, 0x00, 0x87, 0xff, 0x00, 0x87, 0xff,
    0x00, 0x87, 0xff, 0x00, 0x87, 0xff, 0x00, 0x87, 0xff, 0x00, 0x87, 0xff,
    0x00, 0x87, 0xff, 0x00, 0x87, 0xff, 0x00, 0xa7, 0xff, 0x00, 0xa8, 0xff,
    0x00, 0xa8, 0xff, 0x00, 0xc9, 0xff, 0x00, 0xe9, 0xff, 0x00, 0xea, 0xff,
    0x01, 0x0a, 0xff, 0x00, 0xe9, 0xff, 0x00, 0xc8, 0xff, 0x00, 0xa8, 0xff,
    0x00, 0xa8, 0xff, 0x00, 0xa8, 0xff, 0x00, 0xa7, 0xff, 0x00, 0x87, 0xff,
    0x00, 0x87, 0xff, 0x00, 0xa7, 0xff, 0x00, 0x87, 0xff, 0x00, 0x87, 0xff,
    0x00, 0x87, 0xff, 0x00, 0x87, 0xff, 0x00, 0x87, 0xff, 0x00, 0x87, 0xff,
    0x00, 0x87, 0xff, 0x00, 0x87, 0xff, 0x00, 0x87, 0xff, 0x00, 0x87, 0xff,
    0x00, 0x87, 0xff, 0x00, 0x87, 0xff, 0x00, 0x87, 0xff, 0x00, 0x86, 0xca,
    0x08, 0x85, 0x36, 0x00, 0x00, 0x00, 0x00, 0x00, 0x00, 0x00, 0x00, 0x00,
    0x00, 0x00, 0x00, 0x00, 0x00, 0x00, 0x00, 0x00, 0x00, 0x00, 0x00, 0x00,
    0x00, 0x00, 0x00, 0x00, 0x00, 0x00, 0x00, 0x00, 0x00, 0x00, 0x00, 0x00,
    0x00, 0x00, 0x00, 0x00, 0x00, 0x00, 0x00, 0x00, 0x00, 0x00, 0x00, 0x00,
    0x00, 0x00, 0x00, 0x00, 0xa6, 0x60, 0x00, 0x87, 0xc8, 0x00, 0x87, 0xff,
    0x00, 0x87, 0xff, 0x00, 0x87, 0xff, 0x00, 0x87, 0xff, 0x00, 0x87, 0xff,
    0x00, 0x87, 0xff, 0x00, 0x87, 0xff, 0x00, 0x87, 0xff, 0x00, 0x87, 0xff,
    0x00, 0x88, 0xff, 0x00, 0x87, 0xff, 0x00, 0x87, 0xff, 0x00, 0xa8, 0xff,
    0x00, 0xa8, 0xff, 0x00, 0xa8, 0xff, 0x00, 0xa8, 0xff, 0x00, 0xa8, 0xff,
    0x00, 0xa8, 0xff, 0x00, 0xc9, 0xff, 0x00, 0xc9, 0xff, 0x00, 0xc9, 0xff,
    0x00, 0xc9, 0xff, 0x00, 0xc8, 0xff, 0x00, 0xc8, 0xff, 0x00, 0xa8, 0xff,
    0x00, 0xa8, 0xff, 0x00, 0xa8, 0xff, 0x00, 0xa8, 0xff, 0x00, 0xa8, 0xff,
    0x00, 0xa8, 0xff, 0x00, 0xa8, 0xff, 0x00, 0xa8, 0xff, 0x00, 0xa8, 0xff,
    0x00, 0x87, 0xff, 0x00, 0xa8, 0xff, 0x00, 0x87, 0xff, 0x00, 0x87, 0xff,
    0x00, 0x87, 0xff, 0x00, 0x87, 0xff, 0x00, 0x87, 0xff, 0x00, 0x87, 0xff,
    0x00, 0x87, 0xff, 0x00, 0x86, 0xca, 0x00, 0xa6, 0x63, 0x7b, 0xe0, 0x02,
    0x00, 0x00, 0x00, 0x00, 0x00, 0x00, 0x00, 0x00, 0x00, 0x00, 0x00, 0x00,
    0x00, 0x00, 0x00, 0x00, 0x00, 0x00, 0x00, 0x00, 0x00, 0x00, 0x00, 0x00,
    0x00, 0x00, 0x00, 0x00, 0x00, 0x00, 0x00, 0x00, 0x00, 0x00, 0x00, 0x00,
    0x00, 0x00, 0x00, 0x00, 0x00, 0x00, 0x00, 0x00, 0x00, 0x00, 0x00, 0x00,
    0x00, 0x00, 0x00, 0x00, 0x00, 0x00, 0x00, 0x00, 0x00, 0x08, 0xa6, 0x2e,
    0x00, 0xa6, 0x66, 0x00, 0x86, 0x8e, 0x00, 0xa6, 0xa2, 0x00, 0x86, 0xa6,
    0x00, 0x86, 0xa6, 0x00, 0x86, 0xa6, 0x00, 0x86, 0xa6, 0x00, 0x86, 0xa6,
    0x00, 0x86, 0xa6, 0x00, 0x86, 0xa6, 0x00, 0x86, 0xa6, 0x00, 0x86, 0xa6,
    0x00, 0x86, 0xa6, 0x00, 0xa6, 0xa6, 0x00, 0xa7, 0xa6, 0x00, 0xa7, 0xa6,
    0x00, 0xa7, 0xa6, 0x00, 0xa7, 0xa6, 0x00, 0xa7, 0xa6, 0x00, 0xa7, 0xa6,
    0x00, 0xa7, 0xa6, 0x00, 0xa7, 0xa6, 0x00, 0xa7, 0xa6, 0x00, 0xa7, 0xa6,
    0x00, 0xa7, 0xa6, 0x00, 0xa7, 0xa6, 0x00, 0xa6, 0xa6, 0x00, 0x86, 0xa6,
    0x00, 0x86, 0xa6, 0x00, 0x86, 0xa6, 0x00, 0x86, 0xa6, 0x00, 0x86, 0xa6,
    0x00, 0x86, 0xa6, 0x00, 0x86, 0xa6, 0x00, 0x86, 0xa6, 0x00, 0x86, 0xa6,
    0x00, 0x86, 0xa6, 0x00, 0xa6, 0xa3, 0x00, 0x86, 0x8f, 0x00, 0x86, 0x68,
    0x08, 0xa6, 0x30, 0x00, 0x00, 0x00, 0x00, 0x00, 0x00, 0x00, 0x00, 0x00,
    0x00, 0x00, 0x00, 0x00, 0x00, 0x00, 0x00, 0x00, 0x00, 0x00, 0x00, 0x00,
    0x00, 0x00, 0x00, 0x00, 0x00, 0x00, 0x00, 0x00, 0x00, 0x00, 0x00, 0x00,
    0x00, 0x00, 0x00, 0x00, 0x00, 0x00, 0x00, 0x00, 0x00, 0x00, 0x00, 0x00,
    0x00, 0x00, 0x00, 0x00, 0x00, 0x00, 0x00, 0x00, 0x00, 0x00, 0x00, 0x00,
    0x00, 0x00, 0x00, 0x00, 0x00, 0x00, 0x00, 0x00, 0x00, 0x00, 0x00, 0x00,
    0x00, 0x00, 0x00, 0x00, 0x00, 0x00, 0x00, 0x00, 0x00, 0x00, 0x00, 0x00,
    0x00, 0x00, 0x00, 0x00, 0x00, 0x00, 0x00, 0x00, 0x00, 0x00, 0x00, 0x00,
    0x00, 0x00, 0x00, 0x00, 0x00, 0x00, 0x00, 0x00, 0x00, 0x00, 0x00, 0x00,
    0x00, 0x00, 0x00, 0x00, 0x00, 0x00, 0x00, 0x00, 0x00, 0x00, 0x00, 0x00,
    0x00, 0x00, 0x00, 0x00, 0x00, 0x00, 0x00, 0x00, 0x00, 0x00, 0x00, 0x00,
    0x00, 0x00, 0x00, 0x00, 0x00, 0x00, 0x00, 0x00, 0x00, 0x00, 0x00, 0x00,
    0x00, 0x00, 0x00, 0x00, 0x00, 0x00, 0x00, 0x00, 0x00, 0x00, 0x00, 0x00,
    0x00, 0x00, 0x00, 0x00, 0x00, 0x00, 0x00, 0x00, 0x00, 0x00, 0x00, 0x00,
    0x00, 0x00, 0x00, 0x00, 0x00, 0x00, 0x00, 0x00, 0x00, 0x00, 0x00, 0x00,
    0x00, 0x00, 0x00, 0x00, 0x00, 0x00, 0x00, 0x00, 0x00, 0x00, 0x00, 0x00,
    0x00, 0x00, 0x00, 0x00, 0x00, 0x00, 0x00, 0x00, 0x00, 0x00, 0x00, 0x00,
    0x00, 0x00, 0x00, 0x00, 0x00, 0x00, 0x00, 0x00, 0x00, 0x00, 0x00, 0x00,
    0x00, 0x00, 0x00, 0x00, 0x00, 0x00, 0x00, 0x00, 0x00, 0x00, 0x00, 0x00,
    0x00, 0x00, 0x00, 0x00, 0x00, 0x00, 0x00, 0x00, 0x00, 0x00, 0x00, 0x00,
    0x00, 0x00, 0x00, 0x00, 0x00, 0x00, 0x00, 0x00, 0x00, 0x00, 0x00, 0x00,
    0x00, 0x00, 0x00, 0x00, 0x00, 0x00, 0x00, 0x00, 0x00, 0x00, 0x00, 0x00,
    0x00, 0x00, 0x00, 0x00, 0x00, 0x00, 0x00, 0x00, 0x00, 0x00, 0x00, 0x00,
    0x00, 0x00, 0x00, 0x00, 0x00, 0x00, 0x00, 0x00, 0x00, 0x00, 0x00, 0x00,
    0x00, 0x00, 0x00, 0x00, 0x00, 0x00, 0x00, 0x00, 0x00, 0x00, 0x00, 0x00,
    0x00, 0x00, 0x00, 0x00, 0x00, 0x00, 0x00, 0x00, 0x00, 0x00, 0x00, 0x00,
    0x00, 0x00, 0x00, 0x00, 0x00, 0x00, 0x00, 0x00, 0x00, 0x00, 0x00, 0x00,
    0x00, 0x00, 0x00, 0x00, 0x00, 0x00, 0x00, 0x00, 0x00, 0x00, 0x00, 0x00,
    0x00, 0x00, 0x00, 0x00, 0x00, 0x00, 0x00, 0x00, 0x00, 0x00, 0x00, 0x00,
    0x00, 0x00, 0x00, 0x00, 0x00, 0x00, 0x00, 0x00, 0x00, 0x00, 0x00, 0x00,
    0x00, 0x00, 0x00, 0x00, 0x00, 0x00, 0x00, 0x00, 0x00, 0x00, 0x00, 0x00,
    0x00, 0x00, 0x00, 0x00, 0x00, 0x00, 0x00, 0x00, 0x00, 0x00, 0x00, 0x00,
    0x00, 0x00, 0x00, 0x00, 0x00, 0x00, 0x00, 0x00, 0x00, 0x00, 0x00, 0x00,
    0x00, 0x00, 0x00, 0x00, 0x00, 0x00, 0x00, 0x00, 0x00, 0x00, 0x00, 0x00,
    0x00, 0x00, 0x00, 0x00, 0x00, 0x00, 0x00, 0x00, 0x00, 0x00, 0x00, 0x00,
#else
  /* Pixel format: BGRA8888 */
    0x00, 0x00, 0x00, 0x00, 0x00, 0x00, 0x00, 0x00, 0x00, 0x00, 0x00, 0x00,
    0x00, 0x00, 0x00, 0x00, 0x00, 0x00, 0x00, 0x00, 0x00, 0x00, 0x00, 0x00,
    0x00, 0x00, 0x00, 0x00, 0x00, 0x00, 0x00, 0x00, 0x00, 0x00, 0x00, 0x00,
    0x00, 0x00, 0x00, 0x00, 0x00, 0x00, 0x00, 0x00, 0x00, 0x00, 0x00, 0x00,
    0x00, 0x00, 0x00, 0x00, 0x00, 0x00, 0x00, 0x00, 0x00, 0x00, 0x00, 0x00,
    0x00, 0x00, 0x00, 0x00, 0x00, 0x00, 0x00, 0x00, 0x00, 0x00, 0x00, 0x00,
    0x00, 0x00, 0x00, 0x00, 0x00, 0x00, 0x00, 0x00, 0x00, 0x00, 0x00, 0x00,
    0x00, 0x00, 0x00, 0x00, 0x00, 0x00, 0x00, 0x00, 0x00, 0x00, 0x00, 0x00,
    0x00, 0x00, 0x00, 0x00, 0x00, 0x00, 0x00, 0x00, 0x00, 0x00, 0x00, 0x00,
    0x00, 0x00, 0x00, 0x00, 0x00, 0x00, 0x00, 0x00, 0x00, 0x00, 0x00, 0x00,
    0x00, 0x00, 0x00, 0x00, 0x00, 0x00, 0x00, 0x00, 0x00, 0x00, 0x00, 0x00,
    0x00, 0x00, 0x00, 0x00, 0x00, 0x00, 0x00, 0x00, 0x00, 0x00, 0x00, 0x00,
    0x00, 0x00, 0x00, 0x00, 0x00, 0x00, 0x00, 0x00, 0x00, 0x00, 0x00, 0x00,
    0x00, 0x00, 0x00, 0x00, 0x00, 0x00, 0x00, 0x00, 0x00, 0x00, 0x00, 0x00,
    0x00, 0x00, 0x00, 0x00, 0x00, 0x00, 0x00, 0x00, 0x00, 0x00, 0x00, 0x00,
    0x00, 0x00, 0x00, 0x00, 0x00, 0x00, 0x00, 0x00, 0x00, 0x00, 0x00, 0x00,
    0x00, 0x00, 0x00, 0x00, 0x00, 0x00, 0x00, 0x00, 0x00, 0x00, 0x00, 0x00,
    0x00, 0x00, 0x00, 0x00, 0x00, 0x00, 0x00, 0x00, 0x00, 0x00, 0x00, 0x00,
    0x00, 0x00, 0x00, 0x00, 0x00, 0x00, 0x00, 0x00, 0x00, 0x00, 0x00, 0x00,
    0x00, 0x00, 0x00, 0x00, 0x00, 0x00, 0x00, 0x00, 0x00, 0x00, 0x00, 0x00,
    0x00, 0x00, 0x00, 0x00, 0x00, 0x00, 0x00, 0x00, 0x00, 0x00, 0x00, 0x00,
    0x00, 0x00, 0x00, 0x00, 0x00, 0x00, 0x00, 0x00, 0x00, 0x00, 0x00, 0x00,
    0x00, 0x00, 0x00, 0x00, 0x00, 0x00, 0x00, 0x00, 0x00, 0x00, 0x00, 0x00,
    0x00, 0x00, 0x00, 0x00, 0x00, 0x00, 0x00, 0x00, 0x00, 0x00, 0x00, 0x00,
    0x00, 0x00, 0x00, 0x00, 0x00, 0x00, 0x00, 0x00, 0x00, 0x00, 0x00, 0x00,
    0x00, 0x00, 0x00, 0x00, 0x00, 0x00, 0x00, 0x00, 0x00, 0x00, 0x00, 0x00,
    0x00, 0x00, 0x00, 0x00, 0x00, 0x00, 0x00, 0x00, 0x00, 0x00, 0x00, 0x00,
    0x00, 0x00, 0x00, 0x00, 0x00, 0x00, 0x00, 0x00, 0x00, 0x00, 0x00, 0x00,
    0x00, 0x00, 0x00, 0x00, 0x00, 0x00, 0x00, 0x00, 0x00, 0x00, 0x00, 0x00,
    0x00, 0x00, 0x00, 0x00, 0x00, 0x00, 0x00, 0x00, 0x00, 0x00, 0x00, 0x00,
    0x00, 0x00, 0x00, 0x00, 0x00, 0x00, 0x00, 0x00, 0x00, 0x00, 0x00, 0x00,
    0x00, 0x00, 0x00, 0x00, 0x00, 0x00, 0x00, 0x00, 0x00, 0x00, 0x00, 0x00,
    0x00, 0x00, 0x00, 0x00, 0x00, 0x00, 0x00, 0x00, 0x00, 0x00, 0x00, 0x00,
    0x00, 0x00, 0x00, 0x00, 0x00, 0x00, 0x00, 0x00, 0x00, 0x00, 0x00, 0x00,
    0x00, 0x00, 0x00, 0x00, 0x00, 0x00, 0x00, 0x00, 0x00, 0x00, 0x00, 0x00,
    0x00, 0x00, 0x00, 0x00, 0x00, 0x00, 0x00, 0x00, 0x00, 0x00, 0x00, 0x00,
    0x00, 0x00, 0x00, 0x00, 0x00, 0x00, 0x00, 0x00, 0x00, 0x00, 0x00, 0x00,
    0x00, 0x00, 0x00, 0x00, 0x00, 0x00, 0x00, 0x00, 0x00, 0x00, 0x00, 0x00,
    0x00, 0x00, 0x00, 0x00, 0x00, 0x00, 0x00, 0x00, 0x00, 0x00, 0x00, 0x00,
    0x00, 0x00, 0x00, 0x00, 0x00, 0x00, 0x00, 0x00, 0x00, 0x00, 0x00, 0x00,
    0x00, 0x00, 0x00, 0x00, 0x00, 0x00, 0x00, 0x00, 0x00, 0x00, 0x00, 0x00,
    0x00, 0x00, 0x00, 0x00, 0x00, 0x00, 0x00, 0x00, 0x00, 0x00, 0x00, 0x00,
    0x00, 0x00, 0x00, 0x00, 0x00, 0x00, 0x00, 0x00, 0x00, 0x00, 0x00, 0x00,
    0x00, 0x00, 0x00, 0x00, 0x00, 0x00, 0x00, 0x00, 0x00, 0x00, 0x00, 0x00,
    0x00, 0x00, 0x00, 0x00, 0x00, 0x00, 0x00, 0x00, 0x00, 0x00, 0x00, 0x00,
    0x00, 0x00, 0x00, 0x00, 0x00, 0x00, 0x00, 0x00, 0x00, 0x00, 0x00, 0x00,
    0x00, 0x00, 0x00, 0x00, 0x4c, 0x1f, 0x0c, 0x28, 0x4f, 0x1d, 0x07, 0x60,
    0x50, 0x1d, 0x05, 0x89, 0x51, 0x1c, 0x04, 0x9f, 0x50, 0x1b, 0x04, 0xa5,
    0x52, 0x1d, 0x04, 0xa4, 0x52, 0x1d, 0x04, 0xa4, 0x50, 0x1b, 0x04, 0xa4,
    0x50, 0x1b, 0x04, 0xa4, 0x52, 0x1d, 0x04, 0xa4, 0x52, 0x1d, 0x04, 0xa4,
    0x53, 0x1d, 0x04, 0xa4, 0x53, 0x1d, 0x04, 0xa4, 0x53, 0x1d, 0x04, 0xa4,
    0x53, 0x1d, 0x04, 0xa4, 0x55, 0x1d, 0x04, 0xa4, 0x55, 0x1d, 0x04, 0xa4,
    0x55, 0x1d, 0x04, 0xa4, 0x55, 0x1d, 0x04, 0xa4, 0x54, 0x1e, 0x04, 0xa5,
    0x56, 0x1e, 0x04, 0xa5, 0x57, 0x1f, 0x04, 0xa4, 0x57, 0x1f, 0x04, 0xa4,
    0x57, 0x1f, 0x04, 0xa4, 0x57, 0x1f, 0x04, 0xa4, 0x57, 0x1f, 0x04, 0xa4,
    0x57, 0x1f, 0x04, 0xa4, 0x55, 0x1d, 0x04, 0xa4, 0x55, 0x1d, 0x04, 0xa4,
    0x57, 0x1f, 0x04, 0xa4, 0x57, 0x1f, 0x04, 0xa4, 0x55, 0x1d, 0x04, 0xa4,
    0x55, 0x1d, 0x04, 0xa4, 0x53, 0x1d, 0x04, 0xa4, 0x52, 0x1d, 0x04, 0xa4,
    0x52, 0x1d, 0x04, 0xa4, 0x52, 0x1d, 0x04, 0xa4, 0x51, 0x1d, 0x04, 0xa5,
    0x53, 0x1e, 0x04, 0x9f, 0x50, 0x1f, 0x05, 0x8b, 0x4f, 0x1e, 0x07, 0x63,
    0x4d, 0x1d, 0x0b, 0x2b, 0x00, 0x00, 0x00, 0x00, 0x00, 0x00, 0x00, 0x00,
    0x00, 0x00, 0x00, 0x00, 0x00, 0x00, 0x00, 0x00, 0x00, 0x00, 0x00, 0x00,
    0x00, 0x00, 0x00, 0x00, 0x00, 0x00, 0x00, 0x00, 0x00, 0x00, 0x00, 0x00,
    0x00, 0x00, 0x00, 0x00, 0x00, 0x00, 0x00, 0x00, 0x00, 0x00, 0x00, 0x00,
    0x00, 0x00, 0x00, 0x00, 0x00, 0x00, 0x00, 0x00, 0x00, 0x00, 0x00, 0x00,
    0x00, 0x00, 0x00, 0x00, 0x00, 0x00, 0x00, 0x00, 0x00, 0x00, 0x00, 0x00,
    0x00, 0x00, 0x00, 0x00, 0x00, 0x00, 0x00, 0x00, 0x00, 0x00, 0x00, 0x00,
    0x4c, 0x1f, 0x08, 0x5a, 0x4e, 0x1c, 0x03, 0xc2, 0x4f, 0x1d, 0x02, 0xfd,
    0x56, 0x1e, 0x01, 0xff, 0x56, 0x1e, 0x01, 0xff, 0x56, 0x1e, 0x01, 0xff,
    0x56, 0x1e, 0x00, 0xff, 0x57, 0x1e, 0x01, 0xff, 0x57, 0x1e, 0x01, 0xff,
    0x56, 0x1e, 0x01, 0xff, 0x57, 0x1e, 0x01, 0xff, 0x58, 0x1f, 0x01, 0xff,
    0x58, 0x1f, 0x01, 0xff, 0x59, 0x1f, 0x01, 0xff, 0x59, 0x1f, 0x01, 0xff,
    0x59, 0x1f, 0x01, 0xff, 0x5a, 0x1f, 0x01, 0xff, 0x5a, 0x20, 0x01, 0xff,
    0x5b, 0x20, 0x01, 0xff, 0x5c, 0x20, 0x01, 0xff, 0x5c, 0x21, 0x01, 0xff,
    0x5d, 0x21, 0x01, 0xff, 0x5e, 0x22, 0x01, 0xff, 0x5e, 0x22, 0x01, 0xff,
    0x5e, 0x22, 0x01, 0xff, 0x5e, 0x22, 0x01, 0xff, 0x5d, 0x21, 0x01, 0xff,
    0x5d, 0x21, 0x01, 0xff, 0x5d, 0x20, 0x01, 0xff, 0x5d, 0x20, 0x01, 0xff,
    0x5c, 0x20, 0x01, 0xff, 0x5c, 0x21, 0x01, 0xff, 0x5c, 0x21, 0x02, 0xff,
    0x5b, 0x21, 0x01, 0xff, 0x5b, 0x20, 0x01, 0xff, 0x5b, 0x20, 0x01, 0xff,
    0x5a, 0x1f, 0x01, 0xff, 0x59, 0x1f, 0x01, 0xff, 0x59, 0x1f, 0x01, 0xff,
    0x59, 0x1f, 0x01, 0xff, 0x59, 0x1f, 0x01, 0xff, 0x5a, 0x1f, 0x01, 0xff,
    0x58, 0x1f, 0x01, 0xff, 0x52, 0x1d, 0x02, 0xff, 0x51, 0x1d, 0x03, 0xc6,
    0x4d, 0x1d, 0x08, 0x5f, 0x00, 0x00, 0x00, 0x00, 0x00, 0x00, 0x00, 0x00,
    0x00, 0x00, 0x00, 0x00, 0x00, 0x00, 0x00, 0x00, 0x00, 0x00, 0x00, 0x00,
    0x00, 0x00, 0x00, 0x00, 0x00, 0x00, 0x00, 0x00, 0x00, 0x00, 0x00, 0x00,
    0x00, 0x00, 0x00, 0x00, 0x00, 0x00, 0x00, 0x00, 0x00, 0x00, 0x00, 0x00,
    0x00, 0x00, 0x00, 0x00, 0x00, 0x00, 0x00, 0x00, 0x00, 0x00, 0x00, 0x00,
    0x00, 0x00, 0x00, 0x00, 0x00, 0x00, 0x00, 0x00, 0x3f, 0x1c, 0x0b, 0x2c,
    0x4c, 0x1b, 0x03, 0xc1, 0x53, 0x1d, 0x01, 0xff, 0x53, 0x1d, 0x00, 0xff,
    0x50, 0x1c, 0x01, 0xff, 0x50, 0x1c, 0x01, 0xff, 0x50, 0x1d, 0x01, 0xff,
    0x50, 0x1d, 0x01, 0xff, 0x50, 0x1c, 0x01, 0xff, 0x51, 0x1d, 0x01, 0xff,
    0x51, 0x1c, 0x01, 0xff, 0x51, 0x1c, 0x01, 0xff, 0x52, 0x1d, 0x01, 0xff,
    0x51, 0x1c, 0x01, 0xff, 0x52, 0x1d, 0x01, 0xff, 0x52, 0x1d, 0x01, 0xff,
    0x52, 0x1d, 0x01, 0xff, 0x53, 0x1d, 0x01, 0xff, 0x54, 0x1d, 0x01, 0xff,
    0x54, 0x1d, 0x01, 0xff, 0x54, 0x1d, 0x01, 0xff, 0x56, 0x1f, 0x01, 0xff,
    0x58, 0x20, 0x01, 0xff, 0x5a, 0x21, 0x00, 0xff, 0x5d, 0x1f, 0x00, 0xff,
    0x5d, 0x1e, 0x00, 0xff, 0x5c, 0x22, 0x00, 0xff, 0x5a, 0x21, 0x01, 0xff,
    0x58, 0x20, 0x01, 0xff, 0x57, 0x1e, 0x01, 0xff, 0x56, 0x1e, 0x01, 0xff,
    0x55, 0x1e, 0x02, 0xff, 0x56, 0x1e, 0x01, 0xff, 0x57, 0x1f, 0x01, 0xff,
    0x56, 0x1f, 0x02, 0xff, 0x55, 0x1e, 0x02, 0xff, 0x55, 0x1e, 0x02, 0xff,
    0x54, 0x1e, 0x01, 0xff, 0x54, 0x1d, 0x01, 0xff, 0x54, 0x1d, 0x01, 0xff,
    0x54, 0x1d, 0x01, 0xff, 0x54, 0x1d, 0x01, 0xff, 0x54, 0x1d, 0x01, 0xff,
    0x53, 0x1d, 0x01, 0xff, 0x52, 0x1d, 0x01, 0xff, 0x52, 0x1c, 0x01, 0xff,
    0x56, 0x1e, 0x00, 0xff, 0x57, 0x1e, 0x01, 0xff, 0x4f, 0x1c, 0x03, 0xc6,
    0x47, 0x1e, 0x0a, 0x32, 0x00, 0x00, 0x00, 0x00, 0x00, 0x00, 0x00, 0x00,
    0x00, 0x00, 0x00, 0x00, 0x00, 0x00, 0x00, 0x00, 0x00, 0x00, 0x00, 0x00,
    0x00, 0x00, 0x00, 0x00, 0x00, 0x00, 0x00, 0x00, 0x00, 0x00, 0x00, 0x00,
    0x00, 0x00, 0x00, 0x00, 0x00, 0x00, 0x00, 0x00, 0x00, 0x00, 0x00, 0x00,
    0x00, 0x00, 0x00, 0x00, 0x00, 0x00, 0x00, 0x00, 0x43, 0x1d, 0x09, 0x4f,
    0x4d, 0x1b, 0x03, 0xf3, 0x52, 0x1c, 0x01, 0xff, 0x4d, 0x1a, 0x01, 0xff,
    0x4d, 0x1a, 0x01, 0xff, 0x4f, 0x1b, 0x01, 0xff, 0x4f, 0x1b, 0x01, 0xff,
    0x50, 0x1c, 0x01, 0xff, 0x50, 0x1c, 0x01, 0xff, 0x4f, 0x1b, 0x01, 0xff,
    0x51, 0x1d, 0x01, 0xff, 0x51, 0x1d, 0x01, 0xff, 0x51, 0x1c, 0x01, 0xff,
    0x51, 0x1c, 0x01, 0xff, 0x51, 0x1d, 0x01, 0xff, 0x52, 0x1d, 0x01, 0xff,
    0x52, 0x1d, 0x01, 0xff, 0x51, 0x1d, 0x01, 0xff, 0x52, 0x1c, 0x01, 0xff,
    0x52, 0x1c, 0x01, 0xff, 0x53, 0x1c, 0x01, 0xff, 0x53, 0x1d, 0x01, 0xff,
    0x57, 0x20, 0x01, 0xff, 0x5f, 0x23, 0x00, 0xff, 0x7d, 0x36, 0x02, 0xff,
    0xa1, 0x62, 0x16, 0xff, 0xa3, 0x62, 0x15, 0xff, 0x7f, 0x34, 0x02, 0xff,
    0x60, 0x23, 0x00, 0xff, 0x59, 0x21, 0x01, 0xff, 0x56, 0x1f, 0x01, 0xff,
    0x55, 0x1e, 0x01, 0xff, 0x54, 0x1d, 0x01, 0xff, 0x54, 0x1d, 0x01, 0xff,
    0x55, 0x1e, 0x01, 0xff, 0x55, 0x1e, 0x01, 0xff, 0x54, 0x1d, 0x01, 0xff,
    0x54, 0x1d, 0x01, 0xff, 0x54, 0x1d, 0x01, 0xff, 0x54, 0x1d, 0x01, 0xff,
    0x55, 0x1d, 0x01, 0xff, 0x54, 0x1d, 0x01, 0xff, 0x54, 0x1d, 0x01, 0xff,
    0x53, 0x1d, 0x01, 0xff, 0x52, 0x1d, 0x01, 0xff, 0x52, 0x1d, 0x01, 0xff,
    0x52, 0x1c, 0x01, 0xff, 0x51, 0x1c, 0x01, 0xff, 0x51, 0x1c, 0x01, 0xff,
    0x55, 0x1d, 0x00, 0xff, 0x51, 0x1c, 0x02, 0xf7, 0x4b, 0x1a, 0x08, 0x58,
    0x00, 0x00, 0x00, 0x00, 0x00, 0x00, 0x00, 0x00, 0x00, 0x00, 0x00, 0x00,
    0x00, 0x00, 0x00, 0x00, 0x00, 0x00, 0x00, 0x00, 0x00, 0x00, 0x00, 0x00,
    0x00, 0x00, 0x00, 0x00, 0x00, 0x00, 0x00, 0x00, 0x00, 0x00, 0x00, 0x00,
    0x00, 0x00, 0x00, 0x00, 0x00, 0x00, 0x00, 0x00, 0x46, 0x1a, 0x0a, 0x4c,
    0x4f, 0x1c, 0x03, 0xff, 0x51, 0x1c, 0x01, 0xff, 0x4d, 0x1b, 0x01, 0xff,
    0x4d, 0x1b, 0x01, 0xff, 0x4e, 0x1b, 0x01, 0xff, 0x4f, 0x1b, 0x01, 0xff,
    0x4f, 0x1b, 0x01, 0xff, 0x4f, 0x1c, 0x01, 0xff, 0x50, 0x1c, 0x01, 0xff,
    0x4f, 0x1c, 0x01, 0xff, 0x51, 0x1d, 0x01, 0xff, 0x51, 0x1d, 0x01, 0xff,
    0x51, 0x1c, 0x01, 0xff, 0x51, 0x1c, 0x01, 0xff, 0x51, 0x1d, 0x01, 0xff,
    0x51, 0x1d, 0x01, 0xff, 0x52, 0x1d, 0x01, 0xff, 0x51, 0x1c, 0x01, 0xff,
    0x52, 0x1d, 0x01, 0xff, 0x52, 0x1c, 0x01, 0xff, 0x52, 0x1c, 0x01, 0xff,
    0x54, 0x1e, 0x01, 0xff, 0x5c, 0x21, 0x00, 0xff, 0x89, 0x44, 0x06, 0xff,
    0xe2, 0xc5, 0x2b, 0xff, 0xff, 0xff, 0x30, 0xff, 0xff, 0xff, 0x2f, 0xff,
    0xe5, 0xc5, 0x23, 0xff, 0x8b, 0x41, 0x04, 0xff, 0x5c, 0x21, 0x00, 0xff,
    0x57, 0x1f, 0x01, 0xff, 0x55, 0x1e, 0x01, 0xff, 0x54, 0x1d, 0x01, 0xff,
    0x54, 0x1d, 0x01, 0xff, 0x55, 0x1e, 0x01, 0xff, 0x54, 0x1d, 0x01, 0xff,
    0x55, 0x1d, 0x01, 0xff, 0x55, 0x1d, 0x01, 0xff, 0x54, 0x1d, 0x01, 0xff,
    0x54, 0x1d, 0x01, 0xff, 0x54, 0x1d, 0x01, 0xff, 0x54, 0x1d, 0x01, 0xff,
    0x54, 0x1d, 0x01, 0xff, 0x53, 0x1d, 0x01, 0xff, 0x53, 0x1d, 0x01, 0xff,
    0x53, 0x1c, 0x01, 0xff, 0x52, 0x1c, 0x01, 0xff, 0x50, 0x1c, 0x01, 0xff,
    0x50, 0x1b, 0x01, 0xff, 0x50, 0x1b, 0x01, 0xff, 0x53, 0x1c, 0x00, 0xff,
    0x53, 0x1d, 0x02, 0xff, 0x48, 0x1c, 0x08, 0x58, 0x00, 0x00, 0x00, 0x00,
    0x00, 0x00, 0x00, 0x00, 0x00, 0x00, 0x00, 0x00, 0x00, 0x00, 0x00, 0x00,
    0x00, 0x00, 0x00, 0x00, 0x00, 0x00, 0x00, 0x00, 0x00, 0x00, 0x00, 0x00,
    0x00, 0x00, 0x00, 0x00, 0x00, 0x00, 0x00, 0x00, 0x44, 0x1b, 0x0d, 0x25,
    0x4d, 0x1b, 0x03, 0xf4, 0x50, 0x1c, 0x01, 0xff, 0x4d, 0x1b, 0x01, 0xff,
    0x4e, 0x1b, 0x01, 0xff, 0x4e, 0x1b, 0x01, 0xff, 0x4e, 0x1c, 0x01, 0xff,
    0x4e, 0x1c, 0x01, 0xff, 0x4e, 0x1a, 0x00, 0xff, 0x4e, 0x1b, 0x01, 0xff,
    0x4f, 0x1c, 0x01, 0xff, 0x4f, 0x1c, 0x01, 0xff, 0x4f, 0x1c, 0x01, 0xff,
    0x4f, 0x1c, 0x01, 0xff, 0x50, 0x1c, 0x01, 0xff, 0x50, 0x1c, 0x01, 0xff,
    0x51, 0x1c, 0x01, 0xff, 0x51, 0x1d, 0x01, 0xff, 0x51, 0x1d, 0x01, 0xff,
    0x51, 0x1d, 0x01, 0xff, 0x51, 0x1c, 0x01, 0xff, 0x52, 0x1c, 0x01, 0xff,
    0x53, 0x1d, 0x01, 0xff, 0x55, 0x1e, 0x01, 0xff, 0x64, 0x22, 0x00, 0xff,
    0xc7, 0x9a, 0x0f, 0xff, 0xff, 0xff, 0x15, 0xff, 0xfe, 0xff, 0x35, 0xff,
    0xfe, 0xff, 0x2c, 0xff, 0xff, 0xff, 0x0d, 0xff, 0xca, 0x97, 0x0c, 0xff,
    0x64, 0x20, 0x00, 0xff, 0x56, 0x1f, 0x01, 0xff, 0x54, 0x1e, 0x01, 0xff,
    0x54, 0x1d, 0x01, 0xff, 0x54, 0x1d, 0x01, 0xff, 0x55, 0x1d, 0x01, 0xff,
    0x55, 0x1d, 0x01, 0xff, 0x55, 0x1d, 0x01, 0xff, 0x55, 0x1e, 0x01, 0xff,
    0x55, 0x1d, 0x01, 0xff, 0x54, 0x1d, 0x01, 0xff, 0x55, 0x1e, 0x01, 0xff,
    0x54, 0x1d, 0x01, 0xff, 0x54, 0x1d, 0x01, 0xff, 0x53, 0x1d, 0x01, 0xff,
    0x53, 0x1d, 0x01, 0xff, 0x51, 0x1c, 0x01, 0xff, 0x51, 0x1c, 0x01, 0xff,
    0x51, 0x1c, 0x01, 0xff, 0x50, 0x1c, 0x01, 0xff, 0x51, 0x1c, 0x01, 0xff,
    0x50, 0x1c, 0x01, 0xff, 0x53, 0x1c, 0x01, 0xff, 0x50, 0x1b, 0x03, 0xfa,
    0x48, 0x1b, 0x0b, 0x2e, 0x00, 0x00, 0x00, 0x00, 0x00, 0x00, 0x00, 0x00,
    0x00, 0x00, 0x00, 0x00, 0x00, 0x00, 0x00, 0x00, 0x00, 0x00, 0x00, 0x00,
    0x00, 0x00, 0x00, 0x00, 0x00, 0x00, 0x00, 0x00, 0x00, 0x00, 0x00, 0x00,
    0x49, 0x1b, 0x03, 0xc2, 0x52, 0x1d, 0x01, 0xff, 0x4d, 0x1b, 0x01, 0xff,
    0x4d, 0x1b, 0x01, 0xff, 0x4d, 0x1b, 0x01, 0xff, 0x4d, 0x1b, 0x01, 0xff,
    0x4e, 0x1c, 0x01, 0xff, 0x4d, 0x1b, 0x01, 0xff, 0x4d, 0x1b, 0x01, 0xff,
    0x4d, 0x1b, 0x01, 0xff, 0x4e, 0x1b, 0x01, 0xff, 0x4e, 0x1b, 0x01, 0xff,
    0x4e, 0x1c, 0x01, 0xff, 0x4f, 0x1c, 0x01, 0xff, 0x50, 0x1c, 0x01, 0xff,
    0x50, 0x1c, 0x01, 0xff, 0x51, 0x1d, 0x01, 0xff, 0x51, 0x1d, 0x01, 0xff,
    0x51, 0x1c, 0x01, 0xff, 0x51, 0x1c, 0x01, 0xff, 0x51, 0x1c, 0x01, 0xff,
    0x52, 0x1c, 0x01, 0xff, 0x51, 0x1c, 0x01, 0xff, 0x4f, 0x18, 0x01, 0xff,
    0x6b, 0x27, 0x00, 0xff, 0xe2, 0xbc, 0x07, 0xff, 0xfd, 0xde, 0x04, 0xff,
    0xfe, 0xf5, 0x08, 0xff, 0xff, 0xe9, 0x04, 0xff, 0xfd, 0xd1, 0x02, 0xff,
    0xe1, 0xb5, 0x09, 0xff, 0x6a, 0x24, 0x00, 0xff, 0x51, 0x18, 0x01, 0xff,
    0x55, 0x1d, 0x01, 0xff, 0x54, 0x1e, 0x01, 0xff, 0x54, 0x1d, 0x01, 0xff,
    0x55, 0x1e, 0x01, 0xff, 0x56, 0x1e, 0x01, 0xff, 0x56, 0x1e, 0x01, 0xff,
    0x56, 0x1e, 0x01, 0xff, 0x56, 0x1d, 0x01, 0xff, 0x55, 0x1d, 0x01, 0xff,
    0x56, 0x1e, 0x01, 0xff, 0x55, 0x1e, 0x01, 0xff, 0x53, 0x1d, 0x01, 0xff,
    0x53, 0x1c, 0x01, 0xff, 0x52, 0x1d, 0x01, 0xff, 0x51, 0x1d, 0x01, 0xff,
    0x51, 0x1c, 0x01, 0xff, 0x51, 0x1c, 0x01, 0xff, 0x50, 0x1c, 0x01, 0xff,
    0x51, 0x1c, 0x01, 0xff, 0x51, 0x1c, 0x01, 0xff, 0x4f, 0x1b, 0x01, 0xff,
    0x54, 0x1c, 0x01, 0xff, 0x4b, 0x1a, 0x03, 0xcc, 0x00, 0x00, 0xff, 0x01,
    0x00, 0x00, 0x00, 0x00, 0x00, 0x00, 0x00, 0x00, 0x00, 0x00, 0x00, 0x00,
    0x00, 0x00, 0x00, 0x00, 0x00, 0x00, 0x00, 0x00, 0x00, 0x00, 0x00, 0x00,
    0x47, 0x1d, 0x09, 0x4e, 0x50, 0x1c, 0x02, 0xff, 0x4c, 0x1a, 0x01, 0xff,
    0x4d, 0x1b, 0x01, 0xff, 0x4c, 0x1b, 0x01, 0xff, 0x4c, 0x1b, 0x01, 0xff,
    0x4e, 0x1b, 0x01, 0xff, 0x4e, 0x1c, 0x01, 0xff, 0x4e, 0x1c, 0x01, 0xff,
    0x4d, 0x1b, 0x01, 0xff, 0x4d, 0x1b, 0x01, 0xff, 0x4d, 0x1b, 0x01, 0xff,
    0x4e, 0x1b, 0x01, 0xff, 0x4e, 0x1c, 0x01, 0xff, 0x4f, 0x1c, 0x01, 0xff,
    0x4f, 0x1c, 0x01, 0xff, 0x4f, 0x1c, 0x01, 0xff, 0x50, 0x1d, 0x01, 0xff,
    0x50, 0x1c, 0x01, 0xff, 0x50, 0x1c, 0x01, 0xff, 0x51, 0x1c, 0x01, 0xff,
    0x4f, 0x1b, 0x01, 0xff, 0x4b, 0x14, 0x01, 0xff, 0x56, 0x20, 0x01, 0xff,
    0x77, 0x41, 0x01, 0xff, 0x9c, 0x63, 0x00, 0xff, 0xd0, 0xa0, 0x05, 0xff,
    0xfe, 0xcf, 0x07, 0xff, 0xf8, 0xab, 0x00, 0xff, 0xf7, 0x9f, 0x00, 0xff,
    0xfb, 0xc0, 0x08, 0xff, 0xd0, 0x98, 0x06, 0xff, 0x95, 0x5c, 0x01, 0xff,
    0x78, 0x41, 0x01, 0xff, 0x5b, 0x20, 0x01, 0xff, 0x50, 0x16, 0x01, 0xff,
    0x53, 0x1c, 0x01, 0xff, 0x56, 0x1e, 0x01, 0xff, 0x56, 0x1e, 0x01, 0xff,
    0x56, 0x1e, 0x01, 0xff, 0x56, 0x1e, 0x01, 0xff, 0x56, 0x1e, 0x01, 0xff,
    0x55, 0x1e, 0x01, 0xff, 0x55, 0x1d, 0x01, 0xff, 0x55, 0x1d, 0x01, 0xff,
    0x54, 0x1d, 0x01, 0xff, 0x53, 0x1d, 0x01, 0xff, 0x53, 0x1d, 0x01, 0xff,
    0x52, 0x1d, 0x01, 0xff, 0x51, 0x1c, 0x01, 0xff, 0x50, 0x1c, 0x01, 0xff,
    0x51, 0x1c, 0x01, 0xff, 0x51, 0x1c, 0x01, 0xff, 0x50, 0x1c, 0x01, 0xff,
    0x4f, 0x1b, 0x01, 0xff, 0x4e, 0x1a, 0x01, 0xff, 0x54, 0x1c, 0x02, 0xff,
    0x4b, 0x1c, 0x08, 0x58, 0x00, 0x00, 0x00, 0x00, 0x00, 0x00, 0x00, 0x00,
    0x00, 0x00, 0x00, 0x00, 0x00, 0x00, 0x00, 0x00, 0x00, 0x00, 0x00, 0x00,
    0x00, 0x00, 0x00, 0x00, 0x48, 0x1a, 0x04, 0xbf, 0x50, 0x1b, 0x01, 0xff,
    0x4b, 0x1a, 0x01, 0xff, 0x4c, 0x1a, 0x01, 0xff, 0x4b, 0x1a, 0x01, 0xff,
    0x4c, 0x1b, 0x01, 0xff, 0x4e, 0x1b, 0x01, 0xff, 0x4d, 0x1b, 0x01, 0xff,
    0x4d, 0x1b, 0x01, 0xff, 0x4c, 0x1b, 0x01, 0xff, 0x4d, 0x1b, 0x01, 0xff,
    0x4d, 0x1a, 0x01, 0xff, 0x4e, 0x1b, 0x01, 0xff, 0x4e, 0x1b, 0x01, 0xff,
    0x4e, 0x1b, 0x01, 0xff, 0x4f, 0x1c, 0x01, 0xff, 0x4f, 0x1c, 0x01, 0xff,
    0x4f, 0x1c, 0x01, 0xff, 0x50, 0x1c, 0x01, 0xff, 0x4e, 0x1b, 0x01, 0xff,
    0x48, 0x12, 0x01, 0xff, 0x5b, 0x23, 0x01, 0xff, 0x80, 0x49, 0x01, 0xff,
    0x9b, 0x64, 0x01, 0xff, 0x89, 0x53, 0x01, 0xff, 0x62, 0x29, 0x01, 0xff,
    0x7b, 0x35, 0x01, 0xff, 0xd2, 0x98, 0x08, 0xff, 0xef, 0xb4, 0x09, 0xff,
    0xf0, 0xb2, 0x08, 0xff, 0xd0, 0x8f, 0x06, 0xff, 0x77, 0x30, 0x00, 0xff,
    0x67, 0x2e, 0x01, 0xff, 0x85, 0x4f, 0x01, 0xff, 0x93, 0x5d, 0x03, 0xff,
    0x83, 0x4c, 0x03, 0xff, 0x64, 0x2a, 0x01, 0xff, 0x51, 0x16, 0x01, 0xff,
    0x52, 0x1a, 0x01, 0xff, 0x56, 0x1e, 0x01, 0xff, 0x56, 0x1e, 0x01, 0xff,
    0x55, 0x1d, 0x01, 0xff, 0x54, 0x1d, 0x01, 0xff, 0x54, 0x1d, 0x01, 0xff,
    0x54, 0x1d, 0x01, 0xff, 0x54, 0x1d, 0x01, 0xff, 0x54, 0x1d, 0x01, 0xff,
    0x53, 0x1d, 0x01, 0xff, 0x52, 0x1d, 0x01, 0xff, 0x51, 0x1c, 0x01, 0xff,
    0x51, 0x1c, 0x01, 0xff, 0x51, 0x1c, 0x01, 0xff, 0x50, 0x1b, 0x01, 0xff,
    0x4f, 0x1b, 0x01, 0xff, 0x4f, 0x1b, 0x01, 0xff, 0x4f, 0x1a, 0x01, 0xff,
    0x53, 0x1b, 0x01, 0xff, 0x49, 0x19, 0x03, 0xc8, 0x00, 0x00, 0x00, 0x00,
    0x00, 0x00, 0x00, 0x00, 0x00, 0x00, 0x00, 0x00, 0x00, 0x00, 0x00, 0x00,
    0x00, 0x00, 0x00, 0x00, 0x3b, 0x19, 0x11, 0x1e, 0x47, 0x18, 0x02, 0xfb,
    0x4a, 0x19, 0x00, 0xff, 0x4a, 0x19, 0x01, 0xff, 0x4a, 0x1a, 0x01, 0xff,
    0x4b, 0x1a, 0x01, 0xff, 0x4c, 0x1b, 0x01, 0xff, 0x4d, 0x1b, 0x01, 0xff,
    0x4c, 0x1a, 0x01, 0xff, 0x4c, 0x1a, 0x01, 0xff, 0x4c, 0x1a, 0x01, 0xff,
    0x4d, 0x1b, 0x01, 0xff, 0x4d, 0x1b, 0x01, 0xff, 0x4d, 0x1b, 0x01, 0xff,
    0x4d, 0x1b, 0x01, 0xff, 0x4d, 0x1b, 0x01, 0xff, 0x4e, 0x1b, 0x01, 0xff,
    0x4f, 0x1c, 0x01, 0xff, 0x4d, 0x19, 0x01, 0xff, 0x4a, 0x14, 0x01, 0xff,
    0x5b, 0x23, 0x01, 0xff, 0x89, 0x51, 0x01, 0xff, 0x98, 0x62, 0x01, 0xff,
    0x7e, 0x48, 0x02, 0xff, 0x5c, 0x24, 0x01, 0xff, 0x4c, 0x14, 0x01, 0xff,
    0x54, 0x1d, 0x01, 0xff, 0x58, 0x20, 0x01, 0xff, 0x68, 0x24, 0x00, 0xff,
    0xa8, 0x6a, 0x01, 0xff, 0xaa, 0x6a, 0x01, 0xff, 0x69, 0x24, 0x00, 0xff,
    0x5a, 0x21, 0x01, 0xff, 0x55, 0x1e, 0x01, 0xff, 0x50, 0x17, 0x01, 0xff,
    0x5a, 0x21, 0x01, 0xff, 0x79, 0x44, 0x02, 0xff, 0x90, 0x5e, 0x02, 0xff,
    0x8d, 0x57, 0x03, 0xff, 0x6e, 0x34, 0x02, 0xff, 0x53, 0x18, 0x01, 0xff,
    0x51, 0x19, 0x01, 0xff, 0x53, 0x1c, 0x01, 0xff, 0x54, 0x1d, 0x02, 0xff,
    0x54, 0x1d, 0x02, 0xff, 0x53, 0x1d, 0x01, 0xff, 0x53, 0x1d, 0x01, 0xff,
    0x53, 0x1d, 0x01, 0xff, 0x53, 0x1d, 0x01, 0xff, 0x52, 0x1c, 0x01, 0xff,
    0x52, 0x1c, 0x01, 0xff, 0x51, 0x1c, 0x01, 0xff, 0x51, 0x1c, 0x01, 0xff,
    0x50, 0x1b, 0x01, 0xff, 0x4f, 0x1b, 0x01, 0xff, 0x4f, 0x1a, 0x01, 0xff,
    0x4e, 0x1a, 0x01, 0xff, 0x4f, 0x1a, 0x01, 0xff, 0x4c, 0x19, 0x02, 0xfe,
    0x44, 0x1b, 0x0d, 0x25, 0x00, 0x00, 0x00, 0x00, 0x00, 0x00, 0x00, 0x00,
    0x00, 0x00, 0x00, 0x00, 0x00, 0x00, 0x00, 0x00, 0x40, 0x17, 0x08, 0x57,
    0x4c, 0x1a, 0x01, 0xff, 0x49, 0x19, 0x01, 0xff, 0x4a, 0x19, 0x01, 0xff,
    0x4a, 0x19, 0x01, 0xff, 0x4b, 0x1a, 0x01, 0xff, 0x4c, 0x1b, 0x01, 0xff,
    0x4d, 0x1b, 0x01, 0xff, 0x4d, 0x1b, 0x01, 0xff, 0x4d, 0x1a, 0x01, 0xff,
    0x4f, 0x1b, 0x01, 0xff, 0x4f, 0x1b, 0x01, 0xff, 0x4f, 0x1b, 0x01, 0xff,
    0x4e, 0x1b, 0x01, 0xff, 0x4d, 0x1b, 0x01, 0xff, 0x4e, 0x1c, 0x01, 0xff,
    0x4a, 0x17, 0x01, 0xff, 0x4a, 0x15, 0x01, 0xff, 0x64, 0x2c, 0x01, 0xff,
    0x83, 0x4f, 0x01, 0xff, 0x96, 0x60, 0x02, 0xff, 0x7f, 0x45, 0x01, 0xff,
    0x57, 0x1e, 0x01, 0xff, 0x4d, 0x16, 0x01, 0xff, 0x51, 0x1b, 0x01, 0xff,
    0x54, 0x1e, 0x01, 0xff, 0x54, 0x1e, 0x01, 0xff, 0x55, 0x1e, 0x01, 0xff,
    0x4d, 0x16, 0x01, 0xff, 0x85, 0x4b, 0x01, 0xff, 0x84, 0x4b, 0x01, 0xff,
    0x4e, 0x17, 0x01, 0xff, 0x58, 0x20, 0x01, 0xff, 0x57, 0x1f, 0x01, 0xff,
    0x57, 0x1f, 0x01, 0xff, 0x56, 0x1e, 0x01, 0xff, 0x50, 0x18, 0x01, 0xff,
    0x53, 0x1b, 0x01, 0xff, 0x6f, 0x37, 0x01, 0xff, 0x92, 0x5c, 0x03, 0xff,
    0x95, 0x5e, 0x02, 0xff, 0x75, 0x3a, 0x01, 0xff, 0x54, 0x1a, 0x01, 0xff,
    0x4f, 0x16, 0x01, 0xff, 0x54, 0x1d, 0x02, 0xff, 0x55, 0x1d, 0x01, 0xff,
    0x54, 0x1d, 0x01, 0xff, 0x54, 0x1c, 0x01, 0xff, 0x54, 0x1d, 0x01, 0xff,
    0x53, 0x1c, 0x01, 0xff, 0x52, 0x1c, 0x01, 0xff, 0x52, 0x1c, 0x01, 0xff,
    0x52, 0x1c, 0x01, 0xff, 0x50, 0x1b, 0x01, 0xff, 0x50, 0x1b, 0x01, 0xff,
    0x4f, 0x1a, 0x01, 0xff, 0x4e, 0x1a, 0x01, 0xff, 0x4d, 0x1a, 0x01, 0xff,
    0x52, 0x1b, 0x01, 0xff, 0x46, 0x1b, 0x08, 0x5e, 0x00, 0x00, 0x00, 0x00,
    0x00, 0x00, 0x00, 0x00, 0x00, 0x00, 0x00, 0x00, 0x00, 0x00, 0x00, 0x00,
    0x44, 0x1a, 0x06, 0x7f, 0x4e, 0x1a, 0x01, 0xff, 0x49, 0x19, 0x01, 0xff,
    0x49, 0x19, 0x01, 0xff, 0x49, 0x19, 0x01, 0xff, 0x4a, 0x1a, 0x01, 0xff,
    0x4e, 0x1b, 0x01, 0xff, 0x53, 0x1e, 0x00, 0xff, 0x5a, 0x1e, 0x00, 0xff,
    0x5e, 0x1d, 0x00, 0xff, 0x5d, 0x1e, 0x00, 0xff, 0x59, 0x20, 0x01, 0xff,
    0x54, 0x1e, 0x01, 0xff, 0x50, 0x1c, 0x01, 0xff, 0x4a, 0x17, 0x01, 0xff,
    0x49, 0x13, 0x01, 0xff, 0x63, 0x30, 0x01, 0xff, 0x89, 0x56, 0x01, 0xff,
    0x9d, 0x65, 0x02, 0xff, 0x77, 0x3f, 0x01, 0xff, 0x51, 0x19, 0x01, 0xff,
    0x4c, 0x16, 0x01, 0xff, 0x51, 0x1c, 0x01, 0xff, 0x53, 0x1e, 0x01, 0xff,
    0x53, 0x1d, 0x01, 0xff, 0x54, 0x1d, 0x01, 0xff, 0x55, 0x1e, 0x01, 0xff,
    0x56, 0x1e, 0x01, 0xff, 0x4f, 0x17, 0x01, 0xff, 0x87, 0x4a, 0x01, 0xff,
    0x87, 0x4a, 0x01, 0xff, 0x50, 0x17, 0x01, 0xff, 0x58, 0x1f, 0x01, 0xff,
    0x58, 0x1f, 0x01, 0xff, 0x58, 0x20, 0x01, 0xff, 0x58, 0x20, 0x01, 0xff,
    0x58, 0x20, 0x01, 0xff, 0x57, 0x1f, 0x01, 0xff, 0x52, 0x1a, 0x01, 0xff,
    0x4f, 0x15, 0x01, 0xff, 0x69, 0x30, 0x01, 0xff, 0x90, 0x59, 0x02, 0xff,
    0x96, 0x60, 0x02, 0xff, 0x78, 0x40, 0x01, 0xff, 0x53, 0x18, 0x01, 0xff,
    0x4f, 0x17, 0x01, 0xff, 0x56, 0x1e, 0x01, 0xff, 0x59, 0x20, 0x01, 0xff,
    0x5d, 0x21, 0x00, 0xff, 0x64, 0x20, 0x00, 0xff, 0x66, 0x1f, 0x00, 0xff,
    0x61, 0x1f, 0x00, 0xff, 0x5a, 0x20, 0x01, 0xff, 0x55, 0x1d, 0x01, 0xff,
    0x52, 0x1c, 0x01, 0xff, 0x4f, 0x1a, 0x01, 0xff, 0x4e, 0x1a, 0x01, 0xff,
    0x4c, 0x19, 0x01, 0xff, 0x51, 0x1b, 0x01, 0xff, 0x47, 0x1b, 0x05, 0x84,
    0x00, 0x00, 0x00, 0x00, 0x00, 0x00, 0x00, 0x00, 0x00, 0x00, 0x00, 0x00,
    0x00, 0x00, 0x00, 0x00, 0x46, 0x1a, 0x05, 0x90, 0x4e, 0x1b, 0x01, 0xff,
    0x49, 0x19, 0x01, 0xff, 0x49, 0x19, 0x01, 0xff, 0x4a, 0x1a, 0x01, 0xff,
    0x4d, 0x1b, 0x01, 0xff, 0x55, 0x20, 0x01, 0xff, 0x6d, 0x29, 0x00, 0xff,
    0xa0, 0x5e, 0x10, 0xff, 0xb7, 0x7f, 0x1d, 0xff, 0xa4, 0x61, 0x11, 0xff,
    0x75, 0x2a, 0x00, 0xff, 0x5a, 0x1e, 0x00, 0xff, 0x4e, 0x15, 0x01, 0xff,
    0x66, 0x31, 0x01, 0xff, 0x89, 0x59, 0x02, 0xff, 0x8e, 0x5c, 0x01, 0xff,
    0x70, 0x3b, 0x01, 0xff, 0x4e, 0x17, 0x01, 0xff, 0x4c, 0x17, 0x01, 0xff,
    0x54, 0x1e, 0x01, 0xff, 0x53, 0x1d, 0x01, 0xff, 0x52, 0x1d, 0x01, 0xff,
    0x54, 0x1e, 0x01, 0xff, 0x54, 0x1e, 0x01, 0xff, 0x55, 0x1e, 0x01, 0xff,
    0x57, 0x1f, 0x01, 0xff, 0x58, 0x1f, 0x01, 0xff, 0x51, 0x18, 0x01, 0xff,
    0x82, 0x46, 0x01, 0xff, 0x86, 0x48, 0x01, 0xff, 0x54, 0x19, 0x01, 0xff,
    0x5a, 0x21, 0x01, 0xff, 0x5a, 0x20, 0x01, 0xff, 0x5a, 0x20, 0x01, 0xff,
    0x59, 0x20, 0x01, 0xff, 0x59, 0x20, 0x02, 0xff, 0x58, 0x1f, 0x01, 0xff,
    0x58, 0x1f, 0x01, 0xff, 0x57, 0x1f, 0x01, 0xff, 0x52, 0x1a, 0x01, 0xff,
    0x4e, 0x15, 0x01, 0xff, 0x66, 0x2c, 0x01, 0xff, 0x8b, 0x55, 0x01, 0xff,
    0x93, 0x5e, 0x02, 0xff, 0x77, 0x40, 0x01, 0xff, 0x5b, 0x1e, 0x01, 0xff,
    0x5e, 0x1e, 0x01, 0xff, 0x7c, 0x2f, 0x00, 0xff, 0xaa, 0x65, 0x11, 0xff,
    0xbc, 0x82, 0x1b, 0xff, 0xa4, 0x5d, 0x0e, 0xff, 0x75, 0x2b, 0x00, 0xff,
    0x5d, 0x22, 0x01, 0xff, 0x54, 0x1c, 0x01, 0xff, 0x50, 0x1b, 0x01, 0xff,
    0x4d, 0x1a, 0x01, 0xff, 0x4c, 0x19, 0x01, 0xff, 0x51, 0x1b, 0x01, 0xff,
    0x47, 0x19, 0x03, 0x96, 0x00, 0x00, 0x00, 0x00, 0x00, 0x00, 0x00, 0x00,
    0x00, 0x00, 0x00, 0x00, 0x00, 0x00, 0x00, 0x00, 0x45, 0x1a, 0x05, 0x93,
    0x4e, 0x1b, 0x01, 0xff, 0x49, 0x19, 0x01, 0xff, 0x49, 0x19, 0x01, 0xff,
    0x4c, 0x1b, 0x01, 0xff, 0x52, 0x1e, 0x01, 0xff, 0x66, 0x25, 0x00, 0xff,
    0xbb, 0x8a, 0x16, 0xff, 0xff, 0xfb, 0x2c, 0xff, 0xff, 0xff, 0x31, 0xff,
    0xff, 0xfd, 0x26, 0xff, 0xc6, 0x93, 0x10, 0xff, 0x82, 0x3e, 0x00, 0xff,
    0x8f, 0x5d, 0x01, 0xff, 0x8c, 0x5a, 0x01, 0xff, 0x69, 0x35, 0x01, 0xff,
    0x4c, 0x16, 0x01, 0xff, 0x4a, 0x15, 0x01, 0xff, 0x52, 0x1d, 0x01, 0xff,
    0x53, 0x1e, 0x01, 0xff, 0x55, 0x1e, 0x01, 0xff, 0x55, 0x1e, 0x01, 0xff,
    0x52, 0x19, 0x01, 0xff, 0x55, 0x1d, 0x01, 0xff, 0x58, 0x20, 0x01, 0xff,
    0x58, 0x1f, 0x01, 0xff, 0x5a, 0x21, 0x01, 0xff, 0x5c, 0x21, 0x01, 0xff,
    0x55, 0x1a, 0x01, 0xff, 0x84, 0x48, 0x01, 0xff, 0x87, 0x4a, 0x01, 0xff,
    0x57, 0x1b, 0x01, 0xff, 0x5e, 0x22, 0x01, 0xff, 0x5c, 0x21, 0x01, 0xff,
    0x5c, 0x21, 0x01, 0xff, 0x5b, 0x21, 0x01, 0xff, 0x58, 0x1e, 0x01, 0xff,
    0x56, 0x1b, 0x01, 0xff, 0x5a, 0x21, 0x01, 0xff, 0x58, 0x1f, 0x01, 0xff,
    0x57, 0x1f, 0x01, 0xff, 0x57, 0x1f, 0x01, 0xff, 0x52, 0x1a, 0x01, 0xff,
    0x4c, 0x13, 0x01, 0xff, 0x60, 0x27, 0x00, 0xff, 0x88, 0x54, 0x02, 0xff,
    0x93, 0x5e, 0x01, 0xff, 0x90, 0x4c, 0x00, 0xff, 0xca, 0x9a, 0x1a, 0xff,
    0xff, 0xfd, 0x2b, 0xff, 0xff, 0xff, 0x2e, 0xff, 0xfe, 0xfa, 0x25, 0xff,
    0xbd, 0x85, 0x0d, 0xff, 0x6d, 0x24, 0x00, 0xff, 0x55, 0x1d, 0x00, 0xff,
    0x4f, 0x1a, 0x01, 0xff, 0x4c, 0x19, 0x01, 0xff, 0x4b, 0x19, 0x01, 0xff,
    0x50, 0x1b, 0x01, 0xff, 0x45, 0x18, 0x03, 0x99, 0x00, 0x00, 0x00, 0x00,
    0x00, 0x00, 0x00, 0x00, 0x00, 0x00, 0x00, 0x00, 0x00, 0x00, 0x00, 0x00,
    0x45, 0x1a, 0x05, 0x92, 0x4e, 0x1a, 0x01, 0xff, 0x49, 0x19, 0x01, 0xff,
    0x48, 0x19, 0x01, 0xff, 0x4b, 0x1a, 0x01, 0xff, 0x54, 0x1d, 0x00, 0xff,
    0x86, 0x46, 0x02, 0xff, 0xf5, 0xe6, 0x0c, 0xff, 0xff, 0xff, 0x1a, 0xff,
    0xfd, 0xff, 0x3c, 0xff, 0xff, 0xfe, 0x11, 0xff, 0xfe, 0xed, 0x09, 0xff,
    0xb9, 0x86, 0x04, 0xff, 0x68, 0x2f, 0x00, 0xff, 0x4b, 0x15, 0x01, 0xff,
    0x4a, 0x17, 0x01, 0xff, 0x4f, 0x1c, 0x01, 0xff, 0x50, 0x1c, 0x01, 0xff,
    0x51, 0x1c, 0x01, 0xff, 0x55, 0x1e, 0x01, 0xff, 0x58, 0x20, 0x01, 0xff,
    0x54, 0x16, 0x00, 0xff, 0x69, 0x30, 0x01, 0xff, 0x67, 0x2e, 0x01, 0xff,
    0x5c, 0x20, 0x01, 0xff, 0x5e, 0x22, 0x01, 0xff, 0x5f, 0x22, 0x01, 0xff,
    0x60, 0x23, 0x01, 0xff, 0x5b, 0x1d, 0x01, 0xff, 0x85, 0x45, 0x01, 0xff,
    0x88, 0x46, 0x00, 0xff, 0x5b, 0x1d, 0x01, 0xff, 0x60, 0x23, 0x01, 0xff,
    0x5f, 0x22, 0x01, 0xff, 0x5e, 0x22, 0x01, 0xff, 0x5c, 0x20, 0x01, 0xff,
    0x66, 0x2d, 0x02, 0xff, 0x69, 0x30, 0x02, 0xff, 0x54, 0x15, 0x00, 0xff,
    0x5a, 0x21, 0x01, 0xff, 0x58, 0x1f, 0x01, 0xff, 0x56, 0x1f, 0x01, 0xff,
    0x55, 0x1e, 0x01, 0xff, 0x54, 0x1d, 0x01, 0xff, 0x52, 0x1a, 0x01, 0xff,
    0x4b, 0x13, 0x00, 0xff, 0x65, 0x29, 0x00, 0xff, 0xb9, 0x85, 0x06, 0xff,
    0xfd, 0xf5, 0x12, 0xff, 0xfe, 0xff, 0x1a, 0xff, 0xfd, 0xff, 0x31, 0xff,
    0xff, 0xfd, 0x0a, 0xff, 0xf5, 0xdc, 0x08, 0xff, 0x87, 0x41, 0x02, 0xff,
    0x58, 0x1e, 0x00, 0xff, 0x50, 0x1b, 0x01, 0xff, 0x4c, 0x19, 0x01, 0xff,
    0x4a, 0x18, 0x01, 0xff, 0x50, 0x1a, 0x01, 0xff, 0x46, 0x19, 0x03, 0x98,
    0x00, 0x00, 0x00, 0x00, 0x00, 0x00, 0x00, 0x00, 0x00, 0x00, 0x00, 0x00,
    0x00, 0x00, 0x00, 0x00, 0x44, 0x18, 0x05, 0x92, 0x4d, 0x1a, 0x01, 0xff,
    0x48, 0x18, 0x01, 0xff, 0x47, 0x18, 0x01, 0xff, 0x49, 0x19, 0x01, 0xff,
    0x51, 0x1a, 0x00, 0xff, 0x8c, 0x56, 0x02, 0xff, 0xf6, 0xd8, 0x03, 0xff,
    0xf9, 0xdd, 0x03, 0xff, 0xff, 0xe6, 0x00, 0xff, 0xfa, 0xc9, 0x00, 0xff,
    0xfa, 0xd4, 0x08, 0xff, 0x99, 0x5f, 0x04, 0xff, 0x51, 0x17, 0x00, 0xff,
    0x4e, 0x1b, 0x01, 0xff, 0x4e, 0x1b, 0x01, 0xff, 0x4f, 0x1b, 0x01, 0xff,
    0x50, 0x1c, 0x01, 0xff, 0x53, 0x1d, 0x01, 0xff, 0x57, 0x20, 0x01, 0xff,
    0x53, 0x13, 0x00, 0xff, 0x87, 0x54, 0x03, 0xff, 0xf7, 0xf2, 0x13, 0xff,
    0xb1, 0x90, 0x08, 0xff, 0x54, 0x12, 0x00, 0xff, 0x61, 0x24, 0x01, 0xff,
    0x64, 0x25, 0x01, 0xff, 0x65, 0x25, 0x01, 0xff, 0x61, 0x21, 0x00, 0xff,
    0x8e, 0x44, 0x00, 0xff, 0x8e, 0x43, 0x00, 0xff, 0x5e, 0x20, 0x01, 0xff,
    0x65, 0x25, 0x01, 0xff, 0x64, 0x24, 0x01, 0xff, 0x62, 0x23, 0x01, 0xff,
    0x54, 0x12, 0x00, 0xff, 0xa8, 0x87, 0x0a, 0xff, 0xf8, 0xf4, 0x14, 0xff,
    0x87, 0x55, 0x05, 0xff, 0x52, 0x11, 0x00, 0xff, 0x59, 0x20, 0x01, 0xff,
    0x56, 0x1f, 0x01, 0xff, 0x54, 0x1e, 0x01, 0xff, 0x52, 0x1d, 0x01, 0xff,
    0x52, 0x1c, 0x01, 0xff, 0x52, 0x1c, 0x01, 0xff, 0x56, 0x1b, 0x00, 0xff,
    0x9a, 0x69, 0x04, 0xff, 0xf8, 0xdd, 0x05, 0xff, 0xfa, 0xdf, 0x01, 0xff,
    0xff, 0xe0, 0x00, 0xff, 0xfa, 0xbf, 0x00, 0xff, 0xf4, 0xcb, 0x08, 0xff,
    0x8a, 0x4f, 0x03, 0xff, 0x55, 0x1c, 0x01, 0xff, 0x4f, 0x1b, 0x01, 0xff,
    0x4b, 0x19, 0x01, 0xff, 0x4a, 0x18, 0x01, 0xff, 0x4f, 0x1a, 0x01, 0xff,
    0x46, 0x19, 0x03, 0x98, 0x00, 0x00, 0x00, 0x00, 0x00, 0x00, 0x00, 0x00,
    0x00, 0x00, 0x00, 0x00, 0x00, 0x00, 0x00, 0x00, 0x44, 0x18, 0x05, 0x91,
    0x4c, 0x19, 0x01, 0xff, 0x47, 0x18, 0x01, 0xff, 0x47, 0x18, 0x01, 0xff,
    0x48, 0x19, 0x01, 0xff, 0x4c, 0x1a, 0x01, 0xff, 0x6b, 0x32, 0x01, 0xff,
    0xdd, 0xb3, 0x08, 0xff, 0xf9, 0xbc, 0x05, 0xff, 0xf4, 0x9d, 0x00, 0xff,
    0xf6, 0xaa, 0x04, 0xff, 0xf7, 0xc7, 0x07, 0xff, 0x9a, 0x5f, 0x01, 0xff,
    0x52, 0x1b, 0x01, 0xff, 0x46, 0x12, 0x01, 0xff, 0x4c, 0x1b, 0x01, 0xff,
    0x4e, 0x1b, 0x01, 0xff, 0x51, 0x1c, 0x01, 0xff, 0x55, 0x1f, 0x01, 0xff,
    0x50, 0x14, 0x00, 0xff, 0x7d, 0x48, 0x03, 0xff, 0xff, 0xfe, 0x14, 0xff,
    0xdf, 0xcd, 0x0f, 0xff, 0x74, 0x37, 0x02, 0xff, 0x5b, 0x18, 0x00, 0xff,
    0x5d, 0x17, 0x00, 0xff, 0x6a, 0x27, 0x01, 0xff, 0x6d, 0x29, 0x01, 0xff,
    0x6a, 0x26, 0x01, 0xff, 0x8f, 0x3e, 0x00, 0xff, 0x8d, 0x3c, 0x00, 0xff,
    0x68, 0x25, 0x01, 0xff, 0x6d, 0x28, 0x01, 0xff, 0x6a, 0x28, 0x01, 0xff,
    0x5d, 0x17, 0x00, 0xff, 0x59, 0x18, 0x00, 0xff, 0x6d, 0x33, 0x02, 0xff,
    0xd8, 0xc6, 0x0f, 0xff, 0xff, 0xff, 0x15, 0xff, 0x82, 0x4d, 0x04, 0xff,
    0x51, 0x12, 0x00, 0xff, 0x57, 0x1f, 0x01, 0xff, 0x54, 0x1d, 0x01, 0xff,
    0x51, 0x1c, 0x01, 0xff, 0x50, 0x1b, 0x01, 0xff, 0x4b, 0x15, 0x01, 0xff,
    0x51, 0x1b, 0x01, 0xff, 0x96, 0x65, 0x01, 0xff, 0xf7, 0xda, 0x06, 0xff,
    0xf8, 0xb7, 0x03, 0xff, 0xf4, 0x99, 0x01, 0xff, 0xf8, 0xad, 0x05, 0xff,
    0xd7, 0xa3, 0x09, 0xff, 0x6c, 0x2f, 0x01, 0xff, 0x50, 0x1c, 0x01, 0xff,
    0x4c, 0x1a, 0x01, 0xff, 0x4b, 0x19, 0x01, 0xff, 0x4a, 0x18, 0x01, 0xff,
    0x4f, 0x1a, 0x00, 0xff, 0x46, 0x19, 0x03, 0x98, 0x00, 0x00, 0x00, 0x00,
    0x00, 0x00, 0x00, 0x00, 0x00, 0x00, 0x00, 0x00, 0x00, 0x00, 0x00, 0x00,
    0x44, 0x18, 0x05, 0x92, 0x4b, 0x19, 0x01, 0xff, 0x46, 0x17, 0x01, 0xff,
    0x46, 0x18, 0x01, 0xff, 0x47, 0x18, 0x01, 0xff, 0x49, 0x1a, 0x01, 0xff,
    0x4f, 0x1d, 0x01, 0xff, 0x82, 0x48, 0x02, 0xff, 0xde, 0xa9, 0x08, 0xff,
    0xeb, 0xae, 0x09, 0xff, 0xde, 0x9d, 0x07, 0xff, 0x9e, 0x5b, 0x02, 0xff,
    0x81, 0x4c, 0x00, 0xff, 0x90, 0x5d, 0x01, 0xff, 0x73, 0x40, 0x02, 0xff,
    0x4d, 0x17, 0x01, 0xff, 0x49, 0x14, 0x01, 0xff, 0x51, 0x1c, 0x01, 0xff,
    0x53, 0x1b, 0x01, 0xff, 0x62, 0x24, 0x00, 0xff, 0xee, 0xe5, 0x10, 0xff,
    0xe6, 0xd7, 0x10, 0xff, 0x6b, 0x26, 0x00, 0xff, 0x5b, 0x11, 0x00, 0xff,
    0x83, 0x47, 0x04, 0xff, 0xa7, 0x7b, 0x0a, 0xff, 0x74, 0x2d, 0x01, 0xff,
    0x74, 0x2a, 0x00, 0xff, 0x75, 0x2c, 0x01, 0xff, 0x8b, 0x37, 0x00, 0xff,
    0x88, 0x36, 0x00, 0xff, 0x72, 0x2a, 0x00, 0xff, 0x72, 0x29, 0x00, 0xff,
    0x70, 0x2b, 0x01, 0xff, 0xa5, 0x7b, 0x08, 0xff, 0x81, 0x48, 0x03, 0xff,
    0x55, 0x0e, 0x00, 0xff, 0x5d, 0x1e, 0x00, 0xff, 0xdd, 0xcf, 0x0f, 0xff,
    0xf3, 0xed, 0x10, 0xff, 0x65, 0x27, 0x01, 0xff, 0x55, 0x19, 0x01, 0xff,
    0x53, 0x1c, 0x01, 0xff, 0x4b, 0x15, 0x01, 0xff, 0x52, 0x1c, 0x01, 0xff,
    0x71, 0x3f, 0x01, 0xff, 0x87, 0x55, 0x01, 0xff, 0x7d, 0x4a, 0x00, 0xff,
    0xa4, 0x6f, 0x02, 0xff, 0xdd, 0xac, 0x08, 0xff, 0xe5, 0xaf, 0x09, 0xff,
    0xd7, 0xa0, 0x07, 0xff, 0x81, 0x45, 0x01, 0xff, 0x51, 0x1d, 0x01, 0xff,
    0x4c, 0x1a, 0x01, 0xff, 0x4b, 0x19, 0x01, 0xff, 0x4b, 0x19, 0x01, 0xff,
    0x4a, 0x18, 0x01, 0xff, 0x4e, 0x19, 0x01, 0xff, 0x44, 0x17, 0x03, 0x98,
    0x00, 0x00, 0x00, 0x00, 0x00, 0x00, 0x00, 0x00, 0x00, 0x00, 0x00, 0x00,
    0x00, 0x00, 0x00, 0x00, 0x42, 0x18, 0x05, 0x92, 0x4a, 0x18, 0x01, 0xff,
    0x45, 0x17, 0x01, 0xff, 0x45, 0x17, 0x01, 0xff, 0x45, 0x17, 0x01, 0xff,
    0x47, 0x18, 0x01, 0xff, 0x47, 0x19, 0x01, 0xff, 0x50, 0x1f, 0x01, 0xff,
    0x9e, 0x68, 0x00, 0xff, 0x80, 0x3e, 0x00, 0xff, 0x6c, 0x2c, 0x00, 0xff,
    0x50, 0x1c, 0x01, 0xff, 0x48, 0x15, 0x01, 0xff, 0x56, 0x23, 0x01, 0xff,
    0x7e, 0x4d, 0x02, 0xff, 0x91, 0x5e, 0x01, 0xff, 0x77, 0x41, 0x01, 0xff,
    0x56, 0x1e, 0x00, 0xff, 0x4d, 0x0d, 0x00, 0xff, 0xb5, 0x95, 0x09, 0xff,
    0xff, 0xff, 0x12, 0xff, 0x7e, 0x40, 0x02, 0xff, 0x59, 0x0f, 0x00, 0xff,
    0x8b, 0x50, 0x04, 0xff, 0xfa, 0xf6, 0x18, 0xff, 0xf3, 0xe7, 0x15, 0xff,
    0x7b, 0x2e, 0x01, 0xff, 0x7b, 0x2c, 0x00, 0xff, 0x80, 0x31, 0x00, 0xff,
    0x8b, 0x37, 0x00, 0xff, 0x8b, 0x36, 0x00, 0xff, 0x7d, 0x2f, 0x01, 0xff,
    0x78, 0x2b, 0x00, 0xff, 0x74, 0x2a, 0x01, 0xff, 0xeb, 0xe0, 0x12, 0xff,
    0xfd, 0xfa, 0x14, 0xff, 0x89, 0x52, 0x04, 0xff, 0x4f, 0x09, 0x00, 0xff,
    0x6d, 0x34, 0x02, 0xff, 0xfe, 0xfd, 0x11, 0xff, 0xbe, 0xa1, 0x08, 0xff,
    0x4e, 0x0d, 0x00, 0xff, 0x5f, 0x26, 0x01, 0xff, 0x7d, 0x48, 0x01, 0xff,
    0x8a, 0x59, 0x01, 0xff, 0x76, 0x46, 0x01, 0xff, 0x55, 0x21, 0x01, 0xff,
    0x48, 0x15, 0x01, 0xff, 0x51, 0x1d, 0x01, 0xff, 0x68, 0x30, 0x00, 0xff,
    0x81, 0x4c, 0x00, 0xff, 0x98, 0x6a, 0x00, 0xff, 0x4a, 0x16, 0x01, 0xff,
    0x4a, 0x1a, 0x01, 0xff, 0x49, 0x19, 0x01, 0xff, 0x48, 0x17, 0x01, 0xff,
    0x48, 0x17, 0x01, 0xff, 0x48, 0x17, 0x01, 0xff, 0x4c, 0x19, 0x01, 0xff,
    0x43, 0x17, 0x03, 0x98, 0x00, 0x00, 0x00, 0x00, 0x00, 0x00, 0x00, 0x00,
    0x00, 0x00, 0x00, 0x00, 0x00, 0x00, 0x00, 0x00, 0x42, 0x18, 0x05, 0x92,
    0x4a, 0x18, 0x01, 0xff, 0x45, 0x17, 0x01, 0xff, 0x45, 0x17, 0x01, 0xff,
    0x45, 0x17, 0x01, 0xff, 0x45, 0x17, 0x01, 0xff, 0x41, 0x13, 0x01, 0xff,
    0x5d, 0x2e, 0x01, 0xff, 0x8b, 0x5f, 0x01, 0xff, 0x41, 0x11, 0x01, 0xff,
    0x46, 0x18, 0x01, 0xff, 0x48, 0x18, 0x01, 0xff, 0x49, 0x19, 0x01, 0xff,
    0x47, 0x17, 0x01, 0xff, 0x42, 0x10, 0x01, 0xff, 0x54, 0x20, 0x01, 0xff,
    0x81, 0x4c, 0x01, 0xff, 0x93, 0x50, 0x00, 0xff, 0x76, 0x35, 0x01, 0xff,
    0xfb, 0xfa, 0x10, 0xff, 0xb8, 0x97, 0x09, 0xff, 0x56, 0x0b, 0x00, 0xff,
    0x79, 0x37, 0x02, 0xff, 0xf6, 0xf1, 0x14, 0xff, 0xe6, 0xd3, 0x12, 0xff,
    0x84, 0x36, 0x01, 0xff, 0x75, 0x1e, 0x00, 0xff, 0x80, 0x27, 0x00, 0xff,
    0x8e, 0x37, 0x00, 0xff, 0x92, 0x39, 0x00, 0xff, 0x90, 0x38, 0x00, 0xff,
    0x8c, 0x36, 0x01, 0xff, 0x7f, 0x26, 0x00, 0xff, 0x72, 0x1d, 0x00, 0xff,
    0x77, 0x2f, 0x01, 0xff, 0xdd, 0xcd, 0x0f, 0xff, 0xf9, 0xf6, 0x12, 0xff,
    0x74, 0x36, 0x02, 0xff, 0x4c, 0x06, 0x00, 0xff, 0xad, 0x8c, 0x07, 0xff,
    0xff, 0xff, 0x0d, 0xff, 0x7b, 0x3b, 0x01, 0xff, 0x91, 0x4b, 0x01, 0xff,
    0x78, 0x44, 0x01, 0xff, 0x52, 0x1c, 0x01, 0xff, 0x46, 0x12, 0x01, 0xff,
    0x49, 0x18, 0x01, 0xff, 0x4a, 0x19, 0x01, 0xff, 0x4a, 0x19, 0x01, 0xff,
    0x47, 0x17, 0x01, 0xff, 0x45, 0x14, 0x01, 0xff, 0x8e, 0x5d, 0x01, 0xff,
    0x57, 0x23, 0x01, 0xff, 0x45, 0x16, 0x01, 0xff, 0x48, 0x18, 0x01, 0xff,
    0x46, 0x17, 0x01, 0xff, 0x46, 0x17, 0x01, 0xff, 0x46, 0x16, 0x01, 0xff,
    0x4b, 0x18, 0x01, 0xff, 0x43, 0x17, 0x03, 0x98, 0x00, 0x00, 0x00, 0x00,
    0x00, 0x00, 0x00, 0x00, 0x00, 0x00, 0x00, 0x00, 0x00, 0x00, 0x00, 0x00,
    0x40, 0x16, 0x05, 0x92, 0x49, 0x18, 0x01, 0xff, 0x45, 0x17, 0x01, 0xff,
    0x45, 0x17, 0x01, 0xff, 0x45, 0x17, 0x01, 0xff, 0x44, 0x16, 0x01, 0xff,
    0x3a, 0x0c, 0x00, 0xff, 0x7d, 0x4a, 0x01, 0xff, 0x76, 0x44, 0x01, 0xff,
    0x3f, 0x10, 0x01, 0xff, 0x47, 0x18, 0x01, 0xff, 0x46, 0x17, 0x01, 0xff,
    0x47, 0x17, 0x01, 0xff, 0x48, 0x18, 0x01, 0xff, 0x49, 0x18, 0x01, 0xff,
    0x4a, 0x19, 0x01, 0xff, 0x46, 0x12, 0x01, 0xff, 0x51, 0x12, 0x00, 0xff,
    0xa3, 0x78, 0x06, 0xff, 0xff, 0xff, 0x0e, 0xff, 0x75, 0x39, 0x01, 0xff,
    0x5b, 0x10, 0x00, 0xff, 0xcc, 0xb1, 0x0b, 0xff, 0xfb, 0xf6, 0x11, 0xff,
    0x83, 0x37, 0x01, 0xff, 0x71, 0x17, 0x00, 0xff, 0xb2, 0x78, 0x08, 0xff,
    0xc6, 0x93, 0x0a, 0xff, 0x99, 0x37, 0x00, 0xff, 0x9d, 0x3c, 0x00, 0xff,
    0x9c, 0x3b, 0x00, 0xff, 0x96, 0x34, 0x00, 0xff, 0xc3, 0x92, 0x0a, 0xff,
    0xb0, 0x79, 0x08, 0xff, 0x6b, 0x15, 0x00, 0xff, 0x75, 0x30, 0x01, 0xff,
    0xf6, 0xf2, 0x11, 0xff, 0xd1, 0xb9, 0x0b, 0xff, 0x56, 0x0e, 0x00, 0xff,
    0x6b, 0x31, 0x01, 0xff, 0xff, 0xfa, 0x09, 0xff, 0xa7, 0x7e, 0x04, 0xff,
    0x4b, 0x0c, 0x00, 0xff, 0x4a, 0x14, 0x01, 0xff, 0x4d, 0x1a, 0x01, 0xff,
    0x4c, 0x1a, 0x01, 0xff, 0x4a, 0x19, 0x01, 0xff, 0x49, 0x19, 0x01, 0xff,
    0x49, 0x18, 0x01, 0xff, 0x48, 0x18, 0x01, 0xff, 0x40, 0x0f, 0x01, 0xff,
    0x89, 0x54, 0x02, 0xff, 0x71, 0x3d, 0x01, 0xff, 0x3f, 0x10, 0x01, 0xff,
    0x47, 0x18, 0x01, 0xff, 0x46, 0x17, 0x01, 0xff, 0x45, 0x16, 0x01, 0xff,
    0x46, 0x16, 0x01, 0xff, 0x4a, 0x18, 0x01, 0xff, 0x41, 0x17, 0x03, 0x98,
    0x00, 0x00, 0x00, 0x00, 0x00, 0x00, 0x00, 0x00, 0x00, 0x00, 0x00, 0x00,
    0x00, 0x00, 0x00, 0x00, 0x40, 0x16, 0x05, 0x92, 0x49, 0x18, 0x01, 0xff,
    0x46, 0x17, 0x01, 0xff, 0x45, 0x17, 0x01, 0xff, 0x45, 0x16, 0x01, 0xff,
    0x44, 0x16, 0x01, 0xff, 0x3f, 0x10, 0x01, 0xff, 0x8e, 0x60, 0x02, 0xff,
    0x5a, 0x2a, 0x01, 0xff, 0x42, 0x14, 0x01, 0xff, 0x46, 0x17, 0x01, 0xff,
    0x46, 0x17, 0x01, 0xff, 0x47, 0x17, 0x01, 0xff, 0x47, 0x18, 0x01, 0xff,
    0x49, 0x18, 0x01, 0xff, 0x4c, 0x19, 0x01, 0xff, 0x4e, 0x1a, 0x01, 0xff,
    0x49, 0x0f, 0x00, 0xff, 0xcf, 0xb5, 0x07, 0xff, 0xdf, 0xc8, 0x08, 0xff,
    0x57, 0x11, 0x00, 0xff, 0x7d, 0x3d, 0x01, 0xff, 0xff, 0xff, 0x0e, 0xff,
    0xb3, 0x85, 0x05, 0xff, 0x66, 0x0c, 0x00, 0xff, 0xab, 0x6f, 0x05, 0xff,
    0xff, 0xff, 0x14, 0xff, 0xe0, 0xb8, 0x0b, 0xff, 0xa4, 0x32, 0x00, 0xff,
    0xae, 0x3c, 0x00, 0xff, 0xac, 0x3a, 0x00, 0xff, 0x9e, 0x2f, 0x00, 0xff,
    0xdb, 0xb4, 0x0c, 0xff, 0xff, 0xff, 0x16, 0xff, 0xaa, 0x71, 0x06, 0xff,
    0x5f, 0x0a, 0x00, 0xff, 0xa8, 0x7b, 0x06, 0xff, 0xff, 0xff, 0x0f, 0xff,
    0x7b, 0x40, 0x02, 0xff, 0x50, 0x0c, 0x00, 0xff, 0xd9, 0xbc, 0x06, 0xff,
    0xd6, 0xba, 0x06, 0xff, 0x4b, 0x0f, 0x00, 0xff, 0x50, 0x1b, 0x01, 0xff,
    0x4d, 0x1b, 0x01, 0xff, 0x4b, 0x19, 0x01, 0xff, 0x49, 0x19, 0x01, 0xff,
    0x49, 0x19, 0x01, 0xff, 0x49, 0x18, 0x01, 0xff, 0x48, 0x17, 0x01, 0xff,
    0x41, 0x11, 0x01, 0xff, 0x6d, 0x3b, 0x01, 0xff, 0x89, 0x54, 0x01, 0xff,
    0x3f, 0x0f, 0x01, 0xff, 0x46, 0x17, 0x01, 0xff, 0x46, 0x17, 0x01, 0xff,
    0x46, 0x16, 0x01, 0xff, 0x45, 0x16, 0x01, 0xff, 0x4a, 0x18, 0x01, 0xff,
    0x41, 0x17, 0x03, 0x98, 0x00, 0x00, 0x00, 0x00, 0x00, 0x00, 0x00, 0x00,
    0x00, 0x00, 0x00, 0x00, 0x00, 0x00, 0x00, 0x00, 0x41, 0x18, 0x05, 0x91,
    0x48, 0x18, 0x01, 0xff, 0x45, 0x17, 0x01, 0xff, 0x44, 0x17, 0x01, 0xff,
    0x44, 0x16, 0x01, 0xff, 0x42, 0x15, 0x01, 0xff, 0x4e, 0x1e, 0x01, 0xff,
    0x8d, 0x5f, 0x02, 0xff, 0x46, 0x17, 0x01, 0xff, 0x43, 0x16, 0x01, 0xff,
    0x45, 0x17, 0x01, 0xff, 0x46, 0x17, 0x01, 0xff, 0x47, 0x17, 0x01, 0xff,
    0x47, 0x18, 0x01, 0xff, 0x48, 0x18, 0x01, 0xff, 0x4b, 0x19, 0x01, 0xff,
    0x4d, 0x18, 0x00, 0xff, 0x55, 0x1c, 0x00, 0xff, 0xee, 0xd6, 0x06, 0xff,
    0xb5, 0x8d, 0x03, 0xff, 0x4c, 0x03, 0x00, 0xff, 0xa5, 0x74, 0x03, 0xff,
    0xfe, 0xf2, 0x0b, 0xff, 0x7d, 0x36, 0x01, 0xff, 0x7c, 0x2b, 0x01, 0xff,
    0xf6, 0xec, 0x0d, 0xff, 0xe0, 0xbb, 0x08, 0xff, 0x9e, 0x2a, 0x00, 0xff,
    0xc5, 0x69, 0x19, 0xff, 0xec, 0xc3, 0x5a, 0xff, 0xeb, 0xc3, 0x53, 0xff,
    0xc1, 0x67, 0x14, 0xff, 0x94, 0x25, 0x00, 0xff, 0xda, 0xb7, 0x09, 0xff,
    0xf8, 0xf1, 0x0d, 0xff, 0x7a, 0x2c, 0x01, 0xff, 0x74, 0x2f, 0x01, 0xff,
    0xfc, 0xef, 0x0a, 0xff, 0xa7, 0x7a, 0x04, 0xff, 0x48, 0x03, 0x00, 0xff,
    0xaf, 0x84, 0x04, 0xff, 0xf4, 0xd8, 0x07, 0xff, 0x59, 0x1f, 0x01, 0xff,
    0x4f, 0x19, 0x01, 0xff, 0x4d, 0x1a, 0x01, 0xff, 0x4b, 0x19, 0x01, 0xff,
    0x49, 0x18, 0x01, 0xff, 0x48, 0x18, 0x01, 0xff, 0x48, 0x18, 0x01, 0xff,
    0x48, 0x18, 0x01, 0xff, 0x44, 0x16, 0x01, 0xff, 0x50, 0x1f, 0x01, 0xff,
    0x98, 0x60, 0x01, 0xff, 0x47, 0x14, 0x01, 0xff, 0x45, 0x17, 0x01, 0xff,
    0x46, 0x17, 0x01, 0xff, 0x46, 0x17, 0x01, 0xff, 0x45, 0x17, 0x01, 0xff,
    0x4a, 0x18, 0x00, 0xff, 0x41, 0x17, 0x03, 0x98, 0x00, 0x00, 0x00, 0x00,
    0x00, 0x00, 0x00, 0x00, 0x00, 0x00, 0x00, 0x00, 0x00, 0x00, 0x00, 0x00,
    0x40, 0x18, 0x06, 0x92, 0x47, 0x17, 0x01, 0xff, 0x43, 0x16, 0x01, 0xff,
    0x44, 0x17, 0x01, 0xff, 0x44, 0x16, 0x01, 0xff, 0x3e, 0x11, 0x01, 0xff,
    0x62, 0x33, 0x01, 0xff, 0x81, 0x52, 0x01, 0xff, 0x3b, 0x0d, 0x01, 0xff,
    0x44, 0x16, 0x00, 0xff, 0x44, 0x16, 0x01, 0xff, 0x44, 0x16, 0x01, 0xff,
    0x45, 0x17, 0x01, 0xff, 0x47, 0x17, 0x01, 0xff, 0x48, 0x18, 0x01, 0xff,
    0x4a, 0x18, 0x01, 0xff, 0x4b, 0x15, 0x00, 0xff, 0x60, 0x28, 0x01, 0xff,
    0xfb, 0xdb, 0x05, 0xff, 0x9f, 0x6d, 0x02, 0xff, 0x4c, 0x05, 0x00, 0xff,
    0xc1, 0x98, 0x04, 0xff, 0xeb, 0xcd, 0x05, 0xff, 0x66, 0x17, 0x00, 0xff,
    0x9f, 0x61, 0x02, 0xff, 0xff, 0xf8, 0x08, 0xff, 0xa8, 0x4f, 0x00, 0xff,
    0xac, 0x43, 0x04, 0xff, 0xf9, 0xee, 0x2d, 0xff, 0xff, 0xff, 0x45, 0xff,
    0xff, 0xff, 0x3a, 0xff, 0xfa, 0xf2, 0x1a, 0xff, 0xa5, 0x41, 0x00, 0xff,
    0x9d, 0x48, 0x01, 0xff, 0xff, 0xf7, 0x09, 0xff, 0x9f, 0x62, 0x02, 0xff,
    0x61, 0x14, 0x00, 0xff, 0xe7, 0xc6, 0x05, 0xff, 0xc6, 0x9d, 0x04, 0xff,
    0x49, 0x06, 0x00, 0xff, 0x97, 0x66, 0x02, 0xff, 0xfe, 0xdc, 0x05, 0xff,
    0x64, 0x2d, 0x01, 0xff, 0x4c, 0x16, 0x01, 0xff, 0x4c, 0x19, 0x01, 0xff,
    0x4a, 0x19, 0x01, 0xff, 0x48, 0x18, 0x01, 0xff, 0x46, 0x17, 0x01, 0xff,
    0x47, 0x17, 0x01, 0xff, 0x47, 0x18, 0x01, 0xff, 0x46, 0x17, 0x01, 0xff,
    0x40, 0x0f, 0x01, 0xff, 0x8f, 0x5b, 0x01, 0xff, 0x5b, 0x28, 0x01, 0xff,
    0x42, 0x14, 0x01, 0xff, 0x46, 0x17, 0x01, 0xff, 0x46, 0x17, 0x01, 0xff,
    0x46, 0x17, 0x01, 0xff, 0x4a, 0x18, 0x01, 0xff, 0x41, 0x17, 0x03, 0x98,
    0x00, 0x00, 0x00, 0x00, 0x00, 0x00, 0x00, 0x00, 0x00, 0x00, 0x00, 0x00,
    0x00, 0x00, 0x00, 0x00, 0x40, 0x18, 0x05, 0x92, 0x46, 0x17, 0x01, 0xff,
    0x42, 0x15, 0x01, 0xff, 0x43, 0x16, 0x01, 0xff, 0x43, 0x16, 0x01, 0xff,
    0x3a, 0x0c, 0x01, 0xff, 0x7c, 0x4d, 0x01, 0xff, 0x66, 0x37, 0x01, 0xff,
    0x3d, 0x10, 0x01, 0xff, 0x44, 0x16, 0x01, 0xff, 0x44, 0x16, 0x00, 0xff,
    0x44, 0x16, 0x01, 0xff, 0x45, 0x16, 0x01, 0xff, 0x46, 0x17, 0x01, 0xff,
    0x48, 0x18, 0x01, 0xff, 0x4b, 0x19, 0x01, 0xff, 0x4a, 0x15, 0x01, 0xff,
    0x63, 0x2c, 0x01, 0xff, 0xfe, 0xd6, 0x03, 0xff, 0x99, 0x63, 0x02, 0xff,
    0x4d, 0x08, 0x00, 0xff, 0xca, 0x9d, 0x03, 0xff, 0xe1, 0xb7, 0x04, 0xff,
    0x60, 0x11, 0x00, 0xff, 0xad, 0x73, 0x02, 0xff, 0xfe, 0xdf, 0x04, 0xff,
    0x98, 0x33, 0x00, 0xff, 0xbd, 0x6b, 0x04, 0xff, 0xff, 0xff, 0x0a, 0xff,
    0xfd, 0xfb, 0x06, 0xff, 0xfe, 0xf6, 0x04, 0xff, 0xff, 0xef, 0x04, 0xff,
    0xba, 0x65, 0x00, 0xff, 0x8f, 0x31, 0x00, 0xff, 0xfd, 0xda, 0x06, 0xff,
    0xaf, 0x75, 0x02, 0xff, 0x5e, 0x11, 0x00, 0xff, 0xde, 0xb2, 0x05, 0xff,
    0xcf, 0xa3, 0x05, 0xff, 0x4a, 0x09, 0x00, 0xff, 0x90, 0x5b, 0x01, 0xff,
    0xff, 0xd4, 0x04, 0xff, 0x66, 0x30, 0x01, 0xff, 0x4a, 0x15, 0x01, 0xff,
    0x4c, 0x19, 0x01, 0xff, 0x49, 0x18, 0x01, 0xff, 0x47, 0x18, 0x01, 0xff,
    0x46, 0x17, 0x01, 0xff, 0x46, 0x17, 0x01, 0xff, 0x46, 0x17, 0x01, 0xff,
    0x45, 0x17, 0x01, 0xff, 0x3d, 0x0f, 0x01, 0xff, 0x77, 0x45, 0x01, 0xff,
    0x76, 0x42, 0x01, 0xff, 0x3d, 0x0e, 0x01, 0xff, 0x46, 0x17, 0x01, 0xff,
    0x46, 0x17, 0x01, 0xff, 0x45, 0x16, 0x01, 0xff, 0x4a, 0x18, 0x01, 0xff,
    0x41, 0x17, 0x03, 0x98, 0x00, 0x00, 0x00, 0x00, 0x00, 0x00, 0x00, 0x00,
    0x00, 0x00, 0x00, 0x00, 0x00, 0x00, 0x00, 0x00, 0x3f, 0x16, 0x05, 0x91,
    0x45, 0x17, 0x01, 0xff, 0x41, 0x15, 0x00, 0xff, 0x42, 0x16, 0x01, 0xff,
    0x42, 0x16, 0x01, 0xff, 0x41, 0x14, 0x01, 0xff, 0x8b, 0x5c, 0x01, 0xff,
    0x4d, 0x1f, 0x01, 0xff, 0x40, 0x14, 0x01, 0xff, 0x43, 0x16, 0x01, 0xff,
    0x44, 0x16, 0x01, 0xff, 0x44, 0x16, 0x01, 0xff, 0x45, 0x16, 0x01, 0xff,
    0x46, 0x17, 0x01, 0xff, 0x48, 0x18, 0x01, 0xff, 0x4b, 0x19, 0x01, 0xff,
    0x4a, 0x16, 0x01, 0xff, 0x5d, 0x26, 0x01, 0xff, 0xfa, 0xc8, 0x03, 0xff,
    0xa0, 0x68, 0x01, 0xff, 0x49, 0x07, 0x00, 0xff, 0xbf, 0x89, 0x02, 0xff,
    0xeb, 0xb9, 0x02, 0xff, 0x63, 0x17, 0x00, 0xff, 0x9e, 0x5b, 0x01, 0xff,
    0xff, 0xd9, 0x02, 0xff, 0x9f, 0x44, 0x00, 0xff, 0xa5, 0x45, 0x01, 0xff,
    0xfa, 0xdc, 0x03, 0xff, 0xff, 0xd7, 0x01, 0xff, 0xff, 0xbc, 0x00, 0xff,
    0xfa, 0xa6, 0x01, 0xff, 0x9f, 0x3e, 0x00, 0xff, 0x99, 0x45, 0x01, 0xff,
    0xff, 0xd8, 0x04, 0xff, 0xa0, 0x5d, 0x02, 0xff, 0x61, 0x18, 0x00, 0xff,
    0xe9, 0xb7, 0x03, 0xff, 0xc4, 0x8d, 0x03, 0xff, 0x49, 0x08, 0x01, 0xff,
    0x9b, 0x63, 0x02, 0xff, 0xfd, 0xc8, 0x04, 0xff, 0x5f, 0x29, 0x01, 0xff,
    0x49, 0x15, 0x01, 0xff, 0x4b, 0x19, 0x01, 0xff, 0x49, 0x18, 0x01, 0xff,
    0x47, 0x17, 0x01, 0xff, 0x46, 0x17, 0x01, 0xff, 0x46, 0x17, 0x01, 0xff,
    0x46, 0x17, 0x01, 0xff, 0x45, 0x17, 0x01, 0xff, 0x40, 0x12, 0x01, 0xff,
    0x5d, 0x2d, 0x01, 0xff, 0x8b, 0x58, 0x01, 0xff, 0x3f, 0x0f, 0x01, 0xff,
    0x45, 0x17, 0x01, 0xff, 0x44, 0x16, 0x01, 0xff, 0x44, 0x16, 0x01, 0xff,
    0x48, 0x17, 0x01, 0xff, 0x3f, 0x15, 0x03, 0x98, 0x00, 0x00, 0x00, 0x00,
    0x00, 0x00, 0x00, 0x00, 0x00, 0x00, 0x00, 0x00, 0x00, 0x00, 0x00, 0x00,
    0x3d, 0x16, 0x05, 0x92, 0x44, 0x16, 0x01, 0xff, 0x40, 0x15, 0x01, 0xff,
    0x41, 0x16, 0x01, 0xff, 0x3e, 0x12, 0x01, 0xff, 0x55, 0x26, 0x01, 0xff,
    0x8c, 0x5d, 0x01, 0xff, 0x3f, 0x11, 0x01, 0xff, 0x42, 0x16, 0x01, 0xff,
    0x42, 0x16, 0x01, 0xff, 0x43, 0x16, 0x01, 0xff, 0x43, 0x16, 0x01, 0xff,
    0x43, 0x16, 0x01, 0xff, 0x45, 0x16, 0x01, 0xff, 0x48, 0x18, 0x01, 0xff,
    0x4a, 0x18, 0x01, 0xff, 0x4b, 0x18, 0x01, 0xff, 0x50, 0x1a, 0x01, 0xff,
    0xec, 0xaf, 0x01, 0xff, 0xba, 0x7e, 0x01, 0xff, 0x47, 0x07, 0x01, 0xff,
    0x9f, 0x61, 0x01, 0xff, 0xfe, 0xc7, 0x01, 0xff, 0x77, 0x30, 0x00, 0xff,
    0x79, 0x2d, 0x01, 0xff, 0xfa, 0xc0, 0x01, 0xff, 0xd2, 0x87, 0x01, 0xff,
    0x8a, 0x23, 0x00, 0xff, 0xb5, 0x5c, 0x01, 0xff, 0xea, 0x9b, 0x00, 0xff,
    0xec, 0x8c, 0x00, 0xff, 0xb1, 0x4f, 0x00, 0xff, 0x83, 0x24, 0x00, 0xff,
    0xcd, 0x86, 0x02, 0xff, 0xfc, 0xc2, 0x01, 0xff, 0x78, 0x2d, 0x01, 0xff,
    0x72, 0x2f, 0x01, 0xff, 0xfd, 0xc6, 0x01, 0xff, 0xa3, 0x65, 0x01, 0xff,
    0x46, 0x07, 0x01, 0xff, 0xb5, 0x7b, 0x01, 0xff, 0xf0, 0xb4, 0x02, 0xff,
    0x53, 0x1c, 0x01, 0xff, 0x4b, 0x17, 0x01, 0xff, 0x49, 0x18, 0x01, 0xff,
    0x47, 0x17, 0x01, 0xff, 0x46, 0x17, 0x01, 0xff, 0x46, 0x18, 0x01, 0xff,
    0x45, 0x17, 0x01, 0xff, 0x45, 0x17, 0x01, 0xff, 0x44, 0x17, 0x01, 0xff,
    0x43, 0x16, 0x01, 0xff, 0x46, 0x17, 0x01, 0xff, 0x8e, 0x5d, 0x01, 0xff,
    0x4c, 0x1a, 0x01, 0xff, 0x42, 0x15, 0x01, 0xff, 0x43, 0x16, 0x01, 0xff,
    0x43, 0x16, 0x01, 0xff, 0x47, 0x17, 0x01, 0xff, 0x3f, 0x15, 0x03, 0x98,
    0x00, 0x00, 0x00, 0x00, 0x00, 0x00, 0x00, 0x00, 0x00, 0x00, 0x00, 0x00,
    0x00, 0x00, 0x00, 0x00, 0x3d, 0x16, 0x05, 0x92, 0x44, 0x16, 0x01, 0xff,
    0x40, 0x15, 0x01, 0xff, 0x41, 0x15, 0x01, 0xff, 0x39, 0x0e, 0x00, 0xff,
    0x70, 0x3f, 0x01, 0xff, 0x7d, 0x4c, 0x01, 0xff, 0x38, 0x0c, 0x01, 0xff,
    0x42, 0x16, 0x01, 0xff, 0x43, 0x16, 0x01, 0xff, 0x42, 0x16, 0x01, 0xff,
    0x43, 0x15, 0x01, 0xff, 0x44, 0x16, 0x01, 0xff, 0x45, 0x16, 0x01, 0xff,
    0x47, 0x17, 0x01, 0xff, 0x49, 0x17, 0x01, 0xff, 0x48, 0x15, 0x01, 0xff,
    0x41, 0x0e, 0x01, 0xff, 0xc7, 0x84, 0x01, 0xff, 0xe5, 0x9f, 0x01, 0xff,
    0x51, 0x15, 0x01, 0xff, 0x70, 0x31, 0x01, 0xff, 0xff, 0xbe, 0x01, 0xff,
    0xa9, 0x63, 0x01, 0xff, 0x5b, 0x10, 0x00, 0xff, 0xb0, 0x64, 0x01, 0xff,
    0xff, 0xc4, 0x01, 0xff, 0xb9, 0x61, 0x00, 0xff, 0x84, 0x1e, 0x00, 0xff,
    0xdf, 0xae, 0x08, 0xff, 0xd9, 0xa4, 0x05, 0xff, 0x80, 0x1d, 0x00, 0xff,
    0xb5, 0x63, 0x01, 0xff, 0xff, 0xc8, 0x01, 0xff, 0xb0, 0x64, 0x01, 0xff,
    0x58, 0x0f, 0x00, 0xff, 0xa4, 0x61, 0x01, 0xff, 0xff, 0xc0, 0x01, 0xff,
    0x74, 0x34, 0x01, 0xff, 0x4e, 0x14, 0x01, 0xff, 0xe0, 0x9d, 0x01, 0xff,
    0xcd, 0x8a, 0x01, 0xff, 0x42, 0x0e, 0x01, 0xff, 0x48, 0x15, 0x01, 0xff,
    0x48, 0x17, 0x01, 0xff, 0x46, 0x17, 0x01, 0xff, 0x45, 0x17, 0x01, 0xff,
    0x45, 0x17, 0x01, 0xff, 0x45, 0x17, 0x01, 0xff, 0x44, 0x16, 0x01, 0xff,
    0x43, 0x16, 0x01, 0xff, 0x43, 0x16, 0x01, 0xff, 0x3a, 0x0c, 0x01, 0xff,
    0x85, 0x52, 0x01, 0xff, 0x63, 0x31, 0x01, 0xff, 0x3e, 0x12, 0x01, 0xff,
    0x43, 0x16, 0x01, 0xff, 0x43, 0x15, 0x01, 0xff, 0x46, 0x16, 0x01, 0xff,
    0x3c, 0x15, 0x03, 0x98, 0x00, 0x00, 0x00, 0x00, 0x00, 0x00, 0x00, 0x00,
    0x00, 0x00, 0x00, 0x00, 0x00, 0x00, 0x00, 0x00, 0x3d, 0x16, 0x05, 0x92,
    0x44, 0x16, 0x01, 0xff, 0x40, 0x15, 0x01, 0xff, 0x40, 0x15, 0x01, 0xff,
    0x37, 0x0b, 0x01, 0xff, 0x8b, 0x58, 0x02, 0xff, 0x61, 0x32, 0x01, 0xff,
    0x3b, 0x11, 0x01, 0xff, 0x41, 0x15, 0x00, 0xff, 0x41, 0x15, 0x01, 0xff,
    0x42, 0x15, 0x01, 0xff, 0x43, 0x15, 0x01, 0xff, 0x43, 0x16, 0x01, 0xff,
    0x43, 0x15, 0x01, 0xff, 0x40, 0x10, 0x01, 0xff, 0x47, 0x16, 0x01, 0xff,
    0x64, 0x30, 0x01, 0xff, 0x6f, 0x2c, 0x01, 0xff, 0x90, 0x4d, 0x00, 0xff,
    0xff, 0xb4, 0x01, 0xff, 0x73, 0x36, 0x01, 0xff, 0x4a, 0x0e, 0x01, 0xff,
    0xc7, 0x79, 0x01, 0xff, 0xf7, 0xa5, 0x00, 0xff, 0x6f, 0x29, 0x01, 0xff,
    0x67, 0x1c, 0x01, 0xff, 0xb1, 0x61, 0x00, 0xff, 0xa1, 0x4b, 0x00, 0xff,
    0x90, 0x3b, 0x03, 0xff, 0xfd, 0xfd, 0x10, 0xff, 0xf7, 0xf2, 0x0c, 0xff,
    0x88, 0x31, 0x01, 0xff, 0xa0, 0x4e, 0x00, 0xff, 0xb0, 0x62, 0x01, 0xff,
    0x64, 0x1b, 0x00, 0xff, 0x6b, 0x28, 0x01, 0xff, 0xf5, 0xa6, 0x01, 0xff,
    0xcc, 0x7d, 0x01, 0xff, 0x4c, 0x0f, 0x00, 0xff, 0x70, 0x33, 0x01, 0xff,
    0xff, 0xb5, 0x01, 0xff, 0x92, 0x51, 0x01, 0xff, 0x6e, 0x2b, 0x01, 0xff,
    0x68, 0x32, 0x01, 0xff, 0x49, 0x18, 0x01, 0xff, 0x40, 0x10, 0x01, 0xff,
    0x43, 0x15, 0x01, 0xff, 0x44, 0x16, 0x01, 0xff, 0x43, 0x16, 0x01, 0xff,
    0x43, 0x16, 0x01, 0xff, 0x43, 0x16, 0x01, 0xff, 0x43, 0x16, 0x01, 0xff,
    0x3b, 0x0f, 0x00, 0xff, 0x6c, 0x3b, 0x01, 0xff, 0x7e, 0x4b, 0x02, 0xff,
    0x3a, 0x0c, 0x01, 0xff, 0x42, 0x15, 0x01, 0xff, 0x41, 0x15, 0x01, 0xff,
    0x44, 0x15, 0x01, 0xff, 0x3c, 0x14, 0x03, 0x98, 0x00, 0x00, 0x00, 0x00,
    0x00, 0x00, 0x00, 0x00, 0x00, 0x00, 0x00, 0x00, 0x00, 0x00, 0x00, 0x00,
    0x3d, 0x16, 0x06, 0x92, 0x44, 0x16, 0x01, 0xff, 0x40, 0x16, 0x01, 0xff,
    0x3f, 0x16, 0x01, 0xff, 0x47, 0x18, 0x00, 0xff, 0x97, 0x5f, 0x01, 0xff,
    0x48, 0x19, 0x01, 0xff, 0x3f, 0x15, 0x01, 0xff, 0x41, 0x15, 0x01, 0xff,
    0x42, 0x15, 0x01, 0xff, 0x42, 0x15, 0x01, 0xff, 0x3f, 0x13, 0x01, 0xff,
    0x3b, 0x0d, 0x01, 0xff, 0x49, 0x1a, 0x01, 0xff, 0x6c, 0x3e, 0x01, 0xff,
    0x84, 0x54, 0x01, 0xff, 0x78, 0x43, 0x01, 0xff, 0x56, 0x1d, 0x01, 0xff,
    0x54, 0x1d, 0x01, 0xff, 0xf3, 0x97, 0x01, 0xff, 0xc1, 0x6f, 0x00, 0xff,
    0x46, 0x0e, 0x01, 0xff, 0x68, 0x28, 0x01, 0xff, 0xf6, 0x9b, 0x00, 0xff,
    0xdb, 0x82, 0x00, 0xff, 0x70, 0x28, 0x01, 0xff, 0x65, 0x1c, 0x01, 0xff,
    0x6a, 0x16, 0x00, 0xff, 0xac, 0x79, 0x07, 0xff, 0xe9, 0xd3, 0x0b, 0xff,
    0xe9, 0xd6, 0x08, 0xff, 0xa4, 0x69, 0x03, 0xff, 0x69, 0x17, 0x00, 0xff,
    0x65, 0x1b, 0x00, 0xff, 0x6d, 0x28, 0x01, 0xff, 0xd7, 0x84, 0x01, 0xff,
    0xf9, 0x9f, 0x00, 0xff, 0x6d, 0x2b, 0x01, 0xff, 0x45, 0x0e, 0x00, 0xff,
    0xbc, 0x6e, 0x00, 0xff, 0xf7, 0x9d, 0x00, 0xff, 0x57, 0x20, 0x01, 0xff,
    0x53, 0x1b, 0x01, 0xff, 0x77, 0x43, 0x01, 0xff, 0x87, 0x57, 0x02, 0xff,
    0x70, 0x40, 0x01, 0xff, 0x4a, 0x1b, 0x01, 0xff, 0x3a, 0x0c, 0x01, 0xff,
    0x40, 0x13, 0x01, 0xff, 0x43, 0x16, 0x01, 0xff, 0x43, 0x16, 0x01, 0xff,
    0x43, 0x16, 0x01, 0xff, 0x40, 0x14, 0x01, 0xff, 0x56, 0x25, 0x01, 0xff,
    0x97, 0x60, 0x01, 0xff, 0x42, 0x14, 0x01, 0xff, 0x43, 0x17, 0x01, 0xff,
    0x43, 0x16, 0x01, 0xff, 0x45, 0x15, 0x01, 0xff, 0x3c, 0x14, 0x03, 0x98,
    0x00, 0x00, 0x00, 0x00, 0x00, 0x00, 0x00, 0x00, 0x00, 0x00, 0x00, 0x00,
    0x00, 0x00, 0x00, 0x00, 0x3b, 0x16, 0x07, 0x91, 0x44, 0x17, 0x01, 0xff,
    0x43, 0x18, 0x01, 0xff, 0x3f, 0x11, 0x00, 0xff, 0x66, 0x32, 0x00, 0xff,
    0x96, 0x5c, 0x00, 0xff, 0x3e, 0x10, 0x00, 0xff, 0x43, 0x17, 0x01, 0xff,
    0x44, 0x18, 0x01, 0xff, 0x3f, 0x11, 0x01, 0xff, 0x3a, 0x0c, 0x01, 0xff,
    0x4d, 0x21, 0x01, 0xff, 0x73, 0x48, 0x01, 0xff, 0x85, 0x59, 0x01, 0xff,
    0x70, 0x42, 0x01, 0xff, 0x4c, 0x1c, 0x01, 0xff, 0x40, 0x0f, 0x01, 0xff,
    0x49, 0x18, 0x01, 0xff, 0x42, 0x11, 0x01, 0xff, 0x98, 0x4d, 0x01, 0xff,
    0xff, 0x9f, 0x00, 0xff, 0x7b, 0x37, 0x00, 0xff, 0x42, 0x0c, 0x01, 0xff,
    0x7e, 0x38, 0x01, 0xff, 0xfb, 0x99, 0x00, 0xff, 0xb5, 0x5d, 0x01, 0xff,
    0x5e, 0x1b, 0x01, 0xff, 0x64, 0x15, 0x00, 0xff, 0xd3, 0xbd, 0x0a, 0xff,
    0xb8, 0x8b, 0x05, 0xff, 0xc5, 0xa1, 0x06, 0xff, 0xc7, 0xaa, 0x05, 0xff,
    0x61, 0x13, 0x00, 0xff, 0x5d, 0x1b, 0x00, 0xff, 0xb3, 0x60, 0x01, 0xff,
    0xfc, 0x9e, 0x01, 0xff, 0x82, 0x3a, 0x01, 0xff, 0x44, 0x0d, 0x01, 0xff,
    0x75, 0x35, 0x01, 0xff, 0xff, 0x9f, 0x00, 0xff, 0xa0, 0x53, 0x01, 0xff,
    0x42, 0x10, 0x01, 0xff, 0x49, 0x18, 0x01, 0xff, 0x3f, 0x0e, 0x01, 0xff,
    0x4d, 0x1e, 0x01, 0xff, 0x72, 0x44, 0x01, 0xff, 0x85, 0x59, 0x02, 0xff,
    0x73, 0x46, 0x01, 0xff, 0x4e, 0x1f, 0x00, 0xff, 0x3a, 0x0b, 0x01, 0xff,
    0x3e, 0x12, 0x01, 0xff, 0x43, 0x17, 0x01, 0xff, 0x46, 0x18, 0x01, 0xff,
    0x46, 0x17, 0x01, 0xff, 0x9d, 0x63, 0x00, 0xff, 0x58, 0x23, 0x00, 0xff,
    0x42, 0x15, 0x00, 0xff, 0x45, 0x18, 0x01, 0xff, 0x46, 0x17, 0x01, 0xff,
    0x3c, 0x15, 0x03, 0x98, 0x00, 0x00, 0x00, 0x00, 0x00, 0x00, 0x00, 0x00,
    0x00, 0x00, 0x00, 0x00, 0x00, 0x00, 0x00, 0x00, 0x3d, 0x16, 0x06, 0x92,
    0x47, 0x19, 0x01, 0xff, 0x49, 0x19, 0x00, 0xff, 0x67, 0x37, 0x08, 0xff,
    0xaf, 0x89, 0x15, 0xff, 0xa5, 0x7f, 0x10, 0xff, 0x51, 0x1e, 0x02, 0xff,
    0x45, 0x16, 0x00, 0xff, 0x3e, 0x0f, 0x00, 0xff, 0x57, 0x2a, 0x01, 0xff,
    0x7c, 0x50, 0x01, 0xff, 0x81, 0x57, 0x01, 0xff, 0x69, 0x3c, 0x01, 0xff,
    0x45, 0x16, 0x00, 0xff, 0x3b, 0x0c, 0x01, 0xff, 0x43, 0x15, 0x01, 0xff,
    0x47, 0x17, 0x01, 0xff, 0x49, 0x17, 0x01, 0xff, 0x4b, 0x18, 0x01, 0xff,
    0x4a, 0x17, 0x01, 0xff, 0xd7, 0x71, 0x00, 0xff, 0xf1, 0x83, 0x00, 0xff,
    0x62, 0x25, 0x01, 0xff, 0x47, 0x11, 0x01, 0xff, 0x6c, 0x2a, 0x01, 0xff,
    0x6e, 0x2a, 0x01, 0xff, 0x5c, 0x1c, 0x00, 0xff, 0x69, 0x28, 0x01, 0xff,
    0xef, 0xe9, 0x0a, 0xff, 0x85, 0x46, 0x01, 0xff, 0x94, 0x5f, 0x02, 0xff,
    0xe8, 0xe0, 0x08, 0xff, 0x63, 0x1e, 0x01, 0xff, 0x5d, 0x1e, 0x01, 0xff,
    0x6c, 0x2b, 0x01, 0xff, 0x6b, 0x29, 0x00, 0xff, 0x47, 0x11, 0x01, 0xff,
    0x5f, 0x24, 0x01, 0xff, 0xee, 0x84, 0x00, 0xff, 0xdd, 0x77, 0x00, 0xff,
    0x4c, 0x17, 0x01, 0xff, 0x4a, 0x17, 0x01, 0xff, 0x4a, 0x18, 0x01, 0xff,
    0x47, 0x17, 0x01, 0xff, 0x43, 0x15, 0x01, 0xff, 0x3b, 0x0d, 0x01, 0xff,
    0x46, 0x18, 0x01, 0xff, 0x68, 0x3b, 0x01, 0xff, 0x86, 0x59, 0x02, 0xff,
    0x7a, 0x4b, 0x01, 0xff, 0x57, 0x27, 0x01, 0xff, 0x40, 0x10, 0x01, 0xff,
    0x47, 0x18, 0x01, 0xff, 0x50, 0x1c, 0x01, 0xff, 0xab, 0x82, 0x0f, 0xff,
    0xa7, 0x7f, 0x12, 0xff, 0x62, 0x31, 0x05, 0xff, 0x4a, 0x19, 0x00, 0xff,
    0x49, 0x1a, 0x01, 0xff, 0x3f, 0x15, 0x03, 0x98, 0x00, 0x00, 0x00, 0x00,
    0x00, 0x00, 0x00, 0x00, 0x00, 0x00, 0x00, 0x00, 0x00, 0x00, 0x00, 0x00,
    0x42, 0x18, 0x05, 0x92, 0x4f, 0x1a, 0x00, 0xff, 0x84, 0x5b, 0x06, 0xff,
    0xe8, 0xe6, 0x1e, 0xff, 0xfa, 0xff, 0x29, 0xff, 0xf6, 0xfa, 0x22, 0xff,
    0xc1, 0xaf, 0x11, 0xff, 0x69, 0x38, 0x01, 0xff, 0x7e, 0x54, 0x01, 0xff,
    0x83, 0x58, 0x01, 0xff, 0x61, 0x33, 0x01, 0xff, 0x40, 0x13, 0x01, 0xff,
    0x3c, 0x0e, 0x01, 0xff, 0x42, 0x15, 0x01, 0xff, 0x43, 0x16, 0x01, 0xff,
    0x44, 0x16, 0x01, 0xff, 0x46, 0x17, 0x01, 0xff, 0x48, 0x17, 0x01, 0xff,
    0x4b, 0x19, 0x01, 0xff, 0x46, 0x14, 0x01, 0xff, 0x5a, 0x21, 0x01, 0xff,
    0xed, 0x7d, 0x00, 0xff, 0xee, 0x7d, 0x00, 0xff, 0x6a, 0x29, 0x01, 0xff,
    0x4a, 0x15, 0x01, 0xff, 0x53, 0x1a, 0x01, 0xff, 0x52, 0x11, 0x00, 0xff,
    0x86, 0x58, 0x03, 0xff, 0xf7, 0xf4, 0x09, 0xff, 0xb2, 0x92, 0x04, 0xff,
    0xbd, 0xa0, 0x04, 0xff, 0xfa, 0xf9, 0x07, 0xff, 0x77, 0x43, 0x01, 0xff,
    0x53, 0x15, 0x01, 0xff, 0x52, 0x1a, 0x01, 0xff, 0x49, 0x14, 0x00, 0xff,
    0x68, 0x29, 0x01, 0xff, 0xec, 0x7e, 0x01, 0xff, 0xf0, 0x82, 0x01, 0xff,
    0x5f, 0x24, 0x01, 0xff, 0x46, 0x14, 0x01, 0xff, 0x4b, 0x19, 0x01, 0xff,
    0x48, 0x18, 0x01, 0xff, 0x46, 0x17, 0x01, 0xff, 0x44, 0x16, 0x01, 0xff,
    0x44, 0x16, 0x01, 0xff, 0x41, 0x14, 0x01, 0xff, 0x3c, 0x0e, 0x01, 0xff,
    0x3f, 0x12, 0x01, 0xff, 0x62, 0x34, 0x01, 0xff, 0x85, 0x57, 0x01, 0xff,
    0x85, 0x58, 0x01, 0xff, 0x6b, 0x38, 0x01, 0xff, 0xb9, 0xa3, 0x18, 0xff,
    0xf5, 0xf7, 0x27, 0xff, 0xfb, 0xff, 0x28, 0xff, 0xe2, 0xde, 0x1a, 0xff,
    0x79, 0x4d, 0x05, 0xff, 0x4d, 0x18, 0x00, 0xff, 0x41, 0x19, 0x03, 0x98,
    0x00, 0x00, 0x00, 0x00, 0x00, 0x00, 0x00, 0x00, 0x00, 0x00, 0x00, 0x00,
    0x00, 0x00, 0x00, 0x00, 0x45, 0x1a, 0x05, 0x93, 0x62, 0x2b, 0x00, 0xff,
    0xd4, 0xc1, 0x03, 0xff, 0xff, 0xff, 0x0d, 0xff, 0xfb, 0xff, 0x2f, 0xff,
    0xfb, 0xfc, 0x13, 0xff, 0xff, 0xf5, 0x03, 0xff, 0xb8, 0x95, 0x03, 0xff,
    0x59, 0x29, 0x00, 0xff, 0x3d, 0x0f, 0x01, 0xff, 0x3d, 0x11, 0x01, 0xff,
    0x41, 0x15, 0x00, 0xff, 0x42, 0x16, 0x01, 0xff, 0x42, 0x15, 0x01, 0xff,
    0x43, 0x15, 0x01, 0xff, 0x43, 0x15, 0x01, 0xff, 0x44, 0x16, 0x01, 0xff,
    0x45, 0x16, 0x01, 0xff, 0x47, 0x17, 0x01, 0xff, 0x4a, 0x19, 0x01, 0xff,
    0x42, 0x13, 0x01, 0xff, 0x61, 0x25, 0x01, 0xff, 0xd3, 0x6a, 0x01, 0xff,
    0x81, 0x38, 0x01, 0xff, 0x47, 0x15, 0x01, 0xff, 0x51, 0x1b, 0x01, 0xff,
    0x47, 0x0a, 0x00, 0xff, 0xb5, 0x9c, 0x03, 0xff, 0xef, 0xe4, 0x05, 0xff,
    0x6a, 0x32, 0x01, 0xff, 0x58, 0x19, 0x00, 0xff, 0xdc, 0xcf, 0x03, 0xff,
    0xa7, 0x87, 0x02, 0xff, 0x47, 0x0a, 0x00, 0xff, 0x51, 0x1b, 0x01, 0xff,
    0x47, 0x15, 0x01, 0xff, 0x80, 0x39, 0x01, 0xff, 0xd3, 0x6e, 0x01, 0xff,
    0x64, 0x26, 0x01, 0xff, 0x42, 0x12, 0x01, 0xff, 0x4a, 0x19, 0x01, 0xff,
    0x48, 0x18, 0x01, 0xff, 0x47, 0x17, 0x01, 0xff, 0x44, 0x16, 0x01, 0xff,
    0x43, 0x16, 0x01, 0xff, 0x43, 0x16, 0x01, 0xff, 0x43, 0x15, 0x01, 0xff,
    0x43, 0x15, 0x01, 0xff, 0x42, 0x15, 0x01, 0xff, 0x3c, 0x11, 0x01, 0xff,
    0x3e, 0x0f, 0x01, 0xff, 0x5c, 0x2b, 0x00, 0xff, 0xab, 0x84, 0x03, 0xff,
    0xfe, 0xf9, 0x08, 0xff, 0xfb, 0xff, 0x1d, 0xff, 0xfd, 0xff, 0x28, 0xff,
    0xff, 0xfd, 0x06, 0xff, 0xca, 0xb0, 0x05, 0xff, 0x59, 0x21, 0x00, 0xff,
    0x43, 0x19, 0x03, 0x98, 0x00, 0x00, 0x00, 0x00, 0x00, 0x00, 0x00, 0x00,
    0x00, 0x00, 0x00, 0x00, 0x00, 0x00, 0x00, 0x00, 0x45, 0x1a, 0x06, 0x93,
    0x6e, 0x38, 0x01, 0xff, 0xdf, 0xc2, 0x01, 0xff, 0xf5, 0xd2, 0x01, 0xff,
    0xff, 0xe7, 0x00, 0xff, 0xfc, 0xc9, 0x00, 0xff, 0xf5, 0xc5, 0x01, 0xff,
    0xab, 0x86, 0x02, 0xff, 0x44, 0x13, 0x01, 0xff, 0x40, 0x15, 0x01, 0xff,
    0x42, 0x16, 0x01, 0xff, 0x42, 0x15, 0x01, 0xff, 0x42, 0x15, 0x01, 0xff,
    0x42, 0x15, 0x01, 0xff, 0x42, 0x15, 0x01, 0xff, 0x42, 0x15, 0x01, 0xff,
    0x42, 0x15, 0x01, 0xff, 0x43, 0x15, 0x01, 0xff, 0x44, 0x16, 0x01, 0xff,
    0x46, 0x16, 0x01, 0xff, 0x49, 0x18, 0x01, 0xff, 0x44, 0x14, 0x01, 0xff,
    0x43, 0x13, 0x01, 0xff, 0x49, 0x17, 0x01, 0xff, 0x4b, 0x19, 0x01, 0xff,
    0x50, 0x1a, 0x01, 0xff, 0x4f, 0x19, 0x01, 0xff, 0xdf, 0xcf, 0x02, 0xff,
    0xbd, 0xa3, 0x02, 0xff, 0xab, 0x8a, 0x02, 0xff, 0x78, 0x48, 0x01, 0xff,
    0xda, 0xc4, 0x01, 0xff, 0xcf, 0xba, 0x01, 0xff, 0x4a, 0x10, 0x01, 0xff,
    0x51, 0x1b, 0x01, 0xff, 0x4c, 0x19, 0x01, 0xff, 0x4a, 0x18, 0x01, 0xff,
    0x45, 0x14, 0x01, 0xff, 0x44, 0x14, 0x01, 0xff, 0x49, 0x18, 0x01, 0xff,
    0x47, 0x17, 0x01, 0xff, 0x45, 0x16, 0x01, 0xff, 0x45, 0x16, 0x01, 0xff,
    0x43, 0x16, 0x01, 0xff, 0x42, 0x16, 0x01, 0xff, 0x42, 0x16, 0x01, 0xff,
    0x42, 0x15, 0x01, 0xff, 0x42, 0x15, 0x01, 0xff, 0x42, 0x15, 0x01, 0xff,
    0x42, 0x16, 0x01, 0xff, 0x43, 0x16, 0x01, 0xff, 0x41, 0x0e, 0x01, 0xff,
    0x9e, 0x7c, 0x01, 0xff, 0xf7, 0xd7, 0x01, 0xff, 0xfb, 0xdf, 0x00, 0xff,
    0xff, 0xdd, 0x00, 0xff, 0xf5, 0xbc, 0x00, 0xff, 0xdb, 0xb4, 0x04, 0xff,
    0x64, 0x2d, 0x01, 0xff, 0x41, 0x17, 0x03, 0x98, 0x00, 0x00, 0x00, 0x00,
    0x00, 0x00, 0x00, 0x00, 0x00, 0x00, 0x00, 0x00, 0x00, 0x00, 0x00, 0x00,
    0x42, 0x1a, 0x05, 0x92, 0x5e, 0x22, 0x01, 0xff, 0xc5, 0x96, 0x02, 0xff,
    0xf7, 0xbc, 0x02, 0xff, 0xf2, 0x96, 0x00, 0xff, 0xf1, 0x93, 0x01, 0xff,
    0xf7, 0xbf, 0x04, 0xff, 0x92, 0x5e, 0x01, 0xff, 0x3f, 0x11, 0x01, 0xff,
    0x40, 0x16, 0x01, 0xff, 0x40, 0x15, 0x01, 0xff, 0x41, 0x15, 0x01, 0xff,
    0x41, 0x15, 0x01, 0xff, 0x41, 0x15, 0x01, 0xff, 0x42, 0x15, 0x01, 0xff,
    0x42, 0x15, 0x01, 0xff, 0x41, 0x15, 0x01, 0xff, 0x42, 0x15, 0x01, 0xff,
    0x43, 0x15, 0x01, 0xff, 0x44, 0x16, 0x01, 0xff, 0x45, 0x16, 0x01, 0xff,
    0x46, 0x17, 0x01, 0xff, 0x46, 0x16, 0x01, 0xff, 0x43, 0x14, 0x01, 0xff,
    0x52, 0x1b, 0x01, 0xff, 0x4e, 0x14, 0x00, 0xff, 0x6b, 0x40, 0x01, 0xff,
    0xf8, 0xe6, 0x02, 0xff, 0x50, 0x1a, 0x01, 0xff, 0x83, 0x59, 0x01, 0xff,
    0xf0, 0xd9, 0x02, 0xff, 0xda, 0xb5, 0x01, 0xff, 0xee, 0xdb, 0x02, 0xff,
    0x5a, 0x2a, 0x01, 0xff, 0x56, 0x1b, 0x01, 0xff, 0x52, 0x1c, 0x01, 0xff,
    0x45, 0x16, 0x01, 0xff, 0x48, 0x17, 0x01, 0xff, 0x47, 0x17, 0x01, 0xff,
    0x46, 0x17, 0x01, 0xff, 0x45, 0x16, 0x01, 0xff, 0x44, 0x16, 0x01, 0xff,
    0x43, 0x15, 0x01, 0xff, 0x42, 0x15, 0x01, 0xff, 0x42, 0x16, 0x02, 0xff,
    0x42, 0x15, 0x02, 0xff, 0x42, 0x15, 0x02, 0xff, 0x43, 0x16, 0x01, 0xff,
    0x42, 0x15, 0x01, 0xff, 0x41, 0x15, 0x01, 0xff, 0x43, 0x16, 0x01, 0xff,
    0x42, 0x13, 0x01, 0xff, 0x7e, 0x4f, 0x01, 0xff, 0xf3, 0xc9, 0x04, 0xff,
    0xf1, 0xa1, 0x01, 0xff, 0xf4, 0x92, 0x00, 0xff, 0xf7, 0xae, 0x04, 0xff,
    0xbd, 0x81, 0x04, 0xff, 0x58, 0x1e, 0x00, 0xff, 0x3f, 0x17, 0x03, 0x98,
    0x00, 0x00, 0x00, 0x00, 0x00, 0x00, 0x00, 0x00, 0x00, 0x00, 0x00, 0x00,
    0x00, 0x00, 0x00, 0x00, 0x3e, 0x18, 0x05, 0x92, 0x4e, 0x1b, 0x01, 0xff,
    0x73, 0x32, 0x01, 0xff, 0xc7, 0x88, 0x03, 0xff, 0xe0, 0x9f, 0x04, 0xff,
    0xda, 0x97, 0x04, 0xff, 0xab, 0x69, 0x02, 0xff, 0x97, 0x67, 0x01, 0xff,
    0x58, 0x28, 0x01, 0xff, 0x36, 0x0a, 0x01, 0xff, 0x40, 0x15, 0x01, 0xff,
    0x3f, 0x14, 0x01, 0xff, 0x3f, 0x14, 0x01, 0xff, 0x40, 0x15, 0x01, 0xff,
    0x40, 0x15, 0x01, 0xff, 0x41, 0x15, 0x01, 0xff, 0x41, 0x15, 0x01, 0xff,
    0x41, 0x14, 0x01, 0xff, 0x42, 0x15, 0x01, 0xff, 0x43, 0x15, 0x01, 0xff,
    0x43, 0x16, 0x01, 0xff, 0x45, 0x16, 0x01, 0xff, 0x3f, 0x13, 0x01, 0xff,
    0x4e, 0x1b, 0x01, 0xff, 0x5d, 0x22, 0x01, 0xff, 0x3a, 0x06, 0x00, 0xff,
    0x9e, 0x7a, 0x00, 0xff, 0xd8, 0xbc, 0x02, 0xff, 0x82, 0x59, 0x01, 0xff,
    0xab, 0x8a, 0x01, 0xff, 0x4a, 0x19, 0x01, 0xff, 0x78, 0x45, 0x01, 0xff,
    0xf8, 0xe2, 0x01, 0xff, 0x81, 0x5a, 0x01, 0xff, 0x40, 0x0b, 0x01, 0xff,
    0x65, 0x27, 0x01, 0xff, 0x4a, 0x19, 0x01, 0xff, 0x41, 0x14, 0x01, 0xff,
    0x44, 0x16, 0x01, 0xff, 0x44, 0x16, 0x01, 0xff, 0x43, 0x16, 0x01, 0xff,
    0x43, 0x16, 0x01, 0xff, 0x42, 0x15, 0x01, 0xff, 0x41, 0x15, 0x02, 0xff,
    0x41, 0x15, 0x02, 0xff, 0x41, 0x15, 0x02, 0xff, 0x41, 0x15, 0x01, 0xff,
    0x41, 0x15, 0x01, 0xff, 0x41, 0x15, 0x01, 0xff, 0x41, 0x15, 0x01, 0xff,
    0x3d, 0x11, 0x01, 0xff, 0x48, 0x19, 0x01, 0xff, 0x8f, 0x60, 0x01, 0xff,
    0xb1, 0x75, 0x02, 0xff, 0xdc, 0x9b, 0x05, 0xff, 0xe0, 0x9f, 0x05, 0xff,
    0xc3, 0x7d, 0x03, 0xff, 0x6e, 0x2a, 0x00, 0xff, 0x4c, 0x1a, 0x00, 0xff,
    0x3e, 0x15, 0x03, 0x98, 0x00, 0x00, 0x00, 0x00, 0x00, 0x00, 0x00, 0x00,
    0x00, 0x00, 0x00, 0x00, 0x00, 0x00, 0x00, 0x00, 0x3b, 0x16, 0x05, 0x91,
    0x45, 0x17, 0x01, 0xff, 0x45, 0x17, 0x01, 0xff, 0x58, 0x1b, 0x01, 0xff,
    0x70, 0x2d, 0x01, 0xff, 0x68, 0x27, 0x01, 0xff, 0x47, 0x13, 0x00, 0xff,
    0x5a, 0x2b, 0x01, 0xff, 0x95, 0x67, 0x01, 0xff, 0x5b, 0x2b, 0x01, 0xff,
    0x34, 0x08, 0x01, 0xff, 0x3f, 0x15, 0x01, 0xff, 0x3f, 0x14, 0x01, 0xff,
    0x40, 0x14, 0x01, 0xff, 0x40, 0x14, 0x01, 0xff, 0x40, 0x15, 0x01, 0xff,
    0x41, 0x15, 0x01, 0xff, 0x40, 0x15, 0x01, 0xff, 0x41, 0x15, 0x01, 0xff,
    0x42, 0x15, 0x01, 0xff, 0x43, 0x16, 0x01, 0xff, 0x3c, 0x11, 0x01, 0xff,
    0x4d, 0x1b, 0x01, 0xff, 0x6a, 0x2c, 0x01, 0xff, 0x47, 0x17, 0x01, 0xff,
    0x3a, 0x0c, 0x00, 0xff, 0xca, 0xa9, 0x00, 0xff, 0xfa, 0xdc, 0x01, 0xff,
    0xb7, 0x93, 0x01, 0xff, 0x64, 0x37, 0x00, 0xff, 0x64, 0x37, 0x00, 0xff,
    0x5d, 0x31, 0x01, 0xff, 0xe1, 0xbb, 0x01, 0xff, 0xb8, 0x93, 0x01, 0xff,
    0x36, 0x06, 0x01, 0xff, 0x4d, 0x1b, 0x01, 0xff, 0x71, 0x2f, 0x00, 0xff,
    0x45, 0x15, 0x01, 0xff, 0x3f, 0x13, 0x01, 0xff, 0x43, 0x15, 0x01, 0xff,
    0x42, 0x15, 0x01, 0xff, 0x42, 0x15, 0x01, 0xff, 0x41, 0x15, 0x02, 0xff,
    0x40, 0x15, 0x02, 0xff, 0x41, 0x15, 0x02, 0xff, 0x41, 0x15, 0x02, 0xff,
    0x41, 0x15, 0x01, 0xff, 0x41, 0x15, 0x01, 0xff, 0x41, 0x15, 0x01, 0xff,
    0x38, 0x0d, 0x00, 0xff, 0x48, 0x1b, 0x01, 0xff, 0x8d, 0x60, 0x01, 0xff,
    0x65, 0x37, 0x01, 0xff, 0x4b, 0x15, 0x00, 0xff, 0x69, 0x28, 0x00, 0xff,
    0x6e, 0x2c, 0x00, 0xff, 0x58, 0x1b, 0x00, 0xff, 0x47, 0x18, 0x01, 0xff,
    0x46, 0x17, 0x00, 0xff, 0x3c, 0x14, 0x03, 0x98, 0x00, 0x00, 0x00, 0x00,
    0x00, 0x00, 0x00, 0x00, 0x00, 0x00, 0x00, 0x00, 0x00, 0x00, 0x00, 0x00,
    0x39, 0x14, 0x06, 0x92, 0x42, 0x14, 0x01, 0xff, 0x3e, 0x14, 0x01, 0xff,
    0x3e, 0x14, 0x01, 0xff, 0x40, 0x15, 0x01, 0xff, 0x40, 0x16, 0x01, 0xff,
    0x41, 0x16, 0x01, 0xff, 0x38, 0x0d, 0x01, 0xff, 0x4c, 0x1f, 0x01, 0xff,
    0x94, 0x66, 0x01, 0xff, 0x62, 0x33, 0x01, 0xff, 0x33, 0x08, 0x01, 0xff,
    0x3d, 0x14, 0x01, 0xff, 0x3f, 0x14, 0x02, 0xff, 0x40, 0x15, 0x02, 0xff,
    0x3f, 0x14, 0x02, 0xff, 0x3f, 0x14, 0x01, 0xff, 0x40, 0x14, 0x01, 0xff,
    0x41, 0x15, 0x01, 0xff, 0x41, 0x15, 0x01, 0xff, 0x3c, 0x11, 0x01, 0xff,
    0x45, 0x18, 0x00, 0xff, 0x78, 0x3b, 0x01, 0xff, 0x50, 0x1c, 0x01, 0xff,
    0x39, 0x0c, 0x00, 0xff, 0x55, 0x2a, 0x01, 0xff, 0xf2, 0xca, 0x01, 0xff,
    0xbf, 0x94, 0x01, 0xff, 0xda, 0xaf, 0x01, 0xff, 0xb1, 0x8b, 0x01, 0xff,
    0x8c, 0x66, 0x00, 0xff, 0x92, 0x6a, 0x01, 0xff, 0xc0, 0x92, 0x01, 0xff,
    0xe7, 0xbe, 0x01, 0xff, 0x47, 0x19, 0x01, 0xff, 0x3b, 0x10, 0x01, 0xff,
    0x5b, 0x24, 0x01, 0xff, 0x79, 0x3c, 0x01, 0xff, 0x40, 0x13, 0x01, 0xff,
    0x3f, 0x14, 0x01, 0xff, 0x41, 0x15, 0x01, 0xff, 0x41, 0x15, 0x02, 0xff,
    0x40, 0x15, 0x02, 0xff, 0x40, 0x15, 0x02, 0xff, 0x41, 0x15, 0x02, 0xff,
    0x40, 0x15, 0x01, 0xff, 0x41, 0x14, 0x01, 0xff, 0x42, 0x15, 0x01, 0xff,
    0x38, 0x0c, 0x01, 0xff, 0x4d, 0x20, 0x01, 0xff, 0x8c, 0x62, 0x02, 0xff,
    0x5c, 0x2f, 0x01, 0xff, 0x39, 0x0c, 0x01, 0xff, 0x41, 0x16, 0x01, 0xff,
    0x42, 0x16, 0x01, 0xff, 0x41, 0x15, 0x01, 0xff, 0x41, 0x15, 0x01, 0xff,
    0x41, 0x15, 0x01, 0xff, 0x44, 0x15, 0x00, 0xff, 0x3a, 0x14, 0x03, 0x98,
    0x00, 0x00, 0x00, 0x00, 0x00, 0x00, 0x00, 0x00, 0x00, 0x00, 0x00, 0x00,
    0x00, 0x00, 0x00, 0x00, 0x39, 0x14, 0x06, 0x92, 0x41, 0x14, 0x01, 0xff,
    0x3d, 0x14, 0x01, 0xff, 0x3d, 0x13, 0x01, 0xff, 0x3d, 0x13, 0x01, 0xff,
    0x3e, 0x14, 0x01, 0xff, 0x3e, 0x14, 0x01, 0xff, 0x3e, 0x14, 0x01, 0xff,
    0x36, 0x0c, 0x01, 0xff, 0x48, 0x1a, 0x01, 0xff, 0x92, 0x65, 0x01, 0xff,
    0x68, 0x3a, 0x01, 0xff, 0x35, 0x09, 0x01, 0xff, 0x3d, 0x13, 0x01, 0xff,
    0x3f, 0x14, 0x02, 0xff, 0x3f, 0x14, 0x01, 0xff, 0x40, 0x14, 0x01, 0xff,
    0x40, 0x14, 0x01, 0xff, 0x41, 0x15, 0x01, 0xff, 0x3e, 0x13, 0x01, 0xff,
    0x40, 0x15, 0x01, 0xff, 0x7f, 0x4b, 0x01, 0xff, 0x5d, 0x29, 0x01, 0xff,
    0x3a, 0x0f, 0x01, 0xff, 0x37, 0x08, 0x00, 0xff, 0x86, 0x5a, 0x00, 0xff,
    0xfa, 0xcb, 0x01, 0xff, 0x44, 0x1a, 0x01, 0xff, 0x55, 0x29, 0x00, 0xff,
    0xae, 0x81, 0x01, 0xff, 0x71, 0x42, 0x00, 0xff, 0x20, 0x00, 0x00, 0xff,
    0x5e, 0x34, 0x00, 0xff, 0xff, 0xcf, 0x01, 0xff, 0x6a, 0x3e, 0x01, 0xff,
    0x3a, 0x0c, 0x01, 0xff, 0x3a, 0x10, 0x01, 0xff, 0x6f, 0x38, 0x01, 0xff,
    0x77, 0x44, 0x01, 0xff, 0x3b, 0x0e, 0x01, 0xff, 0x40, 0x15, 0x01, 0xff,
    0x41, 0x15, 0x01, 0xff, 0x42, 0x16, 0x01, 0xff, 0x41, 0x15, 0x01, 0xff,
    0x40, 0x15, 0x01, 0xff, 0x40, 0x15, 0x01, 0xff, 0x41, 0x16, 0x02, 0xff,
    0x39, 0x0d, 0x01, 0xff, 0x51, 0x24, 0x01, 0xff, 0x8d, 0x61, 0x01, 0xff,
    0x58, 0x2a, 0x01, 0xff, 0x36, 0x0a, 0x01, 0xff, 0x41, 0x15, 0x01, 0xff,
    0x40, 0x14, 0x01, 0xff, 0x3f, 0x14, 0x01, 0xff, 0x40, 0x14, 0x01, 0xff,
    0x3f, 0x14, 0x01, 0xff, 0x3f, 0x14, 0x01, 0xff, 0x42, 0x15, 0x01, 0xff,
    0x3a, 0x14, 0x03, 0x98, 0x00, 0x00, 0x00, 0x00, 0x00, 0x00, 0x00, 0x00,
    0x00, 0x00, 0x00, 0x00, 0x00, 0x00, 0x00, 0x00, 0x39, 0x14, 0x06, 0x92,
    0x40, 0x14, 0x01, 0xff, 0x3c, 0x13, 0x01, 0xff, 0x3d, 0x14, 0x01, 0xff,
    0x3d, 0x13, 0x01, 0xff, 0x3c, 0x13, 0x01, 0xff, 0x3c, 0x13, 0x01, 0xff,
    0x3d, 0x13, 0x01, 0xff, 0x3e, 0x14, 0x01, 0xff, 0x37, 0x0d, 0x01, 0xff,
    0x46, 0x17, 0x00, 0xff, 0x94, 0x66, 0x01, 0xff, 0x6f, 0x41, 0x01, 0xff,
    0x39, 0x0d, 0x01, 0xff, 0x3d, 0x13, 0x01, 0xff, 0x40, 0x15, 0x01, 0xff,
    0x40, 0x15, 0x01, 0xff, 0x40, 0x15, 0x00, 0xff, 0x3e, 0x14, 0x01, 0xff,
    0x3d, 0x11, 0x01, 0xff, 0x79, 0x4a, 0x01, 0xff, 0x71, 0x3f, 0x01, 0xff,
    0x38, 0x0c, 0x01, 0xff, 0x44, 0x16, 0x01, 0xff, 0x37, 0x0c, 0x01, 0xff,
    0xc3, 0x90, 0x00, 0xff, 0xd0, 0x9d, 0x01, 0xff, 0x2f, 0x07, 0x01, 0xff,
    0x2c, 0x01, 0x00, 0xff, 0x38, 0x0f, 0x00, 0xff, 0x9f, 0x70, 0x01, 0xff,
    0x96, 0x64, 0x00, 0xff, 0x40, 0x1a, 0x00, 0xff, 0xe7, 0xb0, 0x01, 0xff,
    0xa3, 0x70, 0x00, 0xff, 0x36, 0x09, 0x01, 0xff, 0x43, 0x16, 0x01, 0xff,
    0x3b, 0x10, 0x01, 0xff, 0x83, 0x4f, 0x01, 0xff, 0x72, 0x42, 0x01, 0xff,
    0x3a, 0x0d, 0x01, 0xff, 0x42, 0x17, 0x01, 0xff, 0x42, 0x16, 0x01, 0xff,
    0x42, 0x16, 0x01, 0xff, 0x42, 0x16, 0x01, 0xff, 0x42, 0x16, 0x01, 0xff,
    0x3b, 0x0e, 0x01, 0xff, 0x55, 0x28, 0x01, 0xff, 0x8d, 0x62, 0x01, 0xff,
    0x54, 0x26, 0x01, 0xff, 0x37, 0x0a, 0x01, 0xff, 0x40, 0x15, 0x01, 0xff,
    0x3f, 0x14, 0x01, 0xff, 0x3f, 0x14, 0x01, 0xff, 0x3e, 0x14, 0x01, 0xff,
    0x3e, 0x14, 0x01, 0xff, 0x3e, 0x13, 0x01, 0xff, 0x3d, 0x13, 0x01, 0xff,
    0x41, 0x14, 0x01, 0xff, 0x39, 0x14, 0x03, 0x98, 0x00, 0x00, 0x00, 0x00,
    0x00, 0x00, 0x00, 0x00, 0x00, 0x00, 0x00, 0x00, 0x00, 0x00, 0x00, 0x00,
    0x37, 0x14, 0x06, 0x92, 0x3f, 0x14, 0x01, 0xff, 0x3b, 0x13, 0x01, 0xff,
    0x3a, 0x13, 0x01, 0xff, 0x3b, 0x13, 0x01, 0xff, 0x3b, 0x13, 0x01, 0xff,
    0x3b, 0x12, 0x01, 0xff, 0x3c, 0x13, 0x01, 0xff, 0x3c, 0x13, 0x01, 0xff,
    0x3e, 0x14, 0x01, 0xff, 0x38, 0x0f, 0x01, 0xff, 0x42, 0x13, 0x01, 0xff,
    0x91, 0x64, 0x01, 0xff, 0x81, 0x4e, 0x01, 0xff, 0x3d, 0x10, 0x01, 0xff,
    0x40, 0x15, 0x01, 0xff, 0x42, 0x17, 0x00, 0xff, 0x42, 0x17, 0x00, 0xff,
    0x3e, 0x11, 0x00, 0xff, 0x72, 0x42, 0x01, 0xff, 0x84, 0x52, 0x00, 0xff,
    0x3b, 0x0d, 0x01, 0xff, 0x43, 0x16, 0x01, 0xff, 0x3d, 0x12, 0x01, 0xff,
    0x49, 0x20, 0x01, 0xff, 0xf0, 0xb1, 0x00, 0xff, 0xb9, 0x7d, 0x01, 0xff,
    0x67, 0x33, 0x01, 0xff, 0x76, 0x40, 0x01, 0xff, 0x72, 0x3b, 0x00, 0xff,
    0x67, 0x32, 0x00, 0xff, 0xb7, 0x73, 0x00, 0xff, 0xc4, 0x72, 0x00, 0xff,
    0xd5, 0x94, 0x00, 0xff, 0xd8, 0x9a, 0x00, 0xff, 0x40, 0x14, 0x01, 0xff,
    0x42, 0x15, 0x01, 0xff, 0x41, 0x15, 0x01, 0xff, 0x44, 0x15, 0x01, 0xff,
    0x96, 0x64, 0x02, 0xff, 0x64, 0x34, 0x01, 0xff, 0x3e, 0x10, 0x01, 0xff,
    0x46, 0x19, 0x01, 0xff, 0x46, 0x18, 0x00, 0xff, 0x46, 0x18, 0x01, 0xff,
    0x3e, 0x11, 0x01, 0xff, 0x61, 0x30, 0x01, 0xff, 0x93, 0x66, 0x01, 0xff,
    0x4e, 0x1f, 0x01, 0xff, 0x38, 0x0c, 0x01, 0xff, 0x41, 0x16, 0x01, 0xff,
    0x40, 0x15, 0x01, 0xff, 0x3f, 0x14, 0x01, 0xff, 0x3e, 0x14, 0x01, 0xff,
    0x3e, 0x14, 0x01, 0xff, 0x3d, 0x13, 0x01, 0xff, 0x3c, 0x13, 0x01, 0xff,
    0x3d, 0x13, 0x01, 0xff, 0x40, 0x14, 0x01, 0xff, 0x39, 0x14, 0x03, 0x98,
    0x00, 0x00, 0x00, 0x00, 0x00, 0x00, 0x00, 0x00, 0x00, 0x00, 0x00, 0x00,
    0x00, 0x00, 0x00, 0x00, 0x38, 0x15, 0x07, 0x91, 0x3e, 0x13, 0x01, 0xff,
    0x3a, 0x12, 0x01, 0xff, 0x3b, 0x13, 0x01, 0xff, 0x3a, 0x13, 0x01, 0xff,
    0x3b, 0x12, 0x01, 0xff, 0x3b, 0x13, 0x01, 0xff, 0x3c, 0x13, 0x01, 0xff,
    0x3c, 0x13, 0x01, 0xff, 0x3c, 0x13, 0x01, 0xff, 0x3e, 0x14, 0x01, 0xff,
    0x3b, 0x11, 0x01, 0xff, 0x40, 0x10, 0x01, 0xff, 0x93, 0x65, 0x01, 0xff,
    0x80, 0x4f, 0x00, 0xff, 0x4c, 0x18, 0x00, 0xff, 0x52, 0x1d, 0x00, 0xff,
    0x4b, 0x16, 0x00, 0xff, 0x73, 0x3e, 0x00, 0xff, 0x98, 0x65, 0x01, 0xff,
    0x44, 0x13, 0x00, 0xff, 0x44, 0x17, 0x00, 0xff, 0x47, 0x19, 0x01, 0xff,
    0x51, 0x16, 0x00, 0xff, 0x8d, 0x4b, 0x00, 0xff, 0xff, 0xb5, 0x00, 0xff,
    0xb0, 0x65, 0x00, 0xff, 0xa3, 0x57, 0x00, 0xff, 0xa3, 0x5a, 0x00, 0xff,
    0xa3, 0x59, 0x00, 0xff, 0xa3, 0x58, 0x00, 0xff, 0x9b, 0x4c, 0x00, 0xff,
    0x9c, 0x44, 0x00, 0xff, 0xcf, 0x7f, 0x00, 0xff, 0xfa, 0xaf, 0x00, 0xff,
    0x74, 0x35, 0x01, 0xff, 0x50, 0x19, 0x01, 0xff, 0x47, 0x19, 0x01, 0xff,
    0x41, 0x15, 0x01, 0xff, 0x53, 0x21, 0x01, 0xff, 0xa1, 0x6c, 0x01, 0xff,
    0x60, 0x2d, 0x00, 0xff, 0x4e, 0x19, 0x00, 0xff, 0x58, 0x20, 0x00, 0xff,
    0x4c, 0x16, 0x00, 0xff, 0x6f, 0x3b, 0x01, 0xff, 0x9a, 0x6b, 0x01, 0xff,
    0x4c, 0x1d, 0x01, 0xff, 0x3a, 0x0f, 0x01, 0xff, 0x41, 0x15, 0x01, 0xff,
    0x3f, 0x15, 0x01, 0xff, 0x3f, 0x15, 0x01, 0xff, 0x3e, 0x14, 0x01, 0xff,
    0x3d, 0x13, 0x01, 0xff, 0x3d, 0x13, 0x01, 0xff, 0x3c, 0x13, 0x01, 0xff,
    0x3c, 0x13, 0x01, 0xff, 0x3b, 0x13, 0x01, 0xff, 0x3f, 0x14, 0x01, 0xff,
    0x37, 0x12, 0x03, 0x98, 0x00, 0x00, 0x00, 0x00, 0x00, 0x00, 0x00, 0x00,
    0x00, 0x00, 0x00, 0x00, 0x00, 0x00, 0x00, 0x00, 0x38, 0x15, 0x07, 0x91,
    0x3f, 0x13, 0x01, 0xff, 0x3a, 0x12, 0x01, 0xff, 0x3a, 0x13, 0x01, 0xff,
    0x3b, 0x13, 0x01, 0xff, 0x3b, 0x13, 0x01, 0xff, 0x3b, 0x13, 0x01, 0xff,
    0x3c, 0x13, 0x01, 0xff, 0x3c, 0x13, 0x01, 0xff, 0x3c, 0x13, 0x01, 0xff,
    0x3d, 0x13, 0x01, 0xff, 0x3e, 0x14, 0x01, 0xff, 0x3e, 0x15, 0x01, 0xff,
    0x45, 0x14, 0x01, 0xff, 0xa3, 0x72, 0x03, 0xff, 0xbd, 0x9d, 0x1a, 0xff,
    0xcc, 0xba, 0x23, 0xff, 0xbc, 0x9e, 0x1d, 0xff, 0xb1, 0x7c, 0x06, 0xff,
    0x59, 0x21, 0x00, 0xff, 0x47, 0x18, 0x01, 0xff, 0x4e, 0x1d, 0x00, 0xff,
    0x7b, 0x30, 0x00, 0xff, 0x8f, 0x44, 0x00, 0xff, 0xdd, 0xa2, 0x01, 0xff,
    0xee, 0xa0, 0x00, 0xff, 0x66, 0x2a, 0x01, 0xff, 0x52, 0x17, 0x00, 0xff,
    0x4f, 0x17, 0x00, 0xff, 0x4e, 0x17, 0x00, 0xff, 0x4f, 0x17, 0x00, 0xff,
    0x52, 0x1a, 0x00, 0xff, 0x51, 0x18, 0x00, 0xff, 0x77, 0x3c, 0x00, 0xff,
    0xfc, 0xaf, 0x00, 0xff, 0xc6, 0x8b, 0x01, 0xff, 0x79, 0x33, 0x00, 0xff,
    0x68, 0x28, 0x00, 0xff, 0x4b, 0x1c, 0x01, 0xff, 0x43, 0x14, 0x01, 0xff,
    0x6d, 0x35, 0x00, 0xff, 0xb3, 0x85, 0x09, 0xff, 0xbd, 0xa3, 0x21, 0xff,
    0xce, 0xbc, 0x21, 0xff, 0xac, 0x87, 0x13, 0xff, 0xa8, 0x72, 0x02, 0xff,
    0x58, 0x23, 0x01, 0xff, 0x3c, 0x12, 0x01, 0xff, 0x40, 0x15, 0x01, 0xff,
    0x3f, 0x14, 0x01, 0xff, 0x3e, 0x14, 0x01, 0xff, 0x3d, 0x14, 0x01, 0xff,
    0x3c, 0x13, 0x01, 0xff, 0x3b, 0x13, 0x01, 0xff, 0x3c, 0x13, 0x01, 0xff,
    0x3c, 0x13, 0x01, 0xff, 0x3b, 0x12, 0x01, 0xff, 0x3a, 0x12, 0x01, 0xff,
    0x3e, 0x13, 0x00, 0xff, 0x37, 0x12, 0x03, 0x98, 0x00, 0x00, 0x00, 0x00,
    0x00, 0x00, 0x00, 0x00, 0x00, 0x00, 0x00, 0x00, 0x00, 0x00, 0x00, 0x00,
    0x38, 0x15, 0x07, 0x91, 0x3f, 0x14, 0x01, 0xff, 0x3b, 0x13, 0x01, 0xff,
    0x3b, 0x13, 0x01, 0xff, 0x3b, 0x13, 0x01, 0xff, 0x3b, 0x13, 0x01, 0xff,
    0x3b, 0x12, 0x01, 0xff, 0x3b, 0x13, 0x01, 0xff, 0x3b, 0x13, 0x01, 0xff,
    0x3b, 0x13, 0x01, 0xff, 0x3d, 0x13, 0x01, 0xff, 0x3e, 0x14, 0x01, 0xff,
    0x44, 0x18, 0x01, 0xff, 0x51, 0x1d, 0x00, 0xff, 0xb1, 0x93, 0x10, 0xff,
    0xff, 0xff, 0x1f, 0xff, 0xff, 0xff, 0x30, 0xff, 0xff, 0xff, 0x1c, 0xff,
    0xd7, 0xbc, 0x12, 0xff, 0x61, 0x29, 0x01, 0xff, 0x47, 0x19, 0x00, 0xff,
    0x60, 0x28, 0x01, 0xff, 0xb0, 0x4c, 0x00, 0xff, 0xaf, 0x5e, 0x00, 0xff,
    0xe9, 0xbd, 0x01, 0xff, 0xe4, 0xb1, 0x01, 0xff, 0x64, 0x28, 0x00, 0xff,
    0x5e, 0x20, 0x00, 0xff, 0x60, 0x23, 0x00, 0xff, 0x5e, 0x22, 0x00, 0xff,
    0x5f, 0x22, 0x00, 0xff, 0x60, 0x22, 0x01, 0xff, 0x59, 0x1c, 0x01, 0xff,
    0x72, 0x39, 0x00, 0xff, 0xef, 0xc2, 0x01, 0xff, 0xdd, 0xa8, 0x01, 0xff,
    0x8a, 0x3f, 0x00, 0xff, 0x8c, 0x3b, 0x00, 0xff, 0x58, 0x24, 0x01, 0xff,
    0x49, 0x1b, 0x00, 0xff, 0x68, 0x34, 0x03, 0xff, 0xe1, 0xd4, 0x1a, 0xff,
    0xff, 0xff, 0x25, 0xff, 0xff, 0xff, 0x2e, 0xff, 0xff, 0xff, 0x16, 0xff,
    0xac, 0x83, 0x0b, 0xff, 0x4c, 0x18, 0x00, 0xff, 0x44, 0x17, 0x00, 0xff,
    0x40, 0x15, 0x01, 0xff, 0x3e, 0x14, 0x01, 0xff, 0x3e, 0x14, 0x01, 0xff,
    0x3d, 0x14, 0x01, 0xff, 0x3c, 0x13, 0x01, 0xff, 0x3b, 0x13, 0x01, 0xff,
    0x3c, 0x13, 0x01, 0xff, 0x3c, 0x13, 0x01, 0xff, 0x3b, 0x12, 0x01, 0xff,
    0x3b, 0x12, 0x01, 0xff, 0x3e, 0x13, 0x00, 0xff, 0x37, 0x12, 0x03, 0x98,
    0x00, 0x00, 0x00, 0x00, 0x00, 0x00, 0x00, 0x00, 0x00, 0x00, 0x00, 0x00,
    0x00, 0x00, 0x00, 0x00, 0x38, 0x15, 0x07, 0x91, 0x3e, 0x14, 0x01, 0xff,
    0x3a, 0x12, 0x01, 0xff, 0x3b, 0x13, 0x01, 0xff, 0x3a, 0x13, 0x01, 0xff,
    0x3b, 0x13, 0x01, 0xff, 0x3b, 0x13, 0x01, 0xff, 0x3b, 0x13, 0x01, 0xff,
    0x3b, 0x13, 0x01, 0xff, 0x3c, 0x13, 0x01, 0xff, 0x3d, 0x13, 0x01, 0xff,
    0x3f, 0x15, 0x01, 0xff, 0x47, 0x1a, 0x01, 0xff, 0x68, 0x37, 0x01, 0xff,
    0xe9, 0xce, 0x05, 0xff, 0xff, 0xf0, 0x08, 0xff, 0xff, 0xff, 0x18, 0xff,
    0xfe, 0xe8, 0x07, 0xff, 0xfa, 0xd5, 0x07, 0xff, 0x84, 0x54, 0x04, 0xff,
    0x48, 0x17, 0x00, 0xff, 0x4a, 0x1b, 0x01, 0xff, 0x96, 0x4c, 0x00, 0xff,
    0xc9, 0x66, 0x00, 0xff, 0xc2, 0x5b, 0x00, 0xff, 0xbd, 0x60, 0x00, 0xff,
    0xa0, 0x45, 0x00, 0xff, 0x97, 0x3e, 0x00, 0xff, 0x90, 0x3b, 0x00, 0xff,
    0x8d, 0x39, 0x00, 0xff, 0x8e, 0x39, 0x00, 0xff, 0x90, 0x3b, 0x00, 0xff,
    0x90, 0x3a, 0x00, 0xff, 0x9b, 0x45, 0x00, 0xff, 0xaa, 0x55, 0x00, 0xff,
    0xa0, 0x46, 0x00, 0xff, 0xa8, 0x53, 0x01, 0xff, 0x84, 0x40, 0x01, 0xff,
    0x4a, 0x1b, 0x01, 0xff, 0x4a, 0x19, 0x00, 0xff, 0x92, 0x6a, 0x06, 0xff,
    0xfc, 0xe8, 0x06, 0xff, 0xfd, 0xf8, 0x11, 0xff, 0xff, 0xfc, 0x16, 0xff,
    0xff, 0xe4, 0x02, 0xff, 0xdc, 0xba, 0x08, 0xff, 0x5c, 0x29, 0x01, 0xff,
    0x44, 0x17, 0x01, 0xff, 0x3f, 0x14, 0x01, 0xff, 0x3e, 0x14, 0x01, 0xff,
    0x3d, 0x14, 0x01, 0xff, 0x3c, 0x13, 0x01, 0xff, 0x3d, 0x13, 0x01, 0xff,
    0x3c, 0x13, 0x01, 0xff, 0x3b, 0x12, 0x01, 0xff, 0x3a, 0x12, 0x01, 0xff,
    0x3b, 0x12, 0x01, 0xff, 0x3b, 0x12, 0x01, 0xff, 0x3f, 0x13, 0x00, 0xff,
    0x37, 0x14, 0x03, 0x98, 0x00, 0x00, 0x00, 0x00, 0x00, 0x00, 0x00, 0x00,
    0x00, 0x00, 0x00, 0x00, 0x00, 0x00, 0x00, 0x00, 0x36, 0x13, 0x06, 0x92,
    0x3d, 0x13, 0x01, 0xff, 0x3a, 0x12, 0x01, 0xff, 0x3b, 0x12, 0x01, 0xff,
    0x3b, 0x13, 0x01, 0xff, 0x3b, 0x13, 0x01, 0xff, 0x3a, 0x12, 0x01, 0xff,
    0x3b, 0x13, 0x01, 0xff, 0x3b, 0x13, 0x01, 0xff, 0x3c, 0x12, 0x01, 0xff,
    0x3d, 0x14, 0x01, 0xff, 0x45, 0x19, 0x01, 0xff, 0x49, 0x1b, 0x01, 0xff,
    0x67, 0x32, 0x01, 0xff, 0xdc, 0xb4, 0x04, 0xff, 0xf9, 0xba, 0x00, 0xff,
    0xfb, 0xb6, 0x00, 0xff, 0xf5, 0xa1, 0x00, 0xff, 0xf5, 0xbc, 0x06, 0xff,
    0x87, 0x54, 0x03, 0xff, 0x44, 0x11, 0x00, 0xff, 0x45, 0x18, 0x00, 0xff,
    0x41, 0x16, 0x00, 0xff, 0x6b, 0x35, 0x01, 0xff, 0x9d, 0x5b, 0x01, 0xff,
    0xb9, 0x6d, 0x01, 0xff, 0xc9, 0x79, 0x01, 0xff, 0xcb, 0x78, 0x01, 0xff,
    0xc9, 0x72, 0x00, 0xff, 0xc6, 0x6e, 0x00, 0xff, 0xc6, 0x6d, 0x00, 0xff,
    0xc6, 0x6f, 0x00, 0xff, 0xc1, 0x6e, 0x01, 0xff, 0xb9, 0x6b, 0x00, 0xff,
    0xa8, 0x5f, 0x01, 0xff, 0x90, 0x4f, 0x01, 0xff, 0x67, 0x30, 0x01, 0xff,
    0x43, 0x17, 0x01, 0xff, 0x46, 0x19, 0x01, 0xff, 0x44, 0x13, 0x00, 0xff,
    0x90, 0x65, 0x04, 0xff, 0xfa, 0xcf, 0x07, 0xff, 0xf5, 0xb7, 0x00, 0xff,
    0xfa, 0xae, 0x00, 0xff, 0xfa, 0xac, 0x01, 0xff, 0xce, 0xa1, 0x07, 0xff,
    0x56, 0x25, 0x01, 0xff, 0x45, 0x18, 0x01, 0xff, 0x41, 0x16, 0x01, 0xff,
    0x3d, 0x13, 0x01, 0xff, 0x3c, 0x13, 0x01, 0xff, 0x3c, 0x13, 0x01, 0xff,
    0x3c, 0x13, 0x01, 0xff, 0x3c, 0x13, 0x01, 0xff, 0x3b, 0x13, 0x01, 0xff,
    0x3a, 0x12, 0x01, 0xff, 0x3a, 0x12, 0x01, 0xff, 0x3a, 0x11, 0x01, 0xff,
    0x3e, 0x13, 0x01, 0xff, 0x36, 0x12, 0x03, 0x99, 0x00, 0x00, 0x00, 0x00,
    0x00, 0x00, 0x00, 0x00, 0x00, 0x00, 0x00, 0x00, 0x00, 0x00, 0x00, 0x00,
    0x36, 0x13, 0x07, 0x91, 0x3d, 0x13, 0x01, 0xff, 0x3a, 0x12, 0x01, 0xff,
    0x3a, 0x12, 0x01, 0xff, 0x3b, 0x13, 0x01, 0xff, 0x3b, 0x13, 0x01, 0xff,
    0x3a, 0x12, 0x01, 0xff, 0x3c, 0x13, 0x01, 0xff, 0x3c, 0x13, 0x01, 0xff,
    0x3d, 0x13, 0x01, 0xff, 0x3d, 0x14, 0x01, 0xff, 0x4a, 0x1b, 0x01, 0xff,
    0x4c, 0x1d, 0x01, 0xff, 0x59, 0x22, 0x00, 0xff, 0xa0, 0x66, 0x03, 0xff,
    0xef, 0xb0, 0x08, 0xff, 0xf0, 0x9e, 0x04, 0xff, 0xf2, 0xa7, 0x05, 0xff,
    0xbf, 0x83, 0x04, 0xff, 0x97, 0x66, 0x00, 0xff, 0x76, 0x4a, 0x01, 0xff,
    0x49, 0x18, 0x00, 0xff, 0x3d, 0x10, 0x00, 0xff, 0x3b, 0x10, 0x00, 0xff,
    0x39, 0x0f, 0x01, 0xff, 0x44, 0x1b, 0x01, 0xff, 0x56, 0x2d, 0x01, 0xff,
    0x66, 0x3c, 0x01, 0xff, 0x70, 0x45, 0x01, 0xff, 0x7d, 0x4e, 0x01, 0xff,
    0x7d, 0x4d, 0x01, 0xff, 0x6f, 0x43, 0x01, 0xff, 0x63, 0x38, 0x01, 0xff,
    0x55, 0x2a, 0x01, 0xff, 0x46, 0x1b, 0x01, 0xff, 0x3a, 0x10, 0x01, 0xff,
    0x3b, 0x11, 0x00, 0xff, 0x3e, 0x12, 0x00, 0xff, 0x46, 0x17, 0x01, 0xff,
    0x6f, 0x46, 0x01, 0xff, 0x97, 0x69, 0x01, 0xff, 0xcd, 0x9b, 0x06, 0xff,
    0xf3, 0xae, 0x05, 0xff, 0xf0, 0x9e, 0x04, 0xff, 0xe9, 0xa8, 0x07, 0xff,
    0x8b, 0x53, 0x02, 0xff, 0x50, 0x1e, 0x00, 0xff, 0x46, 0x19, 0x01, 0xff,
    0x43, 0x17, 0x01, 0xff, 0x3d, 0x13, 0x01, 0xff, 0x3d, 0x13, 0x01, 0xff,
    0x3b, 0x13, 0x01, 0xff, 0x3c, 0x13, 0x01, 0xff, 0x3c, 0x13, 0x01, 0xff,
    0x3b, 0x13, 0x01, 0xff, 0x3b, 0x12, 0x01, 0xff, 0x3a, 0x12, 0x01, 0xff,
    0x39, 0x11, 0x01, 0xff, 0x3d, 0x12, 0x01, 0xff, 0x36, 0x12, 0x03, 0x97,
    0x00, 0x00, 0x00, 0x00, 0x00, 0x00, 0x00, 0x00, 0x00, 0x00, 0x00, 0x00,
    0x00, 0x00, 0x00, 0x00, 0x33, 0x11, 0x05, 0x81, 0x3d, 0x13, 0x01, 0xff,
    0x3a, 0x12, 0x01, 0xff, 0x3a, 0x11, 0x01, 0xff, 0x3b, 0x13, 0x01, 0xff,
    0x3b, 0x13, 0x01, 0xff, 0x3b, 0x12, 0x01, 0xff, 0x3c, 0x13, 0x01, 0xff,
    0x3d, 0x13, 0x01, 0xff, 0x3d, 0x13, 0x01, 0xff, 0x3e, 0x14, 0x01, 0xff,
    0x43, 0x18, 0x01, 0xff, 0x57, 0x24, 0x01, 0xff, 0x58, 0x24, 0x00, 0xff,
    0x6f, 0x2e, 0x00, 0xff, 0x9b, 0x55, 0x02, 0xff, 0xb4, 0x72, 0x03, 0xff,
    0xa0, 0x59, 0x02, 0xff, 0x66, 0x27, 0x00, 0xff, 0x52, 0x20, 0x01, 0xff,
    0x79, 0x4b, 0x01, 0xff, 0x8a, 0x60, 0x01, 0xff, 0x61, 0x37, 0x01, 0xff,
    0x3d, 0x0f, 0x00, 0xff, 0x3c, 0x11, 0x01, 0xff, 0x3e, 0x14, 0x01, 0xff,
    0x3c, 0x11, 0x01, 0xff, 0x3a, 0x0e, 0x00, 0xff, 0x32, 0x08, 0x00, 0xff,
    0x61, 0x29, 0x00, 0xff, 0x62, 0x28, 0x00, 0xff, 0x33, 0x08, 0x00, 0xff,
    0x3c, 0x10, 0x01, 0xff, 0x3c, 0x11, 0x01, 0xff, 0x3e, 0x14, 0x01, 0xff,
    0x3c, 0x11, 0x01, 0xff, 0x3b, 0x0f, 0x01, 0xff, 0x5c, 0x34, 0x01, 0xff,
    0x85, 0x5f, 0x01, 0xff, 0x78, 0x4c, 0x01, 0xff, 0x54, 0x23, 0x01, 0xff,
    0x6b, 0x2f, 0x01, 0xff, 0xa1, 0x62, 0x02, 0xff, 0xae, 0x6f, 0x03, 0xff,
    0x8c, 0x4a, 0x01, 0xff, 0x61, 0x28, 0x00, 0xff, 0x4f, 0x1f, 0x01, 0xff,
    0x4b, 0x1c, 0x01, 0xff, 0x40, 0x15, 0x01, 0xff, 0x3d, 0x13, 0x01, 0xff,
    0x3d, 0x13, 0x01, 0xff, 0x3c, 0x13, 0x01, 0xff, 0x3b, 0x12, 0x01, 0xff,
    0x3b, 0x12, 0x01, 0xff, 0x3b, 0x13, 0x01, 0xff, 0x3b, 0x13, 0x01, 0xff,
    0x3a, 0x12, 0x01, 0xff, 0x39, 0x11, 0x01, 0xff, 0x3c, 0x12, 0x01, 0xff,
    0x33, 0x13, 0x05, 0x86, 0x00, 0x00, 0x00, 0x00, 0x00, 0x00, 0x00, 0x00,
    0x00, 0x00, 0x00, 0x00, 0x00, 0x00, 0x00, 0x00, 0x31, 0x11, 0x05, 0x58,
    0x3b, 0x12, 0x01, 0xff, 0x3a, 0x12, 0x01, 0xff, 0x39, 0x12, 0x01, 0xff,
    0x3a, 0x12, 0x01, 0xff, 0x3b, 0x12, 0x01, 0xff, 0x3b, 0x13, 0x01, 0xff,
    0x3c, 0x13, 0x01, 0xff, 0x3e, 0x14, 0x01, 0xff, 0x3e, 0x14, 0x01, 0xff,
    0x3e, 0x14, 0x01, 0xff, 0x40, 0x15, 0x01, 0xff, 0x47, 0x1a, 0x01, 0xff,
    0x5a, 0x25, 0x01, 0xff, 0x5e, 0x28, 0x00, 0xff, 0x63, 0x29, 0x00, 0xff,
    0x62, 0x26, 0x00, 0xff, 0x5b, 0x24, 0x00, 0xff, 0x54, 0x22, 0x01, 0xff,
    0x4d, 0x1c, 0x01, 0xff, 0x41, 0x12, 0x01, 0xff, 0x4c, 0x1f, 0x01, 0xff,
    0x76, 0x4d, 0x01, 0xff, 0x81, 0x5a, 0x01, 0xff, 0x56, 0x2a, 0x01, 0xff,
    0x3b, 0x0d, 0x00, 0xff, 0x40, 0x13, 0x01, 0xff, 0x45, 0x19, 0x01, 0xff,
    0x3f, 0x0e, 0x00, 0xff, 0x77, 0x43, 0x00, 0xff, 0x7a, 0x43, 0x00, 0xff,
    0x40, 0x0f, 0x00, 0xff, 0x46, 0x19, 0x01, 0xff, 0x3f, 0x13, 0x01, 0xff,
    0x3a, 0x0e, 0x01, 0xff, 0x51, 0x28, 0x01, 0xff, 0x7b, 0x55, 0x01, 0xff,
    0x76, 0x50, 0x01, 0xff, 0x4c, 0x20, 0x01, 0xff, 0x40, 0x11, 0x01, 0xff,
    0x4d, 0x1e, 0x01, 0xff, 0x54, 0x23, 0x01, 0xff, 0x59, 0x23, 0x00, 0xff,
    0x5b, 0x23, 0x00, 0xff, 0x59, 0x25, 0x00, 0xff, 0x54, 0x22, 0x01, 0xff,
    0x4d, 0x1e, 0x01, 0xff, 0x43, 0x17, 0x01, 0xff, 0x40, 0x15, 0x01, 0xff,
    0x3f, 0x14, 0x01, 0xff, 0x3d, 0x13, 0x01, 0xff, 0x3c, 0x13, 0x01, 0xff,
    0x3a, 0x12, 0x01, 0xff, 0x3a, 0x12, 0x01, 0xff, 0x3a, 0x12, 0x01, 0xff,
    0x3a, 0x12, 0x01, 0xff, 0x39, 0x12, 0x01, 0xff, 0x39, 0x11, 0x01, 0xff,
    0x3b, 0x12, 0x01, 0xff, 0x33, 0x12, 0x08, 0x5e, 0x00, 0x00, 0x00, 0x00,
    0x00, 0x00, 0x00, 0x00, 0x00, 0x00, 0x00, 0x00, 0x00, 0x00, 0x00, 0x00,
    0x2f, 0x17, 0x0f, 0x20, 0x36, 0x11, 0x02, 0xfc, 0x39, 0x11, 0x01, 0xff,
    0x38, 0x11, 0x01, 0xff, 0x39, 0x12, 0x01, 0xff, 0x3b, 0x12, 0x01, 0xff,
    0x3b, 0x13, 0x01, 0xff, 0x3b, 0x13, 0x01, 0xff, 0x3d, 0x13, 0x01, 0xff,
    0x3e, 0x14, 0x01, 0xff, 0x3e, 0x14, 0x00, 0xff, 0x40, 0x15, 0x01, 0xff,
    0x41, 0x16, 0x01, 0xff, 0x41, 0x16, 0x01, 0xff, 0x49, 0x1b, 0x01, 0xff,
    0x4e, 0x1e, 0x01, 0xff, 0x4e, 0x1d, 0x01, 0xff, 0x4c, 0x1c, 0x01, 0xff,
    0x49, 0x1b, 0x01, 0xff, 0x44, 0x17, 0x00, 0xff, 0x43, 0x16, 0x00, 0xff,
    0x40, 0x14, 0x01, 0xff, 0x39, 0x0c, 0x00, 0xff, 0x51, 0x26, 0x01, 0xff,
    0x7e, 0x55, 0x01, 0xff, 0x7f, 0x54, 0x01, 0xff, 0x52, 0x24, 0x01, 0xff,
    0x4d, 0x1a, 0x00, 0xff, 0x7f, 0x4f, 0x0c, 0xff, 0xc3, 0xa5, 0x1e, 0xff,
    0xc1, 0xa3, 0x1d, 0xff, 0x7d, 0x4d, 0x0a, 0xff, 0x4b, 0x16, 0x00, 0xff,
    0x4f, 0x23, 0x01, 0xff, 0x76, 0x4f, 0x01, 0xff, 0x7a, 0x54, 0x01, 0xff,
    0x52, 0x28, 0x01, 0xff, 0x37, 0x0a, 0x00, 0xff, 0x3e, 0x13, 0x00, 0xff,
    0x42, 0x17, 0x01, 0xff, 0x45, 0x18, 0x01, 0xff, 0x49, 0x1b, 0x01, 0xff,
    0x4b, 0x1c, 0x01, 0xff, 0x4b, 0x1c, 0x00, 0xff, 0x4b, 0x1c, 0x00, 0xff,
    0x47, 0x19, 0x01, 0xff, 0x42, 0x16, 0x01, 0xff, 0x41, 0x15, 0x01, 0xff,
    0x3f, 0x14, 0x00, 0xff, 0x3e, 0x14, 0x01, 0xff, 0x3d, 0x13, 0x01, 0xff,
    0x3b, 0x13, 0x01, 0xff, 0x3b, 0x12, 0x01, 0xff, 0x39, 0x12, 0x01, 0xff,
    0x39, 0x11, 0x01, 0xff, 0x3a, 0x12, 0x01, 0xff, 0x39, 0x12, 0x01, 0xff,
    0x39, 0x11, 0x01, 0xff, 0x36, 0x11, 0x02, 0xfe, 0x30, 0x14, 0x0d, 0x25,
    0x00, 0x00, 0x00, 0x00, 0x00, 0x00, 0x00, 0x00, 0x00, 0x00, 0x00, 0x00,
    0x00, 0x00, 0x00, 0x00, 0x00, 0x00, 0x00, 0x00, 0x34, 0x11, 0x03, 0xc2,
    0x3b, 0x11, 0x01, 0xff, 0x38, 0x11, 0x01, 0xff, 0x39, 0x12, 0x01, 0xff,
    0x3a, 0x12, 0x01, 0xff, 0x3a, 0x12, 0x01, 0xff, 0x3b, 0x12, 0x01, 0xff,
    0x3b, 0x12, 0x01, 0xff, 0x3c, 0x13, 0x01, 0xff, 0x3e, 0x14, 0x01, 0xff,
    0x3e, 0x13, 0x00, 0xff, 0x3f, 0x14, 0x01, 0xff, 0x41, 0x15, 0x01, 0xff,
    0x41, 0x15, 0x00, 0xff, 0x40, 0x15, 0x01, 0xff, 0x42, 0x16, 0x01, 0xff,
    0x43, 0x16, 0x01, 0xff, 0x42, 0x16, 0x01, 0xff, 0x42, 0x16, 0x01, 0xff,
    0x41, 0x15, 0x00, 0xff, 0x41, 0x15, 0x00, 0xff, 0x41, 0x15, 0x01, 0xff,
    0x3c, 0x11, 0x01, 0xff, 0x38, 0x0b, 0x00, 0xff, 0x62, 0x36, 0x01, 0xff,
    0x90, 0x64, 0x00, 0xff, 0xa7, 0x7a, 0x08, 0xff, 0xf1, 0xea, 0x21, 0xff,
    0xff, 0xff, 0x2a, 0xff, 0xff, 0xff, 0x27, 0xff, 0xf1, 0xe7, 0x17, 0xff,
    0xa4, 0x77, 0x06, 0xff, 0x89, 0x60, 0x01, 0xff, 0x61, 0x38, 0x01, 0xff,
    0x39, 0x0c, 0x00, 0xff, 0x3b, 0x10, 0x00, 0xff, 0x40, 0x15, 0x01, 0xff,
    0x40, 0x15, 0x01, 0xff, 0x40, 0x15, 0x01, 0xff, 0x41, 0x16, 0x01, 0xff,
    0x42, 0x16, 0x01, 0xff, 0x42, 0x16, 0x00, 0xff, 0x41, 0x16, 0x00, 0xff,
    0x41, 0x15, 0x00, 0xff, 0x41, 0x15, 0x01, 0xff, 0x40, 0x15, 0x01, 0xff,
    0x40, 0x14, 0x01, 0xff, 0x3e, 0x14, 0x01, 0xff, 0x3d, 0x13, 0x01, 0xff,
    0x3c, 0x13, 0x01, 0xff, 0x3b, 0x13, 0x01, 0xff, 0x3a, 0x12, 0x01, 0xff,
    0x39, 0x12, 0x01, 0xff, 0x39, 0x11, 0x01, 0xff, 0x38, 0x11, 0x01, 0xff,
    0x39, 0x11, 0x01, 0xff, 0x3b, 0x11, 0x00, 0xff, 0x34, 0x11, 0x03, 0xc8,
    0x00, 0x00, 0x00, 0x00, 0x00, 0x00, 0x00, 0x00, 0x00, 0x00, 0x00, 0x00,
    0x00, 0x00, 0x00, 0x00, 0x00, 0x00, 0x00, 0x00, 0x00, 0x00, 0x00, 0x00,
    0x31, 0x12, 0x09, 0x52, 0x3a, 0x12, 0x02, 0xff, 0x38, 0x11, 0x01, 0xff,
    0x39, 0x11, 0x01, 0xff, 0x39, 0x11, 0x01, 0xff, 0x3a, 0x12, 0x01, 0xff,
    0x3b, 0x12, 0x01, 0xff, 0x3b, 0x13, 0x01, 0xff, 0x3c, 0x13, 0x01, 0xff,
    0x3d, 0x13, 0x01, 0xff, 0x3d, 0x13, 0x01, 0xff, 0x3e, 0x14, 0x00, 0xff,
    0x3f, 0x14, 0x01, 0xff, 0x3f, 0x14, 0x01, 0xff, 0x40, 0x15, 0x01, 0xff,
    0x41, 0x15, 0x01, 0xff, 0x40, 0x15, 0x00, 0xff, 0x40, 0x15, 0x01, 0xff,
    0x40, 0x15, 0x01, 0xff, 0x41, 0x15, 0x01, 0xff, 0x40, 0x15, 0x01, 0xff,
    0x3f, 0x14, 0x01, 0xff, 0x40, 0x15, 0x01, 0xff, 0x41, 0x16, 0x00, 0xff,
    0x3d, 0x10, 0x00, 0xff, 0x5d, 0x26, 0x00, 0xff, 0xd5, 0xb2, 0x08, 0xff,
    0xff, 0xf1, 0x07, 0xff, 0xfd, 0xff, 0x23, 0xff, 0xfe, 0xfd, 0x1a, 0xff,
    0xff, 0xe8, 0x02, 0xff, 0xd8, 0xb2, 0x08, 0xff, 0x5f, 0x26, 0x00, 0xff,
    0x3c, 0x0f, 0x01, 0xff, 0x41, 0x16, 0x01, 0xff, 0x40, 0x15, 0x01, 0xff,
    0x40, 0x15, 0x01, 0xff, 0x3f, 0x14, 0x01, 0xff, 0x40, 0x14, 0x01, 0xff,
    0x40, 0x15, 0x00, 0xff, 0x41, 0x16, 0x01, 0xff, 0x41, 0x15, 0x01, 0xff,
    0x3f, 0x15, 0x00, 0xff, 0x3f, 0x14, 0x00, 0xff, 0x3e, 0x14, 0x01, 0xff,
    0x3e, 0x14, 0x01, 0xff, 0x3f, 0x14, 0x01, 0xff, 0x3e, 0x14, 0x01, 0xff,
    0x3c, 0x13, 0x01, 0xff, 0x3c, 0x13, 0x01, 0xff, 0x3b, 0x12, 0x01, 0xff,
    0x3a, 0x12, 0x01, 0xff, 0x39, 0x11, 0x01, 0xff, 0x39, 0x11, 0x01, 0xff,
    0x38, 0x11, 0x01, 0xff, 0x38, 0x11, 0x01, 0xff, 0x3a, 0x12, 0x01, 0xff,
    0x30, 0x14, 0x08, 0x59, 0x00, 0x00, 0x00, 0x00, 0x00, 0x00, 0x00, 0x00,
    0x00, 0x00, 0x00, 0x00, 0x00, 0x00, 0x00, 0x00, 0x00, 0x00, 0x00, 0x00,
    0x00, 0x00, 0x00, 0x00, 0x00, 0x00, 0x00, 0x00, 0x32, 0x10, 0x03, 0xc5,
    0x3a, 0x11, 0x01, 0xff, 0x38, 0x11, 0x01, 0xff, 0x38, 0x11, 0x01, 0xff,
    0x39, 0x12, 0x01, 0xff, 0x3a, 0x12, 0x01, 0xff, 0x3b, 0x12, 0x01, 0xff,
    0x3c, 0x13, 0x01, 0xff, 0x3c, 0x13, 0x01, 0xff, 0x3c, 0x13, 0x01, 0xff,
    0x3c, 0x13, 0x01, 0xff, 0x3d, 0x13, 0x01, 0xff, 0x3e, 0x14, 0x01, 0xff,
    0x3f, 0x15, 0x01, 0xff, 0x3f, 0x14, 0x01, 0xff, 0x3f, 0x14, 0x00, 0xff,
    0x3f, 0x14, 0x01, 0xff, 0x3f, 0x14, 0x01, 0xff, 0x3f, 0x14, 0x01, 0xff,
    0x3f, 0x14, 0x01, 0xff, 0x40, 0x14, 0x01, 0xff, 0x41, 0x15, 0x01, 0xff,
    0x42, 0x16, 0x00, 0xff, 0x48, 0x1a, 0x01, 0xff, 0x56, 0x22, 0x00, 0xff,
    0xca, 0xa5, 0x04, 0xff, 0xfb, 0xca, 0x01, 0xff, 0xfc, 0xd4, 0x00, 0xff,
    0xfc, 0xc1, 0x00, 0xff, 0xf9, 0xb8, 0x03, 0xff, 0xca, 0x9c, 0x06, 0xff,
    0x57, 0x20, 0x00, 0xff, 0x48, 0x1a, 0x01, 0xff, 0x42, 0x16, 0x01, 0xff,
    0x40, 0x15, 0x01, 0xff, 0x3f, 0x14, 0x01, 0xff, 0x40, 0x15, 0x01, 0xff,
    0x40, 0x15, 0x01, 0xff, 0x3f, 0x14, 0x01, 0xff, 0x3f, 0x14, 0x01, 0xff,
    0x3f, 0x14, 0x01, 0xff, 0x3f, 0x14, 0x01, 0xff, 0x3f, 0x14, 0x00, 0xff,
    0x3e, 0x13, 0x01, 0xff, 0x3e, 0x14, 0x01, 0xff, 0x3e, 0x14, 0x01, 0xff,
    0x3d, 0x13, 0x01, 0xff, 0x3c, 0x13, 0x01, 0xff, 0x3c, 0x13, 0x01, 0xff,
    0x3b, 0x12, 0x01, 0xff, 0x3a, 0x11, 0x01, 0xff, 0x3a, 0x12, 0x01, 0xff,
    0x3a, 0x12, 0x01, 0xff, 0x38, 0x11, 0x01, 0xff, 0x3b, 0x11, 0x00, 0xff,
    0x33, 0x11, 0x03, 0xcb, 0x00, 0x00, 0xff, 0x01, 0x00, 0x00, 0x00, 0x00,
    0x00, 0x00, 0x00, 0x00, 0x00, 0x00, 0x00, 0x00, 0x00, 0x00, 0x00, 0x00,
    0x00, 0x00, 0x00, 0x00, 0x00, 0x00, 0x00, 0x00, 0x00, 0x00, 0x00, 0x00,
    0x2c, 0x13, 0x0c, 0x28, 0x35, 0x11, 0x02, 0xf6, 0x39, 0x11, 0x01, 0xff,
    0x37, 0x11, 0x01, 0xff, 0x38, 0x11, 0x01, 0xff, 0x39, 0x12, 0x01, 0xff,
    0x3a, 0x12, 0x01, 0xff, 0x3a, 0x12, 0x01, 0xff, 0x3b, 0x12, 0x01, 0xff,
    0x3b, 0x13, 0x01, 0xff, 0x3b, 0x12, 0x01, 0xff, 0x3b, 0x12, 0x01, 0xff,
    0x3c, 0x13, 0x01, 0xff, 0x3e, 0x14, 0x01, 0xff, 0x3e, 0x13, 0x01, 0xff,
    0x3d, 0x13, 0x01, 0xff, 0x3e, 0x14, 0x01, 0xff, 0x3e, 0x14, 0x01, 0xff,
    0x3f, 0x14, 0x01, 0xff, 0x3f, 0x14, 0x01, 0xff, 0x3f, 0x15, 0x01, 0xff,
    0x40, 0x15, 0x01, 0xff, 0x42, 0x17, 0x00, 0xff, 0x4b, 0x1c, 0x01, 0xff,
    0x4f, 0x1e, 0x01, 0xff, 0x97, 0x62, 0x02, 0xff, 0xf6, 0xc5, 0x06, 0xff,
    0xf6, 0xa5, 0x03, 0xff, 0xf4, 0x9c, 0x03, 0xff, 0xf3, 0xb4, 0x06, 0xff,
    0x93, 0x57, 0x02, 0xff, 0x4e, 0x1d, 0x00, 0xff, 0x4c, 0x1d, 0x01, 0xff,
    0x43, 0x17, 0x01, 0xff, 0x3f, 0x14, 0x01, 0xff, 0x40, 0x15, 0x01, 0xff,
    0x3f, 0x14, 0x01, 0xff, 0x3e, 0x13, 0x01, 0xff, 0x3e, 0x14, 0x01, 0xff,
    0x3e, 0x14, 0x01, 0xff, 0x3e, 0x14, 0x01, 0xff, 0x3f, 0x14, 0x01, 0xff,
    0x3e, 0x14, 0x01, 0xff, 0x3d, 0x13, 0x01, 0xff, 0x3d, 0x13, 0x01, 0xff,
    0x3d, 0x13, 0x01, 0xff, 0x3d, 0x13, 0x01, 0xff, 0x3c, 0x13, 0x01, 0xff,
    0x3c, 0x12, 0x01, 0xff, 0x3b, 0x12, 0x01, 0xff, 0x3a, 0x11, 0x01, 0xff,
    0x39, 0x11, 0x01, 0xff, 0x39, 0x12, 0x01, 0xff, 0x3a, 0x11, 0x01, 0xff,
    0x37, 0x11, 0x03, 0xfa, 0x32, 0x16, 0x0b, 0x2d, 0x00, 0x00, 0x00, 0x00,
    0x00, 0x00, 0x00, 0x00, 0x00, 0x00, 0x00, 0x00, 0x00, 0x00, 0x00, 0x00,
    0x00, 0x00, 0x00, 0x00, 0x00, 0x00, 0x00, 0x00, 0x00, 0x00, 0x00, 0x00,
    0x00, 0x00, 0x00, 0x00, 0x00, 0x00, 0x00, 0x00, 0x2f, 0x13, 0x09, 0x50,
    0x38, 0x12, 0x02, 0xff, 0x39, 0x11, 0x01, 0xff, 0x37, 0x11, 0x01, 0xff,
    0x38, 0x11, 0x01, 0xff, 0x39, 0x11, 0x01, 0xff, 0x3a, 0x11, 0x01, 0xff,
    0x3a, 0x12, 0x01, 0xff, 0x3b, 0x12, 0x01, 0xff, 0x3a, 0x12, 0x01, 0xff,
    0x3b, 0x12, 0x01, 0xff, 0x3c, 0x13, 0x01, 0xff, 0x3d, 0x13, 0x01, 0xff,
    0x3d, 0x13, 0x01, 0xff, 0x3d, 0x13, 0x01, 0xff, 0x3e, 0x14, 0x01, 0xff,
    0x3e, 0x14, 0x01, 0xff, 0x3e, 0x14, 0x01, 0xff, 0x3f, 0x14, 0x01, 0xff,
    0x3f, 0x14, 0x01, 0xff, 0x40, 0x15, 0x01, 0xff, 0x41, 0x16, 0x01, 0xff,
    0x4b, 0x1c, 0x01, 0xff, 0x53, 0x23, 0x01, 0xff, 0x5f, 0x26, 0x00, 0xff,
    0x9d, 0x5e, 0x03, 0xff, 0xcd, 0x91, 0x06, 0xff, 0xcd, 0x8d, 0x05, 0xff,
    0x99, 0x55, 0x01, 0xff, 0x5b, 0x22, 0x00, 0xff, 0x51, 0x22, 0x01, 0xff,
    0x4b, 0x1c, 0x01, 0xff, 0x42, 0x16, 0x01, 0xff, 0x40, 0x14, 0x00, 0xff,
    0x3f, 0x15, 0x01, 0xff, 0x3e, 0x14, 0x01, 0xff, 0x3d, 0x13, 0x01, 0xff,
    0x3e, 0x14, 0x01, 0xff, 0x3e, 0x14, 0x01, 0xff, 0x3e, 0x14, 0x01, 0xff,
    0x3d, 0x13, 0x01, 0xff, 0x3d, 0x13, 0x01, 0xff, 0x3d, 0x13, 0x01, 0xff,
    0x3d, 0x13, 0x01, 0xff, 0x3c, 0x13, 0x01, 0xff, 0x3c, 0x13, 0x01, 0xff,
    0x3c, 0x13, 0x01, 0xff, 0x3b, 0x12, 0x01, 0xff, 0x3a, 0x12, 0x01, 0xff,
    0x3a, 0x12, 0x01, 0xff, 0x38, 0x11, 0x01, 0xff, 0x3a, 0x11, 0x01, 0xff,
    0x3b, 0x12, 0x02, 0xff, 0x34, 0x14, 0x08, 0x57, 0x00, 0x00, 0x00, 0x00,
    0x00, 0x00, 0x00, 0x00, 0x00, 0x00, 0x00, 0x00, 0x00, 0x00, 0x00, 0x00,
    0x00, 0x00, 0x00, 0x00, 0x00, 0x00, 0x00, 0x00, 0x00, 0x00, 0x00, 0x00,
    0x00, 0x00, 0x00, 0x00, 0x00, 0x00, 0x00, 0x00, 0x00, 0x00, 0x00, 0x00,
    0x00, 0x00, 0x00, 0x00, 0x30, 0x12, 0x09, 0x54, 0x37, 0x12, 0x03, 0xf6,
    0x3a, 0x12, 0x01, 0xff, 0x37, 0x11, 0x01, 0xff, 0x38, 0x11, 0x01, 0xff,
    0x39, 0x12, 0x01, 0xff, 0x39, 0x12, 0x01, 0xff, 0x3a, 0x12, 0x01, 0xff,
    0x3a, 0x12, 0x01, 0xff, 0x3b, 0x12, 0x01, 0xff, 0x3c, 0x13, 0x01, 0xff,
    0x3c, 0x13, 0x01, 0xff, 0x3c, 0x12, 0x01, 0xff, 0x3d, 0x13, 0x01, 0xff,
    0x3d, 0x13, 0x01, 0xff, 0x3d, 0x13, 0x01, 0xff, 0x3d, 0x13, 0x00, 0xff,
    0x3d, 0x13, 0x01, 0xff, 0x3d, 0x14, 0x00, 0xff, 0x3f, 0x15, 0x01, 0xff,
    0x41, 0x16, 0x01, 0xff, 0x42, 0x17, 0x01, 0xff, 0x4d, 0x1e, 0x01, 0xff,
    0x58, 0x27, 0x01, 0xff, 0x60, 0x28, 0x01, 0xff, 0x6b, 0x2a, 0x00, 0xff,
    0x6a, 0x2a, 0x00, 0xff, 0x5e, 0x27, 0x00, 0xff, 0x54, 0x23, 0x01, 0xff,
    0x4c, 0x1d, 0x01, 0xff, 0x43, 0x17, 0x01, 0xff, 0x41, 0x15, 0x00, 0xff,
    0x3f, 0x14, 0x01, 0xff, 0x3e, 0x14, 0x01, 0xff, 0x3d, 0x14, 0x01, 0xff,
    0x3e, 0x14, 0x01, 0xff, 0x3d, 0x14, 0x01, 0xff, 0x3d, 0x13, 0x01, 0xff,
    0x3c, 0x13, 0x01, 0xff, 0x3c, 0x13, 0x01, 0xff, 0x3c, 0x13, 0x01, 0xff,
    0x3c, 0x13, 0x01, 0xff, 0x3b, 0x13, 0x01, 0xff, 0x3b, 0x13, 0x01, 0xff,
    0x3b, 0x12, 0x01, 0xff, 0x3b, 0x12, 0x01, 0xff, 0x3a, 0x12, 0x01, 0xff,
    0x39, 0x11, 0x01, 0xff, 0x38, 0x11, 0x01, 0xff, 0x3b, 0x12, 0x01, 0xff,
    0x37, 0x11, 0x02, 0xf9, 0x32, 0x13, 0x08, 0x5b, 0x00, 0x00, 0x00, 0x00,
    0x00, 0x00, 0x00, 0x00, 0x00, 0x00, 0x00, 0x00, 0x00, 0x00, 0x00, 0x00,
    0x00, 0x00, 0x00, 0x00, 0x00, 0x00, 0x00, 0x00, 0x00, 0x00, 0x00, 0x00,
    0x00, 0x00, 0x00, 0x00, 0x00, 0x00, 0x00, 0x00, 0x00, 0x00, 0x00, 0x00,
    0x00, 0x00, 0x00, 0x00, 0x00, 0x00, 0x00, 0x00, 0x00, 0x00, 0x00, 0x00,
    0x34, 0x14, 0x0a, 0x31, 0x36, 0x12, 0x03, 0xc6, 0x3b, 0x12, 0x02, 0xff,
    0x3a, 0x12, 0x01, 0xff, 0x39, 0x11, 0x01, 0xff, 0x39, 0x12, 0x01, 0xff,
    0x39, 0x12, 0x01, 0xff, 0x39, 0x11, 0x01, 0xff, 0x39, 0x11, 0x01, 0xff,
    0x3a, 0x11, 0x01, 0xff, 0x3b, 0x12, 0x01, 0xff, 0x3b, 0x12, 0x01, 0xff,
    0x3c, 0x12, 0x01, 0xff, 0x3c, 0x13, 0x01, 0xff, 0x3b, 0x12, 0x01, 0xff,
    0x3c, 0x12, 0x01, 0xff, 0x3c, 0x13, 0x01, 0xff, 0x3c, 0x13, 0x00, 0xff,
    0x3e, 0x13, 0x01, 0xff, 0x3f, 0x15, 0x01, 0xff, 0x41, 0x16, 0x01, 0xff,
    0x43, 0x17, 0x01, 0xff, 0x48, 0x1a, 0x01, 0xff, 0x4e, 0x1e, 0x01, 0xff,
    0x50, 0x1f, 0x01, 0xff, 0x50, 0x20, 0x01, 0xff, 0x4d, 0x1d, 0x01, 0xff,
    0x46, 0x19, 0x01, 0xff, 0x43, 0x17, 0x01, 0xff, 0x41, 0x15, 0x01, 0xff,
    0x40, 0x15, 0x01, 0xff, 0x3e, 0x14, 0x01, 0xff, 0x3d, 0x13, 0x01, 0xff,
    0x3d, 0x13, 0x01, 0xff, 0x3d, 0x14, 0x01, 0xff, 0x3d, 0x13, 0x01, 0xff,
    0x3b, 0x13, 0x01, 0xff, 0x3b, 0x12, 0x01, 0xff, 0x3b, 0x12, 0x01, 0xff,
    0x3c, 0x13, 0x01, 0xff, 0x3c, 0x12, 0x01, 0xff, 0x3b, 0x12, 0x01, 0xff,
    0x3b, 0x12, 0x01, 0xff, 0x3a, 0x12, 0x01, 0xff, 0x39, 0x11, 0x01, 0xff,
    0x39, 0x11, 0x01, 0xff, 0x3b, 0x11, 0x00, 0xff, 0x3c, 0x12, 0x01, 0xff,
    0x37, 0x12, 0x03, 0xca, 0x2f, 0x12, 0x09, 0x36, 0x00, 0x00, 0x00, 0x00,
    0x00, 0x00, 0x00, 0x00, 0x00, 0x00, 0x00, 0x00, 0x00, 0x00, 0x00, 0x00,
    0x00, 0x00, 0x00, 0x00, 0x00, 0x00, 0x00, 0x00, 0x00, 0x00, 0x00, 0x00,
    0x00, 0x00, 0x00, 0x00, 0x00, 0x00, 0x00, 0x00, 0x00, 0x00, 0x00, 0x00,
    0x00, 0x00, 0x00, 0x00, 0x00, 0x00, 0x00, 0x00, 0x00, 0x00, 0x00, 0x00,
    0x00, 0x00, 0x00, 0x00, 0x00, 0x00, 0x00, 0x00, 0x00, 0x00, 0x00, 0x00,
    0x35, 0x15, 0x07, 0x60, 0x38, 0x13, 0x03, 0xc8, 0x38, 0x12, 0x02, 0xff,
    0x3d, 0x13, 0x02, 0xff, 0x3d, 0x12, 0x01, 0xff, 0x3d, 0x12, 0x01, 0xff,
    0x3d, 0x12, 0x01, 0xff, 0x3d, 0x12, 0x01, 0xff, 0x3e, 0x12, 0x01, 0xff,
    0x3f, 0x13, 0x01, 0xff, 0x3f, 0x13, 0x01, 0xff, 0x40, 0x13, 0x01, 0xff,
    0x3f, 0x13, 0x01, 0xff, 0x3f, 0x13, 0x01, 0xff, 0x40, 0x14, 0x01, 0xff,
    0x40, 0x14, 0x01, 0xff, 0x41, 0x14, 0x01, 0xff, 0x42, 0x15, 0x00, 0xff,
    0x43, 0x16, 0x01, 0xff, 0x46, 0x17, 0x00, 0xff, 0x48, 0x19, 0x00, 0xff,
    0x49, 0x19, 0x01, 0xff, 0x49, 0x19, 0x01, 0xff, 0x48, 0x19, 0x01, 0xff,
    0x47, 0x19, 0x01, 0xff, 0x46, 0x18, 0x00, 0xff, 0x45, 0x17, 0x01, 0xff,
    0x44, 0x16, 0x01, 0xff, 0x43, 0x15, 0x00, 0xff, 0x42, 0x15, 0x01, 0xff,
    0x41, 0x15, 0x01, 0xff, 0x40, 0x14, 0x01, 0xff, 0x40, 0x14, 0x01, 0xff,
    0x40, 0x14, 0x01, 0xff, 0x40, 0x14, 0x01, 0xff, 0x3f, 0x13, 0x01, 0xff,
    0x40, 0x14, 0x01, 0xff, 0x3f, 0x13, 0x01, 0xff, 0x3f, 0x13, 0x01, 0xff,
    0x3f, 0x13, 0x01, 0xff, 0x3f, 0x13, 0x01, 0xff, 0x3f, 0x13, 0x01, 0xff,
    0x3d, 0x13, 0x01, 0xff, 0x39, 0x12, 0x02, 0xff, 0x37, 0x11, 0x03, 0xca,
    0x36, 0x14, 0x07, 0x63, 0x00, 0x7f, 0x7f, 0x02, 0x00, 0x00, 0x00, 0x00,
    0x00, 0x00, 0x00, 0x00, 0x00, 0x00, 0x00, 0x00, 0x00, 0x00, 0x00, 0x00,
    0x00, 0x00, 0x00, 0x00, 0x00, 0x00, 0x00, 0x00, 0x00, 0x00, 0x00, 0x00,
    0x00, 0x00, 0x00, 0x00, 0x00, 0x00, 0x00, 0x00, 0x00, 0x00, 0x00, 0x00,
    0x00, 0x00, 0x00, 0x00, 0x00, 0x00, 0x00, 0x00, 0x00, 0x00, 0x00, 0x00,
    0x00, 0x00, 0x00, 0x00, 0x00, 0x00, 0x00, 0x00, 0x00, 0x00, 0x00, 0x00,
    0x00, 0x00, 0x00, 0x00, 0x00, 0x00, 0x00, 0x00, 0x00, 0x00, 0x00, 0x00,
    0x31, 0x16, 0x0b, 0x2e, 0x34, 0x14, 0x07, 0x66, 0x37, 0x13, 0x05, 0x8e,
    0x37, 0x14, 0x06, 0xa2, 0x35, 0x12, 0x04, 0xa6, 0x34, 0x12, 0x04, 0xa6,
    0x35, 0x12, 0x04, 0xa6, 0x35, 0x13, 0x04, 0xa6, 0x35, 0x13, 0x04, 0xa6,
    0x35, 0x13, 0x04, 0xa6, 0x35, 0x13, 0x04, 0xa6, 0x37, 0x13, 0x04, 0xa6,
    0x37, 0x13, 0x04, 0xa6, 0x37, 0x13, 0x04, 0xa6, 0x37, 0x15, 0x04, 0xa6,
    0x38, 0x15, 0x04, 0xa6, 0x38, 0x15, 0x04, 0xa6, 0x3a, 0x17, 0x04, 0xa6,
    0x3b, 0x17, 0x04, 0xa6, 0x3d, 0x17, 0x04, 0xa6, 0x3b, 0x17, 0x04, 0xa6,
    0x3a, 0x17, 0x04, 0xa6, 0x3a, 0x15, 0x04, 0xa6, 0x3a, 0x15, 0x04, 0xa6,
    0x3a, 0x15, 0x04, 0xa6, 0x38, 0x15, 0x04, 0xa6, 0x38, 0x15, 0x04, 0xa6,
    0x37, 0x15, 0x04, 0xa6, 0x37, 0x13, 0x04, 0xa6, 0x35, 0x13, 0x04, 0xa6,
    0x35, 0x13, 0x04, 0xa6, 0x37, 0x13, 0x04, 0xa6, 0x35, 0x13, 0x04, 0xa6,
    0x35, 0x13, 0x04, 0xa6, 0x35, 0x13, 0x04, 0xa6, 0x35, 0x13, 0x04, 0xa6,
    0x35, 0x13, 0x04, 0xa6, 0x35, 0x13, 0x04, 0xa6, 0x36, 0x14, 0x04, 0xa3,
    0x37, 0x13, 0x05, 0x8f, 0x35, 0x13, 0x07, 0x68, 0x35, 0x15, 0x0a, 0x30,
    0x00, 0x00, 0x00, 0x00, 0x00, 0x00, 0x00, 0x00, 0x00, 0x00, 0x00, 0x00,
    0x00, 0x00, 0x00, 0x00, 0x00, 0x00, 0x00, 0x00, 0x00, 0x00, 0x00, 0x00,
    0x00, 0x00, 0x00, 0x00, 0x00, 0x00, 0x00, 0x00, 0x00, 0x00, 0x00, 0x00,
    0x00, 0x00, 0x00, 0x00, 0x00, 0x00, 0x00, 0x00, 0x00, 0x00, 0x00, 0x00,
    0x00, 0x00, 0x00, 0x00, 0x00, 0x00, 0x00, 0x00, 0x00, 0x00, 0x00, 0x00,
    0x00, 0x00, 0x00, 0x00, 0x00, 0x00, 0x00, 0x00, 0x00, 0x00, 0x00, 0x00,
    0x00, 0x00, 0x00, 0x00, 0x00, 0x00, 0x00, 0x00, 0x00, 0x00, 0x00, 0x00,
    0x00, 0x00, 0x00, 0x00, 0x00, 0x00, 0x00, 0x00, 0x00, 0x00, 0x00, 0x00,
    0x00, 0x00, 0x00, 0x00, 0x00, 0x00, 0x00, 0x00, 0x00, 0x00, 0x00, 0x00,
    0x00, 0x00, 0x00, 0x00, 0x00, 0x00, 0x00, 0x00, 0x00, 0x00, 0x00, 0x00,
    0x00, 0x00, 0x00, 0x00, 0x00, 0x00, 0x00, 0x00, 0x00, 0x00, 0x00, 0x00,
    0x00, 0x00, 0x00, 0x00, 0x00, 0x00, 0x00, 0x00, 0x00, 0x00, 0x00, 0x00,
    0x00, 0x00, 0x00, 0x00, 0x00, 0x00, 0x00, 0x00, 0x00, 0x00, 0x00, 0x00,
    0x00, 0x00, 0x00, 0x00, 0x00, 0x00, 0x00, 0x00, 0x00, 0x00, 0x00, 0x00,
    0x00, 0x00, 0x00, 0x00, 0x00, 0x00, 0x00, 0x00, 0x00, 0x00, 0x00, 0x00,
    0x00, 0x00, 0x00, 0x00, 0x00, 0x00, 0x00, 0x00, 0x00, 0x00, 0x00, 0x00,
    0x00, 0x00, 0x00, 0x00, 0x00, 0x00, 0x00, 0x00, 0x00, 0x00, 0x00, 0x00,
    0x00, 0x00, 0x00, 0x00, 0x00, 0x00, 0x00, 0x00, 0x00, 0x00, 0x00, 0x00,
    0x00, 0x00, 0x00, 0x00, 0x00, 0x00, 0x00, 0x00, 0x00, 0x00, 0x00, 0x00,
    0x00, 0x00, 0x00, 0x00, 0x00, 0x00, 0x00, 0x00, 0x00, 0x00, 0x00, 0x00,
    0x00, 0x00, 0x00, 0x00, 0x00, 0x00, 0x00, 0x00, 0x00, 0x00, 0x00, 0x00,
    0x00, 0x00, 0x00, 0x00, 0x00, 0x00, 0x00, 0x00, 0x00, 0x00, 0x00, 0x00,
    0x00, 0x00, 0x00, 0x00, 0x00, 0x00, 0x00, 0x00, 0x00, 0x00, 0x00, 0x00,
    0x00, 0x00, 0x00, 0x00, 0x00, 0x00, 0x00, 0x00, 0x00, 0x00, 0x00, 0x00,
    0x00, 0x00, 0x00, 0x00, 0x00, 0x00, 0x00, 0x00, 0x00, 0x00, 0x00, 0x00,
    0x00, 0x00, 0x00, 0x00, 0x00, 0x00, 0x00, 0x00, 0x00, 0x00, 0x00, 0x00,
    0x00, 0x00, 0x00, 0x00, 0x00, 0x00, 0x00, 0x00, 0x00, 0x00, 0x00, 0x00,
    0x00, 0x00, 0x00, 0x00, 0x00, 0x00, 0x00, 0x00, 0x00, 0x00, 0x00, 0x00,
    0x00, 0x00, 0x00, 0x00, 0x00, 0x00, 0x00, 0x00, 0x00, 0x00, 0x00, 0x00,
    0x00, 0x00, 0x00, 0x00, 0x00, 0x00, 0x00, 0x00, 0x00, 0x00, 0x00, 0x00,
    0x00, 0x00, 0x00, 0x00, 0x00, 0x00, 0x00, 0x00, 0x00, 0x00, 0x00, 0x00,
    0x00, 0x00, 0x00, 0x00, 0x00, 0x00, 0x00, 0x00, 0x00, 0x00, 0x00, 0x00,
    0x00, 0x00, 0x00, 0x00, 0x00, 0x00, 0x00, 0x00, 0x00, 0x00, 0x00, 0x00,
    0x00, 0x00, 0x00, 0x00, 0x00, 0x00, 0x00, 0x00, 0x00, 0x00, 0x00, 0x00,
    0x00, 0x00, 0x00, 0x00, 0x00, 0x00, 0x00, 0x00, 0x00, 0x00, 0x00, 0x00,
    0x00, 0x00, 0x00, 0x00, 0x00, 0x00, 0x00, 0x00, 0x00, 0x00, 0x00, 0x00,
    0x00, 0x00, 0x00, 0x00, 0x00, 0x00, 0x00, 0x00, 0x00, 0x00, 0x00, 0x00,
    0x00, 0x00, 0x00, 0x00, 0x00, 0x00, 0x00, 0x00, 0x00, 0x00, 0x00, 0x00,
    0x00, 0x00, 0x00, 0x00, 0x00, 0x00, 0x00, 0x00, 0x00, 0x00, 0x00, 0x00,
    0x00, 0x00, 0x00, 0x00, 0x00, 0x00, 0x00, 0x00, 0x00, 0x00, 0x00, 0x00,
    0x00, 0x00, 0x00, 0x00, 0x00, 0x00, 0x00, 0x00, 0x00, 0x00, 0x00, 0x00,
    0x00, 0x00, 0x00, 0x00, 0x00, 0x00, 0x00, 0x00, 0x00, 0x00, 0x00, 0x00,
    0x00, 0x00, 0x00, 0x00, 0x00, 0x00, 0x00, 0x00, 0x00, 0x00, 0x00, 0x00,
    0x00, 0x00, 0x00, 0x00, 0x00, 0x00, 0x00, 0x00, 0x00, 0x00, 0x00, 0x00,
    0x00, 0x00, 0x00, 0x00, 0x00, 0x00, 0x00, 0x00, 0x00, 0x00, 0x00, 0x00,
    0x00, 0x00, 0x00, 0x00, 0x00, 0x00, 0x00, 0x00, 0x00, 0x00, 0x00, 0x00,
    0x00, 0x00, 0x00, 0x00,
#endif
};

const lv_img_dsc_t loramesh_png = {
  .header.cf = LV_IMG_CF_TRUE_COLOR_ALPHA,
  .header.always_zero = 0,
  .header.reserved = 0,
  .header.w = 64,
  .header.h = 64,
  .data_size = 4096 * LV_IMG_PX_SIZE_ALPHA_BYTE,
  .data = loramesh_png_map,
};
